ckpt,block,kind,layer,incumbent,rule,L0,L_after,gain_vs_incumbent,is_best,best_gain_alt,proxy_free,proxy_same,proxy_own,proxy_fit,proxy_lookahead
100,embed,embed,-1,adam,adam,2.443095862865448,2.399706184864044,0.0,False,,1.6530909549160349,2.6401829781077826,18.970244460413394,0.3360178433931791,0.006335258483886719
100,embed,embed,-1,adam,sign,2.443095862865448,2.3973079919815063,0.002398192882537842,True,-0.0013094842433929443,1.6530909549160349,2.6401829781077826,4.908689326496941,0.3360178433931791,0.006118297576904297
100,embed,embed,-1,adam,euclid,2.443095862865448,2.4227485358715057,-0.023042351007461548,False,,0.6164816030917367,0.8201372525278172,2.1696620730770624,0.9999997615814209,0.009225845336914062
100,embed,embed,-1,adam,rows,2.443095862865448,2.404422640800476,-0.004716455936431885,False,,0.7635039479308242,1.2184408850407196,4.917314216743613,0.5243516188401443,0.00773930549621582
100,embed,embed,-1,adam,cols,2.443095862865448,2.4190163612365723,-0.019310176372528076,False,,0.7986303328505411,1.0745205659087522,2.39298637843533,0.9326348304748535,0.009421586990356445
100,embed,embed,-1,adam,spectral,2.443095862865448,2.3995376527309418,0.000168532133102417,False,,1.0574780497737266,1.8914005378471261,9.57323575612986,0.404354007427509,0.006323337554931641
100,pos,pos,-1,adam,adam,2.443095862865448,2.399706184864044,0.0,True,0.0,4.6244029963684214,10.369867606214644,80.67491037391963,0.5902500748634338,0.010350465774536133
100,pos,pos,-1,adam,sign,2.443095862865448,2.404694378376007,-0.004988193511962891,False,,4.6244029963684214,10.369867606214644,28.23021972423356,0.5902500748634338,0.007980823516845703
100,pos,pos,-1,adam,euclid,2.443095862865448,2.4068871438503265,-0.007180958986282349,False,,1.6663825972251969,3.613808440618301,21.52840982106243,1.000001072883606,0.010989904403686523
100,pos,pos,-1,adam,rows,2.443095862865448,2.4028484225273132,-0.003142237663269043,False,,2.017260960305691,4.500113119767507,28.241053422805898,0.9235971570014954,0.009996414184570312
100,pos,pos,-1,adam,cols,2.443095862865448,2.4065077006816864,-0.006801515817642212,False,,2.192546646208714,4.916466658403592,23.419348266602988,0.9815464019775391,0.01081395149230957
100,pos,pos,-1,adam,spectral,2.443095862865448,2.403936058282852,-0.004229873418807983,False,,4.310011984692307,12.51575251040496,55.94145729324546,0.49776163697242737,0.007190704345703125
100,L0.q,q,0,spectral,adam,2.443095862865448,2.4137007296085358,-0.013994544744491577,False,,6.259400751673124,9.236072066725844,60.78632802137269,0.5969512462615967,0.006862640380859375
100,L0.q,q,0,spectral,sign,2.443095862865448,2.4103023409843445,-0.010596156120300293,False,,6.259400751673124,9.236072066725844,17.682544661732447,0.5969512462615967,0.008132219314575195
100,L0.q,q,0,spectral,euclid,2.443095862865448,2.4124189615249634,-0.01271277666091919,False,,1.8406900520381078,2.622889863645985,16.342159214222296,1.0,0.010341644287109375
100,L0.q,q,0,spectral,rows,2.443095862865448,2.4129996299743652,-0.013293445110321045,False,,2.0115437813026076,3.0046665802496086,19.233906277236635,0.9364153742790222,0.009972095489501953
100,L0.q,q,0,spectral,cols,2.443095862865448,2.4127098321914673,-0.013003647327423096,False,,1.9606935291371588,2.851626831400671,18.182612281194555,0.9695957899093628,0.010114669799804688
100,L0.q,q,0,spectral,spectral,2.443095862865448,2.399706184864044,0.0,False,,1.8632064368784071,3.9896229094830153,76.78442363339668,0.29531073570251465,0.0050029754638671875
100,L0.q,q,0,spectral,spectral_head,2.443095862865448,2.401693433523178,-0.001987248659133911,False,,2.1796588696250576,4.257776476417328,62.55232112115884,0.5437202453613281,0.0066683292388916016
100,L0.q,q,0,spectral,normuon,2.443095862865448,2.3996362388134003,6.99460506439209e-05,True,9.655952453613281e-06,1.8632064368784071,3.9896229094830153,77.16370689171931,0.29531073570251465,0.005005598068237305
100,L0.q,q,0,spectral,pw05,2.443095862865448,2.4075219333171844,-0.007815748453140259,False,,1.6793196625988471,2.7613488004068283,30.5264725783452,0.5933108252924144,0.008823871612548828
100,L0.k,k,0,spectral,adam,2.443095862865448,2.4178861677646637,-0.018179982900619507,False,,3.4584427095114,4.708495862346247,8.121747218859591,0.5391411781311035,0.010245323181152344
100,L0.k,k,0,spectral,sign,2.443095862865448,2.4206576347351074,-0.020951449871063232,False,,3.4584427095114,4.708495862346247,1.9989654825929217,0.5391411781311035,0.011510610580444336
100,L0.k,k,0,spectral,euclid,2.443095862865448,2.424776703119278,-0.025070518255233765,False,,1.168222907245163,1.543727967007582,1.663732366329957,0.9999996423721313,0.012500286102294922
100,L0.k,k,0,spectral,rows,2.443095862865448,2.4224369525909424,-0.022730767726898193,False,,1.1887655995058224,1.605616217784978,1.985225138436627,0.8407382369041443,0.012661218643188477
100,L0.k,k,0,spectral,cols,2.443095862865448,2.4199721813201904,-0.02026599645614624,False,,1.1995932665595799,1.6301367952871169,2.228664382048143,0.8576971888542175,0.013987064361572266
100,L0.k,k,0,spectral,spectral,2.443095862865448,2.399706184864044,0.0,True,0.0,0.8374282755345958,1.492446785120149,15.670602008170855,0.14943327009677887,0.00606226921081543
100,L0.k,k,0,spectral,spectral_head,2.443095862865448,2.4045447409152985,-0.0048385560512542725,False,,1.0352280667220595,1.7973877100707936,10.339669546472514,0.30970925092697144,0.008876800537109375
100,L0.k,k,0,spectral,normuon,2.443095862865448,2.399760663509369,-5.447864532470703e-05,False,,0.8374282755345958,1.492446785120149,15.844574183566587,0.14943327009677887,0.006081342697143555
100,L0.k,k,0,spectral,pw05,2.443095862865448,2.4150506258010864,-0.015344440937042236,False,,0.8628469799589944,1.2364575887828126,3.3245220985696653,0.4160053685215348,0.013715267181396484
100,L0.v,v,0,spectral,adam,2.443095862865448,2.4089665710926056,-0.009260386228561401,False,,5.5214572425488555,7.360281520941932,22.364860007056368,0.6121066808700562,0.006825447082519531
100,L0.v,v,0,spectral,sign,2.443095862865448,2.4162392914295197,-0.016533106565475464,False,,5.5214572425488555,7.360281520941932,5.834001935927926,0.6121066808700562,0.010376691818237305
100,L0.v,v,0,spectral,euclid,2.443095862865448,2.4169649183750153,-0.01725873351097107,False,,1.739826720784084,2.2648976132688885,4.137977450852687,1.0000003576278687,0.012714862823486328
100,L0.v,v,0,spectral,rows,2.443095862865448,2.4200162291526794,-0.020310044288635254,False,,1.824948344918612,2.461464677432303,5.7548315208859835,0.9403268694877625,0.012513160705566406
100,L0.v,v,0,spectral,cols,2.443095862865448,2.41897389292717,-0.01926770806312561,False,,1.8576048046735485,2.4664634145604096,5.584876463057288,0.9664037823677063,0.012633800506591797
100,L0.v,v,0,spectral,spectral,2.443095862865448,2.399706184864044,0.0,False,,1.3877232658423473,2.519874034444273,30.847655183772876,0.23365837335586548,0.005855560302734375
100,L0.v,v,0,spectral,spectral_head,2.443095862865448,2.404081881046295,-0.0043756961822509766,False,,1.7785354500122021,3.115627026113953,20.429912469857314,0.5073693990707397,0.008818626403808594
100,L0.v,v,0,spectral,normuon,2.443095862865448,2.3996637761592865,4.240870475769043e-05,True,-2.6464462280273438e-05,1.3877232658423473,2.519874034444273,31.027678256049626,0.23365837335586548,0.005860328674316406
100,L0.v,v,0,spectral,pw05,2.443095862865448,2.4160585403442383,-0.016352355480194092,False,,1.4083303641500902,2.06906757145777,9.152709986323233,0.5365952969665847,0.011803150177001953
100,L0.o,o,0,spectral,adam,2.443095862865448,2.410651206970215,-0.010945022106170654,False,,5.8023209941647,8.383520559878525,26.06983274706219,0.6100863814353943,0.006374835968017578
100,L0.o,o,0,spectral,sign,2.443095862865448,2.412058502435684,-0.012352317571640015,False,,5.8023209941647,8.383520559878525,8.014640785075862,0.6100863814353943,0.010007381439208984
100,L0.o,o,0,spectral,euclid,2.443095862865448,2.4163533747196198,-0.01664718985557556,False,,2.022182685563573,2.83855017829962,6.410254018601782,1.000000238418579,0.01260232925415039
100,L0.o,o,0,spectral,rows,2.443095862865448,2.4180006086826324,-0.018294423818588257,False,,2.183682731023997,3.141494180904078,7.823478799520773,0.9683029055595398,0.012265443801879883
100,L0.o,o,0,spectral,cols,2.443095862865448,2.417030453681946,-0.01732426881790161,False,,2.148079792951689,3.119753278738286,7.8416284576833695,0.9592099785804749,0.012325763702392578
100,L0.o,o,0,spectral,spectral,2.443095862865448,2.399706184864044,0.0,False,,1.9067717884482327,3.8607790570616296,54.460454548562446,0.30346518754959106,0.005341529846191406
100,L0.o,o,0,spectral,spectral_head,2.443095862865448,2.407795876264572,-0.008089691400527954,False,,2.1898876630323296,4.0865995488352835,34.335183303877386,0.58404940366745,0.0077075958251953125
100,L0.o,o,0,spectral,normuon,2.443095862865448,2.3997006714344025,5.513429641723633e-06,True,5.751848220825195e-06,1.9067717884482327,3.8607790570616296,54.64343824615077,0.30346518754959106,0.0053369998931884766
100,L0.o,o,0,spectral,pw05,2.443095862865448,2.41329488158226,-0.013588696718215942,False,,1.773436395742586,2.8484980487975458,13.869636837551466,0.6015857930345616,0.010761022567749023
100,L0.up,up,0,spectral,adam,2.443095862865448,2.408544212579727,-0.008838027715682983,False,,24.48959467977721,39.312236463441515,141.50601988216684,0.5806624293327332,0.009536981582641602
100,L0.up,up,0,spectral,sign,2.443095862865448,2.4095294773578644,-0.00982329249382019,False,,24.48959467977721,39.312236463441515,35.61052571374135,0.5806624293327332,0.013952016830444336
100,L0.up,up,0,spectral,euclid,2.443095862865448,2.4124697744846344,-0.01276358962059021,False,,5.73797851233201,8.894814885154902,28.40273962376486,1.0000009536743164,0.018446922302246094
100,L0.up,up,0,spectral,rows,2.443095862865448,2.4115254282951355,-0.011819243431091309,False,,8.782197655755088,14.156473983220817,35.91212246729118,0.9133533239364624,0.017109155654907227
100,L0.up,up,0,spectral,cols,2.443095862865448,2.4134948551654816,-0.013788670301437378,False,,6.061556002411309,9.589984551046637,31.516257971836335,0.9774364233016968,0.017970561981201172
100,L0.up,up,0,spectral,spectral,2.443095862865448,2.399706184864044,0.0,False,,5.919811720000704,13.125650111592496,127.32398669784935,0.4356813132762909,0.009805917739868164
100,L0.up,up,0,spectral,normuon,2.443095862865448,2.3989388048648834,0.0007673799991607666,True,0.0001976490020751953,5.919811720000704,13.125650111592496,147.0421458366342,0.4356813132762909,0.009339570999145508
100,L0.up,up,0,spectral,pw05,2.443095862865448,2.408600926399231,-0.008894741535186768,False,,5.244722132557139,9.318243427769762,52.370660976351104,0.6841628426959018,0.01549220085144043
100,L0.down,down,0,spectral,adam,2.443095862865448,2.4064714312553406,-0.006765246391296387,False,,22.81302736384906,33.408726429454795,110.8537433621463,0.5785886645317078,0.005875349044799805
100,L0.down,down,0,spectral,sign,2.443095862865448,2.4088937044143677,-0.009187519550323486,False,,22.81302736384906,33.408726429454795,28.15752628157591,0.5785886645317078,0.012341499328613281
100,L0.down,down,0,spectral,euclid,2.443095862865448,2.4102568924427032,-0.010550707578659058,False,,6.088606932447818,8.587010499628326,20.97852045561672,1.0000003576278687,0.01665782928466797
100,L0.down,down,0,spectral,rows,2.443095862865448,2.4101277589797974,-0.010421574115753174,False,,6.516777145266276,9.42725974149845,24.387614078699265,0.9709520936012268,0.016417264938354492
100,L0.down,down,0,spectral,cols,2.443095862865448,2.4104263484477997,-0.010720163583755493,False,,9.063064805939696,13.257588295621478,27.729938151423905,0.9040252566337585,0.014884710311889648
100,L0.down,down,0,spectral,spectral,2.443095862865448,2.399706184864044,0.0,True,0.0,5.775469820539044,11.720821527431855,117.55485054511259,0.35023048520088196,0.008242130279541016
100,L0.down,down,0,spectral,normuon,2.443095862865448,2.399712949991226,-6.765127182006836e-06,False,,5.775469820539044,11.720821527431855,117.8308165647737,0.35023048520088196,0.00823521614074707
100,L0.down,down,0,spectral,pw05,2.443095862865448,2.4071544110774994,-0.0074482262134552,False,,5.283190729155608,8.515776302424923,40.11017149996991,0.6214915383749536,0.014297246932983398
100,L1.q,q,1,spectral,adam,2.443095862865448,2.4030100405216217,-0.0033038556575775146,False,,25.976320194208977,32.78482932366322,394.8401263101532,0.4696817994117737,0.0017185211181640625
100,L1.q,q,1,spectral,sign,2.443095862865448,2.40266090631485,-0.002954721450805664,False,,25.976320194208977,32.78482932366322,125.20081055984792,0.4696817994117737,0.00142669677734375
100,L1.q,q,1,spectral,euclid,2.443095862865448,2.403584659099579,-0.003878474235534668,False,,9.295441236002965,11.318157826734513,104.3855281934363,1.000000238418579,0.0018525123596191406
100,L1.q,q,1,spectral,rows,2.443095862865448,2.403802365064621,-0.004096180200576782,False,,8.690830555043826,10.899518864315574,123.5653062147441,0.7423785924911499,0.0017919540405273438
100,L1.q,q,1,spectral,cols,2.443095862865448,2.402176797389984,-0.0024706125259399414,False,,9.554080022943207,12.058736031199128,108.73096079447686,0.8749182820320129,0.0018765926361083984
100,L1.q,q,1,spectral,spectral,2.443095862865448,2.399706184864044,0.0,True,0.0,4.90787634256305,8.31861897712114,249.69233862398423,0.12133898586034775,0.0008358955383300781
100,L1.q,q,1,spectral,spectral_head,2.443095862865448,2.3998348116874695,-0.00012862682342529297,False,,5.79813435863122,9.291559399522418,236.1818275736478,0.22047093510627747,0.0011210441589355469
100,L1.q,q,1,spectral,normuon,2.443095862865448,2.3997398018836975,-3.361701965332031e-05,False,,4.90787634256305,8.31861897712114,257.8662513886968,0.12133898586034775,0.0008311271667480469
100,L1.q,q,1,spectral,pw05,2.443095862865448,2.4012326300144196,-0.0015264451503753662,False,,6.257589531343393,8.481838267677324,129.20014494390242,0.40463904397320294,0.0017743110656738281
100,L1.k,k,1,spectral,adam,2.443095862865448,2.4052332639694214,-0.005527079105377197,False,,18.745734171693282,19.321516423249793,314.28325132315086,0.41217321157455444,0.0014557838439941406
100,L1.k,k,1,spectral,sign,2.443095862865448,2.407856434583664,-0.008150249719619751,False,,18.745734171693282,19.321516423249793,85.94782026455984,0.41217321157455444,0.0013034343719482422
100,L1.k,k,1,spectral,euclid,2.443095862865448,2.408218890428543,-0.008512705564498901,False,,7.736840252897859,7.284394376359184,53.98698626380832,1.0,0.0014331340789794922
100,L1.k,k,1,spectral,rows,2.443095862865448,2.4080831110477448,-0.008376926183700562,False,,6.810596250841679,6.9823448931319305,82.94841259021324,0.6576141119003296,0.0016453266143798828
100,L1.k,k,1,spectral,cols,2.443095862865448,2.4065290987491608,-0.006822913885116577,False,,7.385773652030526,7.202403701199059,57.330360954375,0.8251039385795593,0.0015926361083984375
100,L1.k,k,1,spectral,spectral,2.443095862865448,2.399706184864044,0.0,False,,3.3786321580306984,4.407898095108544,139.04315742890574,0.09202708303928375,0.0008356571197509766
100,L1.k,k,1,spectral,spectral_head,2.443095862865448,2.400892496109009,-0.0011863112449645996,False,,4.185458962584601,5.702042538340265,150.42212090543134,0.15925689041614532,0.0011057853698730469
100,L1.k,k,1,spectral,normuon,2.443095862865448,2.3996996581554413,6.5267086029052734e-06,True,5.53131103515625e-05,3.3786321580306984,4.407898095108544,144.70389881859774,0.09202708303928375,0.0008337497711181641
100,L1.k,k,1,spectral,pw05,2.443095862865448,2.405022382736206,-0.005316197872161865,False,,4.730664610920682,4.896988143982279,71.51826513141293,0.3547995314863038,0.0017104148864746094
100,L1.v,v,1,spectral,adam,2.443095862865448,2.4043101966381073,-0.00460401177406311,False,,20.727655748639307,24.273198227821766,276.04138384480075,0.5552986860275269,0.0017437934875488281
100,L1.v,v,1,spectral,sign,2.443095862865448,2.4051666855812073,-0.005460500717163086,False,,20.727655748639307,24.273198227821766,67.11787347954541,0.5552986860275269,0.002736806869506836
100,L1.v,v,1,spectral,euclid,2.443095862865448,2.4097558856010437,-0.010049700736999512,False,,6.754086089640653,7.639431225569083,58.83073870016874,1.000000238418579,0.0034558773040771484
100,L1.v,v,1,spectral,rows,2.443095862865448,2.407291889190674,-0.007585704326629639,False,,7.046912592954613,8.30020600689389,68.86556454740342,0.8848515152931213,0.0033235549926757812
100,L1.v,v,1,spectral,cols,2.443095862865448,2.408442348241806,-0.00873616337776184,False,,6.8036504292520235,7.9113759089704745,61.429532505478115,0.881184995174408,0.003478527069091797
100,L1.v,v,1,spectral,spectral,2.443095862865448,2.399706184864044,0.0,False,,4.420332254925304,7.056034948629558,235.78927798113017,0.15892863273620605,0.0014193058013916016
100,L1.v,v,1,spectral,spectral_head,2.443095862865448,2.401483863592148,-0.0017776787281036377,False,,5.719684403007543,9.071038571104607,218.51350247380077,0.34033241868019104,0.001970052719116211
100,L1.v,v,1,spectral,normuon,2.443095862865448,2.3996865153312683,1.9669532775878906e-05,True,9.745359420776367e-06,4.420332254925304,7.056034948629558,243.57878726464833,0.15892863273620605,0.0014123916625976562
100,L1.v,v,1,spectral,pw05,2.443095862865448,2.406061679124832,-0.006355494260787964,False,,4.864708354336646,6.122307387987526,88.27212936795003,0.44274535652678354,0.0030641555786132812
100,L1.o,o,1,spectral,adam,2.443095862865448,2.403032660484314,-0.0033264756202697754,False,,28.835038225571687,43.89357220500517,358.66081067905316,0.5626475811004639,0.001001119613647461
100,L1.o,o,1,spectral,sign,2.443095862865448,2.4058487117290497,-0.006142526865005493,False,,28.835038225571687,43.89357220500517,84.06218288802025,0.5626475811004639,0.001977682113647461
100,L1.o,o,1,spectral,euclid,2.443095862865448,2.4073274731636047,-0.007621288299560547,False,,8.390278764988055,12.62648042146447,64.5555622477293,1.0,0.0025186538696289062
100,L1.o,o,1,spectral,rows,2.443095862865448,2.407404124736786,-0.007697939872741699,False,,8.501052491422438,13.052171688897152,81.97979276531072,0.8879427313804626,0.0024881362915039062
100,L1.o,o,1,spectral,cols,2.443095862865448,2.406439781188965,-0.006733596324920654,False,,8.514735570818171,12.889744347509472,85.86946409412721,0.869111955165863,0.0024085044860839844
100,L1.o,o,1,spectral,spectral,2.443095862865448,2.399706184864044,0.0,False,,4.575979674258869,9.553813461963653,453.6976623587108,0.136448472738266,0.0010395050048828125
100,L1.o,o,1,spectral,spectral_head,2.443095862865448,2.402414470911026,-0.0027082860469818115,False,,6.258336685106469,11.707082309087518,296.19746164699575,0.3117334842681885,0.001546621322631836
100,L1.o,o,1,spectral,normuon,2.443095862865448,2.3996913135051727,1.4871358871459961e-05,True,2.473592758178711e-06,4.575979674258869,9.553813461963653,457.9888767380043,0.136448472738266,0.001039743423461914
100,L1.o,o,1,spectral,pw05,2.443095862865448,2.405450463294983,-0.005744278430938721,False,,5.614885922988061,9.356924259740735,125.58931406160605,0.4136148832599767,0.0023615360260009766
100,L1.up,up,1,spectral,adam,2.443095862865448,2.4033998548984528,-0.0036936700344085693,False,,40.860909750147314,71.66068800574695,411.990063133163,0.5550130605697632,0.004689455032348633
100,L1.up,up,1,spectral,sign,2.443095862865448,2.402623176574707,-0.002916991710662842,False,,40.860909750147314,71.66068800574695,106.81633733296734,0.5550130605697632,0.007767915725708008
100,L1.up,up,1,spectral,euclid,2.443095862865448,2.404777407646179,-0.00507122278213501,False,,10.62147012574941,16.9837852389647,86.40996926330381,1.0000020265579224,0.010834932327270508
100,L1.up,up,1,spectral,rows,2.443095862865448,2.4029766023159027,-0.0032704174518585205,False,,16.407161133256576,28.583082942984163,108.95526564894622,0.8751278519630432,0.009590387344360352
100,L1.up,up,1,spectral,cols,2.443095862865448,2.404476523399353,-0.004770338535308838,False,,11.124746053956388,18.536539831747604,97.00296033184601,0.9711177349090576,0.010535240173339844
100,L1.up,up,1,spectral,spectral,2.443095862865448,2.399706184864044,0.0,False,,10.884879135896556,24.952016597476685,369.3822110511264,0.4037942886352539,0.0053904056549072266
100,L1.up,up,1,spectral,normuon,2.443095862865448,2.399603694677353,0.00010249018669128418,True,8.380413055419922e-05,10.884879135896556,24.952016597476685,435.2742922214729,0.4037942886352539,0.004982471466064453
100,L1.up,up,1,spectral,pw05,2.443095862865448,2.4025119245052338,-0.002805739641189575,False,,9.569750180277056,17.679686386014776,155.81477699910786,0.6592017863607574,0.008861064910888672
100,L1.down,down,1,spectral,adam,2.443095862865448,2.4018883407115936,-0.0021821558475494385,False,,49.03333694251887,84.38756828112278,371.6508011467532,0.5472270250320435,0.0028951168060302734
100,L1.down,down,1,spectral,sign,2.443095862865448,2.403237283229828,-0.0035310983657836914,False,,49.03333694251887,84.38756828112278,88.69996189904646,0.5472270250320435,0.007390260696411133
100,L1.down,down,1,spectral,euclid,2.443095862865448,2.4042111337184906,-0.004504948854446411,False,,10.91032744944359,17.219278872928665,46.62697250237074,1.0000014305114746,0.010510921478271484
100,L1.down,down,1,spectral,rows,2.443095862865448,2.404116779565811,-0.004410594701766968,False,,11.42184284944516,18.969204070501807,57.454304507889496,0.9618409872055054,0.010369062423706055
100,L1.down,down,1,spectral,cols,2.443095862865448,2.4041532576084137,-0.004447072744369507,False,,16.513588361091013,28.181518653794367,89.74804456187195,0.8558962941169739,0.008886575698852539
100,L1.down,down,1,spectral,spectral,2.443095862865448,2.399706184864044,0.0,False,,9.99699481987931,22.8215983854188,397.40448230092045,0.30841565132141113,0.004307746887207031
100,L1.down,down,1,spectral,normuon,2.443095862865448,2.39969801902771,8.165836334228516e-06,True,1.9073486328125e-06,9.99699481987931,22.8215983854188,396.50180817390356,0.30841565132141113,0.004314422607421875
100,L1.down,down,1,spectral,pw05,2.443095862865448,2.4026368260383606,-0.0029306411743164062,False,,9.127904544985817,16.725650126032647,98.09756764863043,0.5850756437783491,0.008755207061767578
100,L2.q,q,2,spectral,adam,2.443095862865448,2.4004653096199036,-0.000759124755859375,False,,48.831956669280785,77.30039155224752,540.3031256471635,0.541883647441864,0.0013723373413085938
100,L2.q,q,2,spectral,sign,2.443095862865448,2.399478107690811,0.00022807717323303223,True,0.0007492005825042725,48.831956669280785,77.30039155224752,162.80259375997207,0.541883647441864,0.0014393329620361328
100,L2.q,q,2,spectral,euclid,2.443095862865448,2.400413453578949,-0.0007072687149047852,False,,14.328736853997578,22.655385895412927,118.93474557341588,0.9999998807907104,0.002256631851196289
100,L2.q,q,2,spectral,rows,2.443095862865448,2.399802803993225,-9.66191291809082e-05,False,,15.285848889826351,24.031041965423242,166.03534643676747,0.8324416875839233,0.0018243789672851562
100,L2.q,q,2,spectral,cols,2.443095862865448,2.4002548456192017,-0.0005486607551574707,False,,15.622063892558923,25.73021106178634,124.94543379282551,0.9193637371063232,0.0020830631256103516
100,L2.q,q,2,spectral,spectral,2.443095862865448,2.399706184864044,0.0,False,,9.372208067627255,19.76665066286244,429.0794792839975,0.14072592556476593,0.0006082057952880859
100,L2.q,q,2,spectral,spectral_head,2.443095862865448,2.399568408727646,0.00013777613639831543,False,,11.585341414996217,22.588134313626025,416.15594250152185,0.26267698407173157,0.0008766651153564453
100,L2.q,q,2,spectral,normuon,2.443095862865448,2.3997475504875183,-4.1365623474121094e-05,False,,9.372208067627255,19.76665066286244,439.5599542531058,0.14072592556476593,0.0006046295166015625
100,L2.q,q,2,spectral,pw05,2.443095862865448,2.3995234966278076,0.00018268823623657227,False,,10.713723310630254,18.787216480747816,154.69656406067148,0.43468843245316047,0.0017619132995605469
100,L2.k,k,2,spectral,adam,2.443095862865448,2.401101589202881,-0.00139540433883667,False,,48.73139547401926,59.25162865972725,113.14823851208995,0.4767177700996399,0.0015916824340820312
100,L2.k,k,2,spectral,sign,2.443095862865448,2.4004035592079163,-0.0006973743438720703,False,,48.73139547401926,59.25162865972725,47.6326947518803,0.4767177700996399,0.0016884803771972656
100,L2.k,k,2,spectral,euclid,2.443095862865448,2.400182008743286,-0.00047582387924194336,False,,16.98780706472865,17.768049892615032,5.382505897417967,1.0000008344650269,0.0002753734588623047
100,L2.k,k,2,spectral,rows,2.443095862865448,2.4003370702266693,-0.0006308853626251221,False,,15.328470051369756,18.44720367490279,34.36712459266995,0.7614873647689819,0.002012014389038086
100,L2.k,k,2,spectral,cols,2.443095862865448,2.4006035029888153,-0.0008973181247711182,False,,17.318493730496666,18.84280290561278,11.19488571390564,0.8733200430870056,0.0015132427215576172
100,L2.k,k,2,spectral,spectral,2.443095862865448,2.399706184864044,0.0,True,0.0,8.511589746469385,12.951705747163603,144.3553061263395,0.11909777671098709,0.0007226467132568359
100,L2.k,k,2,spectral,spectral_head,2.443095862865448,2.3998759984970093,-0.0001698136329650879,False,,10.089544758911625,16.51150162117881,239.46111854691546,0.20928499102592468,0.0008752346038818359
100,L2.k,k,2,spectral,normuon,2.443095862865448,2.399715632200241,-9.447336196899414e-06,False,,8.511589746469385,12.951705747163603,153.1703071374656,0.11909777671098709,0.0007154941558837891
100,L2.k,k,2,spectral,pw05,2.443095862865448,2.400016665458679,-0.00031048059463500977,False,,11.2293436183613,13.269488413965604,22.85304601267294,0.4038457321317015,0.0017549991607666016
100,L2.v,v,2,spectral,adam,2.443095862865448,2.4028393924236298,-0.0031332075595855713,False,,29.66029696381396,34.80827077081347,290.3443716665625,0.5680943727493286,0.0014929771423339844
100,L2.v,v,2,spectral,sign,2.443095862865448,2.4030697643756866,-0.003363579511642456,False,,29.66029696381396,34.80827077081347,72.08605727201613,0.5680943727493286,0.0024950504302978516
100,L2.v,v,2,spectral,euclid,2.443095862865448,2.403949409723282,-0.004243224859237671,False,,9.33748452243264,10.546603405283864,61.65537704473763,0.9999997019767761,0.0034224987030029297
100,L2.v,v,2,spectral,rows,2.443095862865448,2.403614819049835,-0.003908634185791016,False,,9.833626145099446,11.692354718744966,73.70719018169748,0.8887715935707092,0.0031180381774902344
100,L2.v,v,2,spectral,cols,2.443095862865448,2.403952032327652,-0.004245847463607788,False,,9.849317596213469,11.237214232195715,70.46928656952792,0.923840343952179,0.003160715103149414
100,L2.v,v,2,spectral,spectral,2.443095862865448,2.399706184864044,0.0,False,,7.1955484000249905,11.847847026508273,362.5775213350106,0.1742989420890808,0.0011277198791503906
100,L2.v,v,2,spectral,spectral_head,2.443095862865448,2.400699257850647,-0.0009930729866027832,False,,8.806397322701242,14.659604334759123,307.6264623031893,0.3608746826648712,0.001630544662475586
100,L2.v,v,2,spectral,normuon,2.443095862865448,2.399700790643692,5.3942203521728516e-06,True,5.751848220825195e-06,7.1955484000249905,11.847847026508273,369.52112226153025,0.1742989420890808,0.0011219978332519531
100,L2.v,v,2,spectral,pw05,2.443095862865448,2.4033049941062927,-0.003598809242248535,False,,7.390711010357107,9.304817487991498,106.35228908167063,0.47333070003401573,0.002722024917602539
100,L2.o,o,2,spectral,adam,2.443095862865448,2.4013627469539642,-0.001656562089920044,False,,34.51005516043016,45.82441772943396,763.5680692186296,0.5728077292442322,0.0007164478302001953
100,L2.o,o,2,spectral,sign,2.443095862865448,2.4020301401615143,-0.0023239552974700928,False,,34.51005516043016,45.82441772943396,177.7475005884646,0.5728077292442322,0.0016753673553466797
100,L2.o,o,2,spectral,euclid,2.443095862865448,2.403009921312332,-0.003303736448287964,False,,10.975180719209837,13.779391094090446,99.3470700782552,0.9999990463256836,0.0024073123931884766
100,L2.o,o,2,spectral,rows,2.443095862865448,2.402546465396881,-0.002840280532836914,False,,11.636902488533565,15.700310838213698,128.23806766926376,0.9217526912689209,0.0022635459899902344
100,L2.o,o,2,spectral,cols,2.443095862865448,2.4029353260993958,-0.0032291412353515625,False,,12.49365473904654,16.347972414918832,171.0878275970148,0.8949536085128784,0.002087116241455078
100,L2.o,o,2,spectral,spectral,2.443095862865448,2.399706184864044,0.0,True,0.0,7.524631249281094,14.88891533273724,828.5446348959614,0.15361446142196655,0.0008051395416259766
100,L2.o,o,2,spectral,spectral_head,2.443095862865448,2.4006846249103546,-0.0009784400463104248,False,,10.362073918091093,18.88326379210806,683.8259841270519,0.33893415331840515,0.0011434555053710938
100,L2.o,o,2,spectral,normuon,2.443095862865448,2.399706542491913,-3.5762786865234375e-07,False,,7.524631249281094,14.88891533273724,834.0577857607648,0.15361446142196655,0.0008084774017333984
100,L2.o,o,2,spectral,pw05,2.443095862865448,2.4024477005004883,-0.002741515636444092,False,,8.309621440852853,12.177669129725206,193.67410375594366,0.4502632978459057,0.002001047134399414
100,L2.up,up,2,spectral,adam,2.443095862865448,2.402743875980377,-0.003037691116333008,False,,61.53434596397906,111.41233154663377,587.4961515453431,0.5552731156349182,0.0034058094024658203
100,L2.up,up,2,spectral,sign,2.443095862865448,2.402352511882782,-0.002646327018737793,False,,61.53434596397906,111.41233154663377,143.53827683785622,0.5552731156349182,0.00597381591796875
100,L2.up,up,2,spectral,euclid,2.443095862865448,2.4050903022289276,-0.005384117364883423,False,,14.049468542118548,23.40269723076255,104.32478140824564,1.0000007152557373,0.008384227752685547
100,L2.up,up,2,spectral,rows,2.443095862865448,2.402799129486084,-0.003092944622039795,False,,22.06607142501059,40.03328194930718,148.24291555893964,0.8685269951820374,0.007430076599121094
100,L2.up,up,2,spectral,cols,2.443095862865448,2.4047033488750458,-0.004997164011001587,False,,14.8890439036921,25.63321622074194,123.44113321220445,0.9676687121391296,0.008054971694946289
100,L2.up,up,2,spectral,spectral,2.443095862865448,2.399706184864044,0.0,False,,13.70248836476832,32.15923294969019,607.30617418271,0.35378897190093994,0.0035631656646728516
100,L2.up,up,2,spectral,normuon,2.443095862865448,2.3995408713817596,0.0001653134822845459,True,-2.0116567611694336e-05,13.70248836476832,32.15923294969019,699.1890578938937,0.35378897190093994,0.003335237503051758
100,L2.up,up,2,spectral,pw05,2.443095862865448,2.402504950761795,-0.0027987658977508545,False,,12.217973358943153,23.398855564752132,204.16822588261016,0.6222363119643601,0.0068280696868896484
100,L2.down,down,2,spectral,adam,2.443095862865448,2.402360737323761,-0.002654552459716797,False,,52.43361260050957,100.63654350228383,460.7363538289431,0.5364616513252258,0.002408266067504883
100,L2.down,down,2,spectral,sign,2.443095862865448,2.403412312269211,-0.003706127405166626,False,,52.43361260050957,100.63654350228383,118.81746097561353,0.5364616513252258,0.00624847412109375
100,L2.down,down,2,spectral,euclid,2.443095862865448,2.404089331626892,-0.0043831467628479,False,,12.506913579651856,22.190060147490602,84.0948449411479,1.000000238418579,0.00885462760925293
100,L2.down,down,2,spectral,rows,2.443095862865448,2.4038726687431335,-0.0041664838790893555,False,,13.088338387824734,24.665197172002955,97.42532549756932,0.954528272151947,0.00875401496887207
100,L2.down,down,2,spectral,cols,2.443095862865448,2.4040860533714294,-0.004379868507385254,False,,17.949163251479426,33.89243385709822,121.67665278106561,0.8398312330245972,0.007495403289794922
100,L2.down,down,2,spectral,spectral,2.443095862865448,2.399706184864044,0.0,False,,10.892488115915597,26.703795512132178,536.8219596346858,0.2567364275455475,0.003251791000366211
100,L2.down,down,2,spectral,normuon,2.443095862865448,2.399699956178665,6.22868537902832e-06,True,-6.16908073425293e-06,10.892488115915597,26.703795512132178,539.2043774838821,0.2567364275455475,0.003256559371948242
100,L2.down,down,2,spectral,pw05,2.443095862865448,2.403282403945923,-0.003576219081878662,False,,10.290114110490435,20.817439342890495,155.5616136886287,0.5465365081561361,0.007321357727050781
100,L3.q,q,3,spectral,adam,2.443095862865448,2.4008240699768066,-0.0011178851127624512,False,,75.88108762280372,117.70613334742788,665.219094844742,0.5775541067123413,0.0008671283721923828
100,L3.q,q,3,spectral,sign,2.443095862865448,2.400871992111206,-0.0011658072471618652,False,,75.88108762280372,117.70613334742788,207.7724061345255,0.5775541067123413,0.0009675025939941406
100,L3.q,q,3,spectral,euclid,2.443095862865448,2.4004620015621185,-0.0007558166980743408,False,,20.780744530530203,30.222520991126014,115.68592463736759,1.0000004768371582,0.0013158321380615234
100,L3.q,q,3,spectral,rows,2.443095862865448,2.400925934314728,-0.0012197494506835938,False,,22.278041100424158,35.00128404209309,203.14572995462248,0.8998449444770813,0.0012192726135253906
100,L3.q,q,3,spectral,cols,2.443095862865448,2.400454133749008,-0.0007479488849639893,False,,22.063176073224003,33.57420716315068,153.58998336327647,0.9381112456321716,0.0012440681457519531
100,L3.q,q,3,spectral,spectral,2.443095862865448,2.399706184864044,0.0,True,0.0,14.619077016994401,30.57883113986857,721.8660112823522,0.1732841283082962,0.00047016143798828125
100,L3.q,q,3,spectral,spectral_head,2.443095862865448,2.4000550508499146,-0.00034886598587036133,False,,18.325890648451182,35.39482014651426,662.6554982931297,0.3405316174030304,0.0006611347198486328
100,L3.q,q,3,spectral,normuon,2.443095862865448,2.3997165858745575,-1.0401010513305664e-05,False,,14.619077016994401,30.57883113986857,737.8995975638845,0.1732841283082962,0.0004677772521972656
100,L3.q,q,3,spectral,pw05,2.443095862865448,2.4004959762096405,-0.0007897913455963135,False,,16.01061891153004,27.0471194076173,224.825546007285,0.48462416989596724,0.0011174678802490234
100,L3.k,k,3,spectral,adam,2.443095862865448,2.400127559900284,-0.000421375036239624,False,,59.52913833622031,77.37428214004161,740.2645664498566,0.5407477617263794,0.000881195068359375
100,L3.k,k,3,spectral,sign,2.443095862865448,2.400350511074066,-0.0006443262100219727,False,,59.52913833622031,77.37428214004161,220.96083781631648,0.5407477617263794,0.0010769367218017578
100,L3.k,k,3,spectral,euclid,2.443095862865448,2.3997277319431305,-2.154707908630371e-05,False,,20.562087756526914,24.951556353110572,191.09933191541865,1.0000003576278687,0.0014541149139404297
100,L3.k,k,3,spectral,rows,2.443095862865448,2.400298833847046,-0.000592648983001709,False,,20.523359621243948,26.50545971702731,219.49294378760047,0.8641250729560852,0.001348733901977539
100,L3.k,k,3,spectral,cols,2.443095862865448,2.4003686606884003,-0.0006624758243560791,False,,21.781729959463313,27.960630009448877,209.11584852347974,0.909233808517456,0.0013494491577148438
100,L3.k,k,3,spectral,spectral,2.443095862865448,2.399706184864044,0.0,True,0.0,13.223414260357591,22.493707327579965,560.034246253957,0.15247464179992676,0.0005109310150146484
100,L3.k,k,3,spectral,spectral_head,2.443095862865448,2.399925321340561,-0.00021913647651672363,False,,16.439908456386714,28.159527186523537,558.9056739101596,0.29763901233673096,0.0007033348083496094
100,L3.k,k,3,spectral,normuon,2.443095862865448,2.399714559316635,-8.374452590942383e-06,False,,13.223414260357591,22.493707327579965,566.3986497651141,0.15247464179992676,0.0005087852478027344
100,L3.k,k,3,spectral,pw05,2.443095862865448,2.4002252221107483,-0.0005190372467041016,False,,15.373475100355142,21.221161750452193,259.4784117410019,0.45912502966284213,0.0012142658233642578
100,L3.v,v,3,spectral,adam,2.443095862865448,2.4018910825252533,-0.0021848976612091064,False,,31.856196557323376,31.688999904841594,183.43735136812245,0.5844773650169373,0.0012269020080566406
100,L3.v,v,3,spectral,sign,2.443095862865448,2.401771694421768,-0.002065509557723999,False,,31.856196557323376,31.688999904841594,37.632933217670164,0.5844773650169373,0.002273082733154297
100,L3.v,v,3,spectral,euclid,2.443095862865448,2.402675360441208,-0.0029691755771636963,False,,10.144051599164156,9.652442087346545,28.451840945215164,1.0,0.0028853416442871094
100,L3.v,v,3,spectral,rows,2.443095862865448,2.4027327597141266,-0.0030265748500823975,False,,11.037849410071264,11.269656654916341,40.10955376438961,0.9157603979110718,0.0028045177459716797
100,L3.v,v,3,spectral,cols,2.443095862865448,2.4024194180965424,-0.002713233232498169,False,,11.096807065920705,11.0340891690205,37.90785109548919,0.9302703142166138,0.002723217010498047
100,L3.v,v,3,spectral,spectral,2.443095862865448,2.399706184864044,0.0,False,,8.57720447590989,13.695754452000262,324.7466080692666,0.1642511785030365,0.0009455680847167969
100,L3.v,v,3,spectral,spectral_head,2.443095862865448,2.400322437286377,-0.0006162524223327637,False,,11.21274401616048,17.17578328137269,230.82962678935613,0.3804054856300354,0.001478433609008789
100,L3.v,v,3,spectral,normuon,2.443095862865448,2.39969938993454,6.794929504394531e-06,True,3.814697265625e-06,8.57720447590989,13.695754452000262,330.3821462450173,0.1642511785030365,0.0009448528289794922
100,L3.v,v,3,spectral,pw05,2.443095862865448,2.402261406183243,-0.0025552213191986084,False,,8.457052609220128,9.475993615648724,65.71242910188293,0.47025495494634106,0.002417325973510742
100,L3.o,o,3,spectral,adam,2.443095862865448,2.4003104865550995,-0.0006043016910552979,False,,54.15487359987062,67.41178884019232,1305.9038732329736,0.5853569507598877,0.0003600120544433594
100,L3.o,o,3,spectral,sign,2.443095862865448,2.4018188416957855,-0.002112656831741333,False,,54.15487359987062,67.41178884019232,261.6788063242553,0.5853569507598877,0.0010695457458496094
100,L3.o,o,3,spectral,euclid,2.443095862865448,2.4027405977249146,-0.0030344128608703613,False,,16.551786400857768,18.5214290977097,220.21033402409947,0.9999995827674866,0.0013544559478759766
100,L3.o,o,3,spectral,rows,2.443095862865448,2.4026785492897034,-0.0029723644256591797,False,,17.435604244497885,22.010845420293837,265.30090778080785,0.9110363125801086,0.0013568401336669922
100,L3.o,o,3,spectral,cols,2.443095862865448,2.4022792279720306,-0.00257304310798645,False,,17.785369120104832,21.293136550428077,256.05808476074054,0.8981046676635742,0.0013175010681152344
100,L3.o,o,3,spectral,spectral,2.443095862865448,2.399706184864044,0.0,True,0.0,9.846342871712414,19.33026306127384,1419.7077389617502,0.12846562266349792,0.000545501708984375
100,L3.o,o,3,spectral,spectral_head,2.443095862865448,2.400567412376404,-0.0008612275123596191,False,,13.63547947321649,24.856229928565007,1104.9783955379885,0.3323574364185333,0.0008182525634765625
100,L3.o,o,3,spectral,normuon,2.443095862865448,2.399706780910492,-5.960464477539062e-07,False,,9.846342871712414,19.33026306127384,1443.6806664606129,0.12846562266349792,0.0005452632904052734
100,L3.o,o,3,spectral,pw05,2.443095862865448,2.401909500360489,-0.002203315496444702,False,,11.800023168669828,16.01667151222833,384.05648759940345,0.4195878794536941,0.0012331008911132812
100,L3.up,up,3,spectral,adam,2.443095862865448,2.4015987515449524,-0.0018925666809082031,False,,64.42523975661028,113.1399280940003,563.1237175948081,0.5413556694984436,0.003076314926147461
100,L3.up,up,3,spectral,sign,2.443095862865448,2.4014534652233124,-0.0017472803592681885,False,,64.42523975661028,113.1399280940003,137.18256746695195,0.5413556694984436,0.005532264709472656
100,L3.up,up,3,spectral,euclid,2.443095862865448,2.4025782346725464,-0.0028720498085021973,False,,14.800350739631618,24.2062398471119,108.50289143615836,1.0000028610229492,0.00805974006652832
100,L3.up,up,3,spectral,rows,2.443095862865448,2.4019137620925903,-0.0022075772285461426,False,,22.909070609571387,40.644382540832304,138.0318513790634,0.8532338738441467,0.006999969482421875
100,L3.up,up,3,spectral,cols,2.443095862865448,2.402751237154007,-0.0030450522899627686,False,,15.548107177880562,26.413549436224184,126.89526881487751,0.9564634561538696,0.007627010345458984
100,L3.up,up,3,spectral,spectral,2.443095862865448,2.399706184864044,0.0,False,,14.257214824289958,33.25023835597892,586.7344526097212,0.3111715316772461,0.0031244754791259766
100,L3.up,up,3,spectral,normuon,2.443095862865448,2.3995511531829834,0.00015503168106079102,True,-8.335709571838379e-05,14.257214824289958,33.25023835597892,699.7618671144475,0.3111715316772461,0.002894163131713867
100,L3.up,up,3,spectral,pw05,2.443095862865448,2.401621699333191,-0.0019155144691467285,False,,12.722803439577534,24.039122756541357,196.87249530681007,0.5901037052280657,0.006542682647705078
100,L3.down,down,3,spectral,adam,2.443095862865448,2.401667594909668,-0.0019614100456237793,False,,53.30398882149407,99.96191710850687,484.8505801390489,0.5404673218727112,0.002105712890625
100,L3.down,down,3,spectral,sign,2.443095862865448,2.403485745191574,-0.0037795603275299072,False,,53.30398882149407,99.96191710850687,115.19844451868137,0.5404673218727112,0.005587100982666016
100,L3.down,down,3,spectral,euclid,2.443095862865448,2.4041030406951904,-0.00439685583114624,False,,13.985949486013814,23.496326439551606,82.73008717716081,1.0000016689300537,0.007585287094116211
100,L3.down,down,3,spectral,rows,2.443095862865448,2.4042713046073914,-0.004565119743347168,False,,14.559294483947452,26.839190117219303,97.69997341880494,0.9520409107208252,0.007543802261352539
100,L3.down,down,3,spectral,cols,2.443095862865448,2.4039778113365173,-0.0042716264724731445,False,,20.318434553519996,37.143912025743674,117.75171765423646,0.8344483375549316,0.006604909896850586
100,L3.down,down,3,spectral,spectral,2.443095862865448,2.399706184864044,0.0,False,,11.626991024060098,28.865877791591146,650.7600590861192,0.21963155269622803,0.0025124549865722656
100,L3.down,down,3,spectral,normuon,2.443095862865448,2.3996998071670532,6.377696990966797e-06,True,-3.4570693969726562e-06,11.626991024060098,28.865877791591146,653.8274644585899,0.21963155269622803,0.0025177001953125
100,L3.down,down,3,spectral,pw05,2.443095862865448,2.4033554196357727,-0.0036492347717285156,False,,11.25785178833432,22.173485243542615,159.32705721914425,0.5137952336309002,0.00635528564453125
100,head,head,4,adam,adam,2.443095862865448,2.399706184864044,0.0,False,,1.0110175354511264,2.735776161224285,5.961304670214384,0.38989263681265024,0.012176990509033203
100,head,head,4,adam,sign,2.443095862865448,2.4007165729999542,-0.0010103881359100342,False,,1.0110175354511264,2.735776161224285,1.2348650308424733,0.38989263681265024,0.012778759002685547
100,head,head,4,adam,euclid,2.443095862865448,2.4112423956394196,-0.011536210775375366,False,,0.3532103369711001,0.6590320028479383,0.324957831912337,0.9999996423721313,0.006092071533203125
100,head,head,4,adam,rows,2.443095862865448,2.407700091600418,-0.007993906736373901,False,,0.505900867726348,1.4049603497077887,1.215029552083563,0.6407410841721755,0.015468358993530273
100,head,head,4,adam,cols,2.443095862865448,2.406669944524765,-0.006963759660720825,False,,0.4481427787698685,0.8924311307664281,0.4247219014026333,0.9192410111427307,0.00877070426940918
100,head,head,4,adam,spectral,2.443095862865448,2.3940892815589905,0.005616903305053711,True,0.0033166110515594482,0.7343820257411914,2.1755172560682166,2.8183598173350752,0.3038219745342548,0.010701179504394531
300,embed,embed,-1,adam,adam,1.9387741088867188,1.8962593972682953,0.0,False,,2.0226748402192114,5.881765996952751,37.65135139242972,0.43015518188476565,0.004189252853393555
300,embed,embed,-1,adam,sign,1.9387741088867188,1.8958785384893417,0.00038085877895355225,True,-0.0007182657718658447,2.0226748402192114,5.881765996952751,11.008789786313148,0.43015518188476565,0.003287196159362793
300,embed,embed,-1,adam,euclid,1.9387741088867188,1.9005160629749298,-0.0042566657066345215,False,,0.8895618905153073,1.7819462969308502,2.3884092794255243,1.0000001192092896,0.0056067705154418945
300,embed,embed,-1,adam,rows,1.9387741088867188,1.8975618034601212,-0.0013024061918258667,False,,1.5283778733064548,4.328171366682197,10.752943428730829,0.6956262441781851,0.0041152238845825195
300,embed,embed,-1,adam,cols,1.9387741088867188,1.8998878747224808,-0.003628477454185486,False,,1.0557727941516937,2.3952212230015313,3.4239729552303575,0.9423460960388184,0.005618929862976074
300,embed,embed,-1,adam,spectral,1.9387741088867188,1.8959735482931137,0.0002858489751815796,False,,1.9781646894517653,6.344938339397236,21.759579712259963,0.5273335383488582,0.003516554832458496
300,pos,pos,-1,adam,adam,1.9387741088867188,1.8962593972682953,0.0,True,0.0,3.4661745602927625,15.880234166214482,80.2666832307343,0.5938767194747925,0.00697481632232666
300,pos,pos,-1,adam,sign,1.9387741088867188,1.8974332213401794,-0.0011738240718841553,False,,3.4661745602927625,15.880234166214482,28.545299295034013,0.5938767194747925,0.0050383806228637695
300,pos,pos,-1,adam,euclid,1.9387741088867188,1.8982333540916443,-0.001973956823348999,False,,1.3178557455797966,5.24311671601606,23.147096340932894,0.9999997615814209,0.006592750549316406
300,pos,pos,-1,adam,rows,1.9387741088867188,1.8980809301137924,-0.0018215328454971313,False,,1.8438195305525633,8.365136202017057,27.090798050671513,0.9614611268043518,0.0064089298248291016
300,pos,pos,-1,adam,cols,1.9387741088867188,1.8981645852327347,-0.001905187964439392,False,,1.4661573677022848,5.9864394191509565,26.18668312911478,0.9560402035713196,0.006399393081665039
300,pos,pos,-1,adam,spectral,1.9387741088867188,1.8969547599554062,-0.0006953626871109009,False,,3.3361140749174423,15.817789430352724,49.54282079704077,0.5231658816337585,0.004595160484313965
300,L0.q,q,0,spectral,adam,1.9387741088867188,1.8973890095949173,-0.0011296123266220093,False,,6.586462655815114,22.2996220330906,167.93338442900276,0.6007208228111267,0.0036399364471435547
300,L0.q,q,0,spectral,sign,1.9387741088867188,1.8970362842082977,-0.0007768869400024414,False,,6.586462655815114,22.2996220330906,57.24726727395321,0.6007208228111267,0.0036236047744750977
300,L0.q,q,0,spectral,euclid,1.9387741088867188,1.8986027985811234,-0.002343401312828064,False,,2.1899554999362083,7.212623400194009,50.24602740836735,1.000000238418579,0.004741787910461426
300,L0.q,q,0,spectral,rows,1.9387741088867188,1.8982537239789963,-0.0019943267107009888,False,,2.2362209639350934,7.556897079243222,58.12414742976101,0.9350818991661072,0.004514575004577637
300,L0.q,q,0,spectral,cols,1.9387741088867188,1.898391604423523,-0.002132207155227661,False,,2.288090754330785,7.661046706015819,52.665055398629576,0.9798433780670166,0.004662513732910156
300,L0.q,q,0,spectral,spectral,1.9387741088867188,1.8962593972682953,0.0,False,,1.918591086204502,8.169681187200993,122.23650111526818,0.37968942523002625,0.0026438236236572266
300,L0.q,q,0,spectral,spectral_head,1.9387741088867188,1.8969062268733978,-0.0006468296051025391,False,,2.2030013813921094,8.895347489989907,100.47077434125022,0.6515356302261353,0.003623485565185547
300,L0.q,q,0,spectral,normuon,1.9387741088867188,1.8962498903274536,9.506940841674805e-06,True,3.889203071594238e-06,1.918591086204502,8.169681187200993,123.81846760564744,0.37968942523002625,0.0026407241821289062
300,L0.q,q,0,spectral,pw05,1.9387741088867188,1.898078814148903,-0.001819416880607605,False,,1.8632091156572403,6.868239987940469,69.31323454605925,0.6643201119284049,0.004239559173583984
300,L0.k,k,0,spectral,adam,1.9387741088867188,1.9033606499433517,-0.0071012526750564575,False,,5.271934158680924,11.513615575489126,25.862538686628216,0.5783554315567017,0.004872322082519531
300,L0.k,k,0,spectral,sign,1.9387741088867188,1.9017850309610367,-0.005525633692741394,False,,5.271934158680924,11.513615575489126,7.466858198123382,0.5783554315567017,0.005250453948974609
300,L0.k,k,0,spectral,euclid,1.9387741088867188,1.904154360294342,-0.007894963026046753,False,,1.5654676588343184,3.051440139669898,5.4449476306252125,1.0000007152557373,0.006793498992919922
300,L0.k,k,0,spectral,rows,1.9387741088867188,1.9035366922616959,-0.007277294993400574,False,,1.6258200515507835,3.540362472801199,7.771357752581964,0.8990956544876099,0.006440997123718262
300,L0.k,k,0,spectral,cols,1.9387741088867188,1.9039036333560944,-0.007644236087799072,False,,1.6451786319184676,3.5506597238788644,6.839132179194353,0.9688271880149841,0.0067560672760009766
300,L0.k,k,0,spectral,spectral,1.9387741088867188,1.8962593972682953,0.0,False,,1.3150391314329293,4.624218554985129,48.36644827923994,0.31721821427345276,0.0034731626510620117
300,L0.k,k,0,spectral,spectral_head,1.9387741088867188,1.8982158601284027,-0.001956462860107422,False,,1.4914526454770964,4.977609024367565,34.94838984349277,0.5297316908836365,0.004435896873474121
300,L0.k,k,0,spectral,normuon,1.9387741088867188,1.8962516486644745,7.748603820800781e-06,True,3.3527612686157227e-06,1.3150391314329293,4.624218554985129,49.05211637097471,0.31721821427345276,0.0034627914428710938
300,L0.k,k,0,spectral,pw05,1.9387741088867188,1.9016043841838837,-0.005344986915588379,False,,1.3034571325165396,3.337144010177453,12.852428168456463,0.6061659400877527,0.006117343902587891
300,L0.v,v,0,spectral,adam,1.9387741088867188,1.9036373943090439,-0.007377997040748596,False,,2.531306977676416,7.566206766342062,20.71766519265005,0.5780195593833923,0.00918126106262207
300,L0.v,v,0,spectral,sign,1.9387741088867188,1.9000190645456314,-0.0037596672773361206,False,,2.531306977676416,7.566206766342062,7.096525324983642,0.5780195593833923,0.010337114334106445
300,L0.v,v,0,spectral,euclid,1.9387741088867188,1.903359666466713,-0.007100269198417664,False,,0.87680523568712,2.5510042903401198,6.640271056813111,1.0000009536743164,0.013280868530273438
300,L0.v,v,0,spectral,rows,1.9387741088867188,1.9017927795648575,-0.005533382296562195,False,,0.9153209759954923,2.740283892183244,6.9833290793890885,0.9143034219741821,0.012695074081420898
300,L0.v,v,0,spectral,cols,1.9387741088867188,1.9033968150615692,-0.007137417793273926,False,,0.9479317578898699,2.8808061510356366,7.445390200849723,0.961028516292572,0.013186216354370117
300,L0.v,v,0,spectral,spectral,1.9387741088867188,1.8962593972682953,0.0,False,,0.729560193836983,3.020652433553921,23.36222315328293,0.31677740812301636,0.007028460502624512
300,L0.v,v,0,spectral,spectral_head,1.9387741088867188,1.8989703953266144,-0.002710998058319092,False,,0.8807410837722267,3.4499187170133894,16.785005953721097,0.5789862275123596,0.009652495384216309
300,L0.v,v,0,spectral,normuon,1.9387741088867188,1.896129310131073,0.00013008713722229004,True,8.495151996612549e-05,0.729560193836983,3.020652433553921,24.26540895306115,0.31677740812301636,0.006987333297729492
300,L0.v,v,0,spectral,pw05,1.9387741088867188,1.9026828110218048,-0.0064234137535095215,False,,0.7299818431132735,2.5034279892238214,10.555378625884533,0.6164044835525642,0.01214134693145752
300,L0.o,o,0,spectral,adam,1.9387741088867188,1.9024476408958435,-0.006188243627548218,False,,2.4318304794835424,8.32360539479795,18.56532232765722,0.5513377785682678,0.010406255722045898
300,L0.o,o,0,spectral,sign,1.9387741088867188,1.8991501331329346,-0.0028907358646392822,False,,2.4318304794835424,8.32360539479795,6.206536630561016,0.5513377785682678,0.011515140533447266
300,L0.o,o,0,spectral,euclid,1.9387741088867188,1.90259850025177,-0.0063391029834747314,False,,0.7451294829840321,2.4973211044696657,5.10926965504055,1.0,0.01568901538848877
300,L0.o,o,0,spectral,rows,1.9387741088867188,1.9021132588386536,-0.005853861570358276,False,,0.7745700610253607,2.6620902794276087,5.5962873260979595,0.9623409509658813,0.015323042869567871
300,L0.o,o,0,spectral,cols,1.9387741088867188,1.9021404832601547,-0.005881085991859436,False,,0.7881296516257154,2.7024308964828614,6.1532948301665416,0.8694496154785156,0.014341473579406738
300,L0.o,o,0,spectral,spectral,1.9387741088867188,1.8962593972682953,0.0,False,,0.6533099118162987,2.834695960452333,18.665337640335714,0.3263252377510071,0.007953286170959473
300,L0.o,o,0,spectral,spectral_head,1.9387741088867188,1.8995807319879532,-0.003321334719657898,False,,0.7430387367191712,3.0514047715445196,13.41513257212663,0.5562363266944885,0.010671854019165039
300,L0.o,o,0,spectral,normuon,1.9387741088867188,1.896245926618576,1.3470649719238281e-05,True,-1.4901161193847656e-07,0.6533099118162987,2.834695960452333,18.706129329260552,0.3263252377510071,0.007940411567687988
300,L0.o,o,0,spectral,pw05,1.9387741088867188,1.901930183172226,-0.005670785903930664,False,,0.6341346272510371,2.369925459258902,7.871689468165137,0.6239370431172003,0.014023542404174805
300,L0.up,up,0,spectral,adam,1.9387741088867188,1.8995327651500702,-0.0032733678817749023,False,,10.622079852325776,39.16212667633252,103.65716506494778,0.5881410837173462,0.012536287307739258
300,L0.up,up,0,spectral,sign,1.9387741088867188,1.898102030158043,-0.0018426328897476196,False,,10.622079852325776,39.16212667633252,32.39975713581157,0.5881410837173462,0.013051509857177734
300,L0.up,up,0,spectral,euclid,1.9387741088867188,1.9011968821287155,-0.004937484860420227,False,,2.7833338728135035,9.814065496622609,28.253706819381254,1.0000005960464478,0.017215728759765625
300,L0.up,up,0,spectral,rows,1.9387741088867188,1.9002889394760132,-0.0040295422077178955,False,,4.161633260536638,15.530959011148813,32.2128653533135,0.9281877279281616,0.016200900077819824
300,L0.up,up,0,spectral,cols,1.9387741088867188,1.9010698795318604,-0.0048104822635650635,False,,2.9409027747559664,10.50252414990862,29.513370560488312,0.9744959473609924,0.016937255859375
300,L0.up,up,0,spectral,spectral,1.9387741088867188,1.8962593972682953,0.0,False,,2.589366392589498,11.778612623035379,83.80994106628704,0.4338720142841339,0.009731888771057129
300,L0.up,up,0,spectral,normuon,1.9387741088867188,1.8958106935024261,0.0004487037658691406,True,0.00023196637630462646,2.589366392589498,11.778612623035379,92.2113267653573,0.4338720142841339,0.009357452392578125
300,L0.up,up,0,spectral,pw05,1.9387741088867188,1.9001946598291397,-0.003935262560844421,False,,2.431991385847451,9.60731376942267,40.26133758943758,0.6857312053990717,0.015224695205688477
300,L0.down,down,0,spectral,adam,1.9387741088867188,1.9001989513635635,-0.0039395540952682495,False,,13.500766699477099,46.81951275337523,124.40455616601713,0.5791245698928833,0.01002037525177002
300,L0.down,down,0,spectral,sign,1.9387741088867188,1.8975405246019363,-0.0012811273336410522,False,,13.500766699477099,46.81951275337523,37.626875677868554,0.5791245698928833,0.011079788208007812
300,L0.down,down,0,spectral,euclid,1.9387741088867188,1.899153709411621,-0.0028943121433258057,False,,3.4147077332716624,11.30553803169991,29.868494650429966,0.9999989867210388,0.015114426612854004
300,L0.down,down,0,spectral,rows,1.9387741088867188,1.8993050754070282,-0.00304567813873291,False,,3.6160501297534293,12.376485493649865,32.454296411313045,0.983296275138855,0.014820694923400879
300,L0.down,down,0,spectral,cols,1.9387741088867188,1.8990141302347183,-0.0027547329664230347,False,,4.843620077782527,16.723534594136453,37.02186788234868,0.9068291187286377,0.0138167142868042
300,L0.down,down,0,spectral,spectral,1.9387741088867188,1.8962593972682953,0.0,False,,3.564220521362898,16.14158516418452,125.59123602879166,0.5322460532188416,0.008793473243713379
300,L0.down,down,0,spectral,normuon,1.9387741088867188,1.896255537867546,3.859400749206543e-06,True,1.169741153717041e-05,3.564220521362898,16.14158516418452,126.99714992466994,0.5322460532188416,0.008795380592346191
300,L0.down,down,0,spectral,pw05,1.9387741088867188,1.8982575684785843,-0.0019981712102890015,False,,3.1619087930958343,12.114158396205129,51.240322216634425,0.7428082159707666,0.013126492500305176
300,L1.q,q,1,spectral,adam,1.9387741088867188,1.8978177607059479,-0.0015583634376525879,False,,18.004203001967408,69.46703091839541,299.5431622078945,0.6026391983032227,0.0017561912536621094
300,L1.q,q,1,spectral,sign,1.9387741088867188,1.8972069919109344,-0.0009475946426391602,False,,18.004203001967408,69.46703091839541,92.75641742678638,0.6026391983032227,0.0017691850662231445
300,L1.q,q,1,spectral,euclid,1.9387741088867188,1.897484838962555,-0.0012254416942596436,False,,5.254183155313093,19.841795493791075,78.8804809442458,0.9999992251396179,0.0023469924926757812
300,L1.q,q,1,spectral,rows,1.9387741088867188,1.8973139524459839,-0.0010545551776885986,False,,5.629351630682492,21.65937262393267,97.2691448697087,0.945624053478241,0.0021758079528808594
300,L1.q,q,1,spectral,cols,1.9387741088867188,1.8973563462495804,-0.0010969489812850952,False,,5.543514907163235,21.576414193374273,85.60408445583708,0.9668283462524414,0.002286076545715332
300,L1.q,q,1,spectral,spectral,1.9387741088867188,1.8962593972682953,0.0,False,,4.700634888391841,21.498098228230937,355.4477130972847,0.3251907527446747,0.0010620355606079102
300,L1.q,q,1,spectral,spectral_head,1.9387741088867188,1.8966715633869171,-0.00041216611862182617,False,,5.2737679036510485,23.143188000034698,294.77446896881,0.5407798886299133,0.0014053583145141602
300,L1.q,q,1,spectral,normuon,1.9387741088867188,1.896251693367958,7.703900337219238e-06,True,-4.157423973083496e-06,4.700634888391841,21.498098228230937,362.5719944314202,0.3251907527446747,0.001059412956237793
300,L1.q,q,1,spectral,pw05,1.9387741088867188,1.8968687653541565,-0.0006093680858612061,False,,4.528128688408695,18.71012926906395,133.69907532686926,0.6185625434412738,0.002001643180847168
300,L1.k,k,1,spectral,adam,1.9387741088867188,1.8982126712799072,-0.0019532740116119385,False,,15.711209230461252,54.50837503270509,280.705927467977,0.5679274797439575,0.0017510652542114258
300,L1.k,k,1,spectral,sign,1.9387741088867188,1.8976126164197922,-0.0013532191514968872,False,,15.711209230461252,54.50837503270509,85.79607273537589,0.5679274797439575,0.0018820762634277344
300,L1.k,k,1,spectral,euclid,1.9387741088867188,1.8981507271528244,-0.0018913298845291138,False,,4.946263694602296,16.512865405655194,76.17129532853129,1.0000003576278687,0.0024532079696655273
300,L1.k,k,1,spectral,rows,1.9387741088867188,1.8979091346263885,-0.0016497373580932617,False,,5.103089373462525,17.61587814880161,86.2119600838201,0.8998579978942871,0.002306342124938965
300,L1.k,k,1,spectral,cols,1.9387741088867188,1.8981709480285645,-0.001911550760269165,False,,5.128935908311135,17.472058622237252,80.96628616855291,0.9556920528411865,0.002404928207397461
300,L1.k,k,1,spectral,spectral,1.9387741088867188,1.8962593972682953,0.0,False,,3.9967084467670015,16.289350741011877,219.82483482502755,0.2926364243030548,0.0011970996856689453
300,L1.k,k,1,spectral,spectral_head,1.9387741088867188,1.8965284526348114,-0.0002690553665161133,False,,4.461160912260054,18.410511513836884,219.20571455162806,0.4470461308956146,0.0014727115631103516
300,L1.k,k,1,spectral,normuon,1.9387741088867188,1.8962581902742386,1.2069940567016602e-06,True,-5.230307579040527e-06,3.9967084467670015,16.289350741011877,223.15009959872725,0.2926364243030548,0.001196146011352539
300,L1.k,k,1,spectral,pw05,1.9387741088867188,1.897595688700676,-0.0013362914323806763,False,,4.0614483019319385,14.741064191474665,109.1944385305901,0.5896277370464599,0.0021507740020751953
300,L1.v,v,1,spectral,adam,1.9387741088867188,1.8981872648000717,-0.0019278675317764282,False,,11.886879307252812,33.29515403300787,179.10404195205297,0.5853256583213806,0.0024935007095336914
300,L1.v,v,1,spectral,sign,1.9387741088867188,1.8976700007915497,-0.0014106035232543945,False,,11.886879307252812,33.29515403300787,51.20386531264978,0.5853256583213806,0.0030176639556884766
300,L1.v,v,1,spectral,euclid,1.9387741088867188,1.8991330564022064,-0.002873659133911133,False,,3.54488361475627,9.32500079791021,40.132026020969455,1.000000238418579,0.004024505615234375
300,L1.v,v,1,spectral,rows,1.9387741088867188,1.8983256667852402,-0.0020662695169448853,False,,3.7227441049814414,10.49244033131553,53.84153758009075,0.9254164695739746,0.003711700439453125
300,L1.v,v,1,spectral,cols,1.9387741088867188,1.8986030668020248,-0.0023436695337295532,False,,3.7494744957246455,10.458909008765932,50.986155263734844,0.9431817531585693,0.0037622451782226562
300,L1.v,v,1,spectral,spectral,1.9387741088867188,1.8962593972682953,0.0,False,,3.1397281019750496,12.574050413365608,374.7677270416087,0.2835935056209564,0.0014955997467041016
300,L1.v,v,1,spectral,spectral_head,1.9387741088867188,1.8964021503925323,-0.00014275312423706055,False,,3.6043456779786243,14.060431140150742,252.88114031219808,0.5042110085487366,0.002112746238708496
300,L1.v,v,1,spectral,normuon,1.9387741088867188,1.896253690123558,5.707144737243652e-06,True,-4.51505184173584e-06,3.1397281019750496,12.574050413365608,377.9446379121498,0.2835935056209564,0.0014979839324951172
300,L1.v,v,1,spectral,pw05,1.9387741088867188,1.8976812809705734,-0.0014218837022781372,False,,3.0265252380030585,9.51424961506248,96.02002057044415,0.573192902504999,0.0031020641326904297
300,L1.o,o,1,spectral,adam,1.9387741088867188,1.8981444388628006,-0.00188504159450531,False,,14.073767112981807,54.74139146701007,878.7036373933961,0.6058602333068848,0.0018399953842163086
300,L1.o,o,1,spectral,sign,1.9387741088867188,1.8979046642780304,-0.0016452670097351074,False,,14.073767112981807,54.74139146701007,306.8816193968533,0.6058602333068848,0.001909017562866211
300,L1.o,o,1,spectral,euclid,1.9387741088867188,1.8986174315214157,-0.0023580342531204224,False,,4.812758229851885,18.198047105866447,284.7661225418625,1.0000003576278687,0.002462148666381836
300,L1.o,o,1,spectral,rows,1.9387741088867188,1.8984959125518799,-0.0022365152835845947,False,,5.047264644035948,19.841187991810965,305.66049390374803,0.9741759896278381,0.0024024248123168945
300,L1.o,o,1,spectral,cols,1.9387741088867188,1.8986290395259857,-0.0023696422576904297,False,,4.9639141919517,19.181998003950635,311.1048654419509,0.9471846222877502,0.0023751258850097656
300,L1.o,o,1,spectral,spectral,1.9387741088867188,1.8962593972682953,0.0,True,0.0,4.243994172191953,20.88209248195371,977.8816714001143,0.36690452694892883,0.0012896060943603516
300,L1.o,o,1,spectral,spectral_head,1.9387741088867188,1.8966577500104904,-0.0003983527421951294,False,,4.60928063783853,21.1359056107753,683.7848812757283,0.5737705230712891,0.0016796588897705078
300,L1.o,o,1,spectral,normuon,1.9387741088867188,1.8962595909833908,-1.9371509552001953e-07,False,,4.243994172191953,20.88209248195371,981.6736942353294,0.36690452694892883,0.001290440559387207
300,L1.o,o,1,spectral,pw05,1.9387741088867188,1.8977021872997284,-0.0014427900314331055,False,,4.097768181437511,17.496019827988945,440.6084523950229,0.6469230751361064,0.002150893211364746
300,L1.up,up,1,spectral,adam,1.9387741088867188,1.8997647017240524,-0.003505304455757141,False,,20.467502452569384,83.55569594211127,200.3331462416223,0.5457669496536255,0.00794672966003418
300,L1.up,up,1,spectral,sign,1.9387741088867188,1.8976863473653793,-0.0014269500970840454,False,,20.467502452569384,83.55569594211127,64.32595908599876,0.5457669496536255,0.00799107551574707
300,L1.up,up,1,spectral,euclid,1.9387741088867188,1.9001346677541733,-0.0038752704858779907,False,,4.577075091149392,17.02395392760267,46.66538086342546,1.0000003576278687,0.011120796203613281
300,L1.up,up,1,spectral,rows,1.9387741088867188,1.899043396115303,-0.0027839988470077515,False,,6.502326124860342,26.45835931630684,65.88972047168757,0.8600292801856995,0.00997459888458252
300,L1.up,up,1,spectral,cols,1.9387741088867188,1.899854615330696,-0.003595218062400818,False,,4.758315938366216,18.34172456392267,52.75235564818527,0.956492006778717,0.010690450668334961
300,L1.up,up,1,spectral,spectral,1.9387741088867188,1.8962593972682953,0.0,False,,4.332507260864909,20.914870396824966,231.5012423491253,0.4336276054382324,0.005711197853088379
300,L1.up,up,1,spectral,normuon,1.9387741088867188,1.895815148949623,0.0004442483186721802,True,0.00030331313610076904,4.332507260864909,20.914870396824966,263.5927669511791,0.4336276054382324,0.005410313606262207
300,L1.up,up,1,spectral,pw05,1.9387741088867188,1.898837372660637,-0.0025779753923416138,False,,4.006365696384787,16.837869194220115,85.93374363154018,0.666241062928713,0.009291887283325195
300,L1.down,down,1,spectral,adam,1.9387741088867188,1.897746816277504,-0.0014874190092086792,False,,28.68697615699112,121.5278170477559,422.3253522726694,0.5458627939224243,0.004962325096130371
300,L1.down,down,1,spectral,sign,1.9387741088867188,1.896819144487381,-0.0005597472190856934,False,,28.68697615699112,121.5278170477559,123.69442612069064,0.5458627939224243,0.005213379859924316
300,L1.down,down,1,spectral,euclid,1.9387741088867188,1.8978103250265121,-0.001550927758216858,False,,6.777728684749385,27.497857666347368,63.76497841295662,1.0000005960464478,0.0075109004974365234
300,L1.down,down,1,spectral,rows,1.9387741088867188,1.8977484852075577,-0.0014890879392623901,False,,7.09328269012365,29.289117137965878,75.02901459202779,0.9855227470397949,0.007386326789855957
300,L1.down,down,1,spectral,cols,1.9387741088867188,1.8975763022899628,-0.0013169050216674805,False,,9.972988914126535,42.09525755294264,122.77636715345321,0.8552770018577576,0.006529569625854492
300,L1.down,down,1,spectral,spectral,1.9387741088867188,1.8962593972682953,0.0,True,0.0,7.211552045322397,35.27763198857994,423.366866284256,0.5424746870994568,0.004321575164794922
300,L1.down,down,1,spectral,normuon,1.9387741088867188,1.8962621241807938,-2.726912498474121e-06,False,,7.211552045322397,35.27763198857994,426.9559963045497,0.5424746870994568,0.004322052001953125
300,L1.down,down,1,spectral,pw05,1.9387741088867188,1.8974557667970657,-0.0011963695287704468,False,,6.375506257649337,28.105120724722692,140.8710723675462,0.7503133367574153,0.006473183631896973
300,L2.q,q,2,spectral,adam,1.9387741088867188,1.8964578360319138,-0.00019843876361846924,False,,13.640088365323082,56.95131635817301,169.487108366826,0.5658794045448303,0.0018198490142822266
300,L2.q,q,2,spectral,sign,1.9387741088867188,1.8971473276615143,-0.0008879303932189941,False,,13.640088365323082,56.95131635817301,57.231197614375574,0.5658794045448303,0.0018606185913085938
300,L2.q,q,2,spectral,euclid,1.9387741088867188,1.8976593613624573,-0.0013999640941619873,False,,4.520104370744335,18.661915464817454,34.292798192603584,0.9999995827674866,0.002461671829223633
300,L2.q,q,2,spectral,rows,1.9387741088867188,1.8974782079458237,-0.0012188106775283813,False,,4.746305735758924,19.89024253915925,61.96084048028375,0.8912222385406494,0.0023192167282104492
300,L2.q,q,2,spectral,cols,1.9387741088867188,1.8974498957395554,-0.0011904984712600708,False,,4.830402968091704,19.93527861346603,42.167206629574935,0.9539523124694824,0.002384185791015625
300,L2.q,q,2,spectral,spectral,1.9387741088867188,1.8962593972682953,0.0,False,,4.000619777946839,18.685601455158,295.6865284016923,0.3042653799057007,0.0010870695114135742
300,L2.q,q,2,spectral,spectral_head,1.9387741088867188,1.8965145945549011,-0.00025519728660583496,False,,4.402546704445777,20.253591326278592,192.3212624879084,0.4772140681743622,0.0015076398849487305
300,L2.q,q,2,spectral,normuon,1.9387741088867188,1.896257072687149,2.3245811462402344e-06,True,-5.4389238357543945e-06,4.000619777946839,18.685601455158,297.78303638235207,0.3042653799057007,0.0010881423950195312
300,L2.q,q,2,spectral,pw05,1.9387741088867188,1.8969937711954117,-0.000734373927116394,False,,3.823128687770739,16.499625614125485,80.66950209038073,0.5914436637586092,0.002120375633239746
300,L2.k,k,2,spectral,adam,1.9387741088867188,1.8964332193136215,-0.0001738220453262329,False,,11.155121899093777,39.82188015271706,37.80103187799563,0.5551731586456299,0.0020672082901000977
300,L2.k,k,2,spectral,sign,1.9387741088867188,1.8958177864551544,0.00044161081314086914,True,-0.000935673713684082,11.155121899093777,39.82188015271706,10.75954784740461,0.5551731586456299,0.002166748046875
300,L2.k,k,2,spectral,euclid,1.9387741088867188,1.8964016288518906,-0.00014223158359527588,False,,3.660457233045175,12.976048791380839,6.195585241250722,0.9999998807907104,0.0025981664657592773
300,L2.k,k,2,spectral,rows,1.9387741088867188,1.895944520831108,0.0003148764371871948,False,,3.9566860577001606,14.088123368789017,10.388328262654401,0.879928708076477,0.0026140213012695312
300,L2.k,k,2,spectral,cols,1.9387741088867188,1.8963447958230972,-8.539855480194092e-05,False,,3.8696266449217758,13.887140807672525,8.51463252443609,0.9447309970855713,0.0026434659957885742
300,L2.k,k,2,spectral,spectral,1.9387741088867188,1.8962593972682953,0.0,False,,3.12748851600814,13.09040946669405,80.94432220903697,0.2626791298389435,0.001297593116760254
300,L2.k,k,2,spectral,spectral_head,1.9387741088867188,1.8959845155477524,0.0002748817205429077,False,,3.5637679786868417,15.005549096678484,81.55531749410964,0.4028312563896179,0.0016487836837768555
300,L2.k,k,2,spectral,normuon,1.9387741088867188,1.8962563872337341,3.0100345611572266e-06,False,,3.12748851600814,13.09040946669405,81.49879488846025,0.2626791298389435,0.0012960433959960938
300,L2.k,k,2,spectral,pw05,1.9387741088867188,1.8961248993873596,0.00013449788093566895,False,,3.0686739653124038,11.533721212309882,14.324946298986571,0.5556999719144582,0.0025461912155151367
300,L2.v,v,2,spectral,adam,1.9387741088867188,1.897523432970047,-0.001264035701751709,False,,13.830549296181443,44.86693627570066,116.86260783599415,0.5918624401092529,0.0024529695510864258
300,L2.v,v,2,spectral,sign,1.9387741088867188,1.8970362842082977,-0.0007768869400024414,False,,13.830549296181443,44.86693627570066,35.548098756850315,0.5918624401092529,0.0028257369995117188
300,L2.v,v,2,spectral,euclid,1.9387741088867188,1.8974799364805222,-0.0012205392122268677,False,,4.346029929680224,13.24768527135754,26.39376696368002,0.999998927116394,0.003903031349182129
300,L2.v,v,2,spectral,rows,1.9387741088867188,1.8973542898893356,-0.0010948926210403442,False,,4.538023887329108,14.804980392019933,36.991535553371655,0.92491614818573,0.0034737586975097656
300,L2.v,v,2,spectral,cols,1.9387741088867188,1.8974184393882751,-0.0011590421199798584,False,,4.634230564777956,14.544268990549376,33.997990122037734,0.944547176361084,0.003579378128051758
300,L2.v,v,2,spectral,spectral,1.9387741088867188,1.8962593972682953,0.0,True,0.0,3.9152603382647286,16.214860732271802,296.34209956702455,0.27645111083984375,0.0013414621353149414
300,L2.v,v,2,spectral,spectral_head,1.9387741088867188,1.896594524383545,-0.0003351271152496338,False,,4.4991234654236685,18.365070184699928,227.21111728654304,0.4792655408382416,0.0019119977951049805
300,L2.v,v,2,spectral,normuon,1.9387741088867188,1.896260529756546,-1.1324882507324219e-06,False,,3.9152603382647286,16.214860732271802,299.13372409072576,0.27645111083984375,0.0013370513916015625
300,L2.v,v,2,spectral,pw05,1.9387741088867188,1.897062674164772,-0.0008032768964767456,False,,3.7535621036615376,12.868295904563956,65.00483626494103,0.5646756692765182,0.0029137134552001953
300,L2.o,o,2,spectral,adam,1.9387741088867188,1.8980112969875336,-0.0017518997192382812,False,,16.74583692992112,62.34846586284512,605.6516627963118,0.5849922299385071,0.0017690658569335938
300,L2.o,o,2,spectral,sign,1.9387741088867188,1.8974247574806213,-0.0011653602123260498,False,,16.74583692992112,62.34846586284512,200.61433625650665,0.5849922299385071,0.0018695592880249023
300,L2.o,o,2,spectral,euclid,1.9387741088867188,1.8979848623275757,-0.0017254650592803955,False,,5.626408587769611,19.94217414549427,123.27599958956631,1.000000238418579,0.0025135278701782227
300,L2.o,o,2,spectral,rows,1.9387741088867188,1.8979937583208084,-0.0017343610525131226,False,,5.93506880605175,21.893789855426647,160.4526185845528,0.9608233571052551,0.0024039745330810547
300,L2.o,o,2,spectral,cols,1.9387741088867188,1.8977964967489243,-0.0015370994806289673,False,,5.858733311441598,21.420743135503265,199.5943538184948,0.9167145490646362,0.0023262500762939453
300,L2.o,o,2,spectral,spectral,1.9387741088867188,1.8962593972682953,0.0,False,,4.761051951554704,22.232651690867257,1239.849686361326,0.3086988925933838,0.0010488033294677734
300,L2.o,o,2,spectral,spectral_head,1.9387741088867188,1.8965863436460495,-0.0003269463777542114,False,,5.1705114293923184,22.937855102047575,743.7650738819976,0.4878120422363281,0.0014362335205078125
300,L2.o,o,2,spectral,normuon,1.9387741088867188,1.8962580859661102,1.3113021850585938e-06,True,1.8477439880371094e-06,4.761051951554704,22.232651690867257,1241.425844714743,0.3086988925933838,0.001049041748046875
300,L2.o,o,2,spectral,pw05,1.9387741088867188,1.897406429052353,-0.0011470317840576172,False,,4.686856428672916,18.670733340315444,299.990155086641,0.5957502272719708,0.0020607709884643555
300,L2.up,up,2,spectral,adam,1.9387741088867188,1.8989369571208954,-0.0026775598526000977,False,,20.89665766374221,91.45467429393908,374.1534264199195,0.5652845501899719,0.0063707828521728516
300,L2.up,up,2,spectral,sign,1.9387741088867188,1.8981627821922302,-0.0019033849239349365,False,,20.89665766374221,91.45467429393908,122.95520206198316,0.5652845501899719,0.006577968597412109
300,L2.up,up,2,spectral,euclid,1.9387741088867188,1.8998389691114426,-0.003579571843147278,False,,5.685268398216952,23.310858978207794,99.0984183833661,1.0000004768371582,0.009273052215576172
300,L2.up,up,2,spectral,rows,1.9387741088867188,1.8993527442216873,-0.003093346953392029,False,,8.632177780510926,38.04750346875218,125.01450835312544,0.8896327614784241,0.00829005241394043
300,L2.up,up,2,spectral,cols,1.9387741088867188,1.89955435693264,-0.0032949596643447876,False,,5.920955641665001,24.638723819232172,108.71733544005319,0.9672912955284119,0.008935332298278809
300,L2.up,up,2,spectral,spectral,1.9387741088867188,1.8962593972682953,0.0,False,,5.800273736982153,29.765762124880055,428.11409453194483,0.4995516240596771,0.0048896074295043945
300,L2.up,up,2,spectral,normuon,1.9387741088867188,1.8960104584693909,0.00024893879890441895,True,0.00025221705436706543,5.800273736982153,29.765762124880055,496.1590434451164,0.4995516240596771,0.004611492156982422
300,L2.up,up,2,spectral,pw05,1.9387741088867188,1.8983806669712067,-0.002121269702911377,False,,5.175302111578343,23.58000326002298,177.0298570425592,0.7136292517601027,0.007735133171081543
300,L2.down,down,2,spectral,adam,1.9387741088867188,1.8978229016065598,-0.0015635043382644653,False,,30.96107205666674,140.11977102651875,560.6234805053537,0.556770384311676,0.0049898624420166016
300,L2.down,down,2,spectral,sign,1.9387741088867188,1.897079050540924,-0.0008196532726287842,False,,30.96107205666674,140.11977102651875,176.72484796882281,0.556770384311676,0.0053517818450927734
300,L2.down,down,2,spectral,euclid,1.9387741088867188,1.897997871041298,-0.0017384737730026245,False,,7.359240575638405,32.68423093773313,127.90165962393914,1.0000027418136597,0.007807254791259766
300,L2.down,down,2,spectral,rows,1.9387741088867188,1.8980063498020172,-0.0017469525337219238,False,,7.684644820105504,34.326853461893315,138.52314229631588,0.9752938747406006,0.007588505744934082
300,L2.down,down,2,spectral,cols,1.9387741088867188,1.8977779895067215,-0.0015185922384262085,False,,11.411081689771693,51.67476148891058,178.51118948298043,0.8752315044403076,0.006726622581481934
300,L2.down,down,2,spectral,spectral,1.9387741088867188,1.8962593972682953,0.0,False,,7.3437639935812316,37.659871804853815,622.435982637042,0.4466114938259125,0.003908038139343262
300,L2.down,down,2,spectral,normuon,1.9387741088867188,1.8962588608264923,5.364418029785156e-07,True,1.2218952178955078e-06,7.3437639935812316,37.659871804853815,626.7354611180903,0.4466114938259125,0.0039070844650268555
300,L2.down,down,2,spectral,pw05,1.9387741088867188,1.8975832760334015,-0.0013238787651062012,False,,6.6356217548637275,31.32679612235809,232.9130025556743,0.6898735620186499,0.006470322608947754
300,L3.q,q,3,spectral,adam,1.9387741088867188,1.896496757864952,-0.00023736059665679932,False,,22.32068751585802,76.3181856920441,478.7480030403419,0.6118714809417725,0.001195073127746582
300,L3.q,q,3,spectral,sign,1.9387741088867188,1.8966246098279953,-0.0003652125597000122,False,,22.32068751585802,76.3181856920441,164.91065447809044,0.6118714809417725,0.0012346506118774414
300,L3.q,q,3,spectral,euclid,1.9387741088867188,1.8966920375823975,-0.00043264031410217285,False,,6.150716268209537,19.77412058165379,148.943157057381,1.0000003576278687,0.0015827417373657227
300,L3.q,q,3,spectral,rows,1.9387741088867188,1.8966786116361618,-0.0004192143678665161,False,,6.606492751772732,22.551602483982855,171.97766775265615,0.9532003402709961,0.0015211105346679688
300,L3.q,q,3,spectral,cols,1.9387741088867188,1.8966543525457382,-0.00039495527744293213,False,,6.5701312501670115,21.980891757267013,156.15088187143803,0.9754500389099121,0.001554250717163086
300,L3.q,q,3,spectral,spectral,1.9387741088867188,1.8962593972682953,0.0,False,,5.945958671616319,26.014799248023383,512.5681622233769,0.3625609576702118,0.000767827033996582
300,L3.q,q,3,spectral,spectral_head,1.9387741088867188,1.8965518325567245,-0.00029243528842926025,False,,6.506606863407944,27.73091199327324,410.4389299323195,0.5716419219970703,0.0010383129119873047
300,L3.q,q,3,spectral,normuon,1.9387741088867188,1.8962581902742386,1.2069940567016602e-06,True,-7.748603820800781e-07,5.945958671616319,26.014799248023383,513.3119563471187,0.3625609576702118,0.0007677078247070312
300,L3.q,q,3,spectral,pw05,1.9387741088867188,1.8966306149959564,-0.0003712177276611328,False,,5.532678236822819,20.331333848214857,234.56738938558607,0.6458444946200117,0.0013492107391357422
300,L3.k,k,3,spectral,adam,1.9387741088867188,1.8965905755758286,-0.00033117830753326416,False,,19.636512771985835,64.8241397829913,440.07367513996394,0.5959686040878296,0.0010821819305419922
300,L3.k,k,3,spectral,sign,1.9387741088867188,1.896529421210289,-0.0002700239419937134,False,,19.636512771985835,64.8241397829913,149.1831779830289,0.5959686040878296,0.0011448860168457031
300,L3.k,k,3,spectral,euclid,1.9387741088867188,1.896932765841484,-0.0006733685731887817,False,,6.159380158430859,18.588923482908946,129.9900816364031,0.9999997615814209,0.0014357566833496094
300,L3.k,k,3,spectral,rows,1.9387741088867188,1.8967467993497849,-0.000487402081489563,False,,6.402855245584495,21.009291909712413,147.12353031535037,0.9439488053321838,0.0014088153839111328
300,L3.k,k,3,spectral,cols,1.9387741088867188,1.8968201279640198,-0.0005607306957244873,False,,6.631202344027028,20.535899661454312,139.15454300068208,0.959526777267456,0.0014047622680664062
300,L3.k,k,3,spectral,spectral,1.9387741088867188,1.8962593972682953,0.0,False,,5.092345050409446,20.209445401875783,319.6863202950097,0.3195148706436157,0.0008161067962646484
300,L3.k,k,3,spectral,spectral_head,1.9387741088867188,1.8960430175065994,0.00021637976169586182,True,-8.365511894226074e-05,5.694989801727539,23.305952000882336,324.17952004143103,0.48924458026885986,0.0010017156600952148
300,L3.k,k,3,spectral,normuon,1.9387741088867188,1.896258071064949,1.3262033462524414e-06,False,,5.092345050409446,20.209445401875783,323.02812976970756,0.3195148706436157,0.0008145570755004883
300,L3.k,k,3,spectral,pw05,1.9387741088867188,1.8963809162378311,-0.00012151896953582764,False,,5.105432247086447,17.253158917503,176.28155825363112,0.6105410059296069,0.0013172626495361328
300,L3.v,v,3,spectral,adam,1.9387741088867188,1.8963687717914581,-0.0001093745231628418,False,,19.22866232176002,69.40678960416123,182.62478859028053,0.5955988168716431,0.0017775297164916992
300,L3.v,v,3,spectral,sign,1.9387741088867188,1.8961281031370163,0.0001312941312789917,True,0.0010499358177185059,19.22866232176002,69.40678960416123,54.16482190962788,0.5955988168716431,0.002164006233215332
300,L3.v,v,3,spectral,euclid,1.9387741088867188,1.8962240666151047,3.533065319061279e-05,False,,5.3358509230416455,18.667570341723387,42.164670924258324,1.0000003576278687,0.002972126007080078
300,L3.v,v,3,spectral,rows,1.9387741088867188,1.896275743842125,-1.634657382965088e-05,False,,5.713203787843381,20.892779028155307,58.40508234207344,0.9340917468070984,0.0026395320892333984
300,L3.v,v,3,spectral,cols,1.9387741088867188,1.8962681740522385,-8.77678394317627e-06,False,,5.720717601181588,20.48453783691938,52.73871545088481,0.9476491212844849,0.0027769804000854492
300,L3.v,v,3,spectral,spectral,1.9387741088867188,1.8962593972682953,0.0,False,,5.026992724706339,23.139212211010424,541.5138937152202,0.2868001163005829,0.0010256767272949219
300,L3.v,v,3,spectral,spectral_head,1.9387741088867188,1.8964030146598816,-0.0001436173915863037,False,,5.619653369105702,25.58949175714415,368.48123956146804,0.4795488715171814,0.0014628171920776367
300,L3.v,v,3,spectral,normuon,1.9387741088867188,1.896258533000946,8.642673492431641e-07,False,,5.026992724706339,23.139212211010424,544.8804166787298,0.2868001163005829,0.001026153564453125
300,L3.v,v,3,spectral,pw05,1.9387741088867188,1.8963850885629654,-0.00012569129467010498,False,,4.6885693571838924,18.308193990305394,112.99515134189804,0.5763556947504268,0.002228975296020508
300,L3.o,o,3,spectral,adam,1.9387741088867188,1.8969908952713013,-0.0007314980030059814,False,,21.582226381575925,89.79128392295769,933.257036773735,0.6008843779563904,0.001281142234802246
300,L3.o,o,3,spectral,sign,1.9387741088867188,1.8965375423431396,-0.00027814507484436035,False,,21.582226381575925,89.79128392295769,301.0200968780603,0.6008843779563904,0.001502394676208496
300,L3.o,o,3,spectral,euclid,1.9387741088867188,1.8967679142951965,-0.0005085170269012451,False,,7.237597912152505,28.877057962798663,240.2210599514483,1.000001072883606,0.0019942522048950195
300,L3.o,o,3,spectral,rows,1.9387741088867188,1.896778017282486,-0.0005186200141906738,False,,7.749788580967857,31.722613915978677,292.12819500754324,0.9661182165145874,0.0018883943557739258
300,L3.o,o,3,spectral,cols,1.9387741088867188,1.896720066666603,-0.0004606693983078003,False,,7.701482409665559,32.26692807925518,314.0137689978021,0.9469354748725891,0.0018678903579711914
300,L3.o,o,3,spectral,spectral,1.9387741088867188,1.8962593972682953,0.0,False,,6.640291092663107,34.294039955608994,2468.724975899943,0.31092506647109985,0.0007125139236450195
300,L3.o,o,3,spectral,spectral_head,1.9387741088867188,1.8965076506137848,-0.00024825334548950195,False,,7.458687361597105,37.103164591829504,1339.9825529819714,0.5501559972763062,0.0011130571365356445
300,L3.o,o,3,spectral,normuon,1.9387741088867188,1.8962577283382416,1.6689300537109375e-06,True,-2.0563602447509766e-06,6.640291092663107,34.294039955608994,2480.5951370284815,0.31092506647109985,0.0007139444351196289
300,L3.o,o,3,spectral,pw05,1.9387741088867188,1.8966484516859055,-0.00038905441761016846,False,,6.32525216563229,28.31642814754027,571.8056406816328,0.6086404920880757,0.0015662908554077148
300,L3.up,up,3,spectral,adam,1.9387741088867188,1.8983176052570343,-0.0020582079887390137,False,,26.653472359525978,122.56108563365989,576.7466693328068,0.5561643838882446,0.004850983619689941
300,L3.up,up,3,spectral,sign,1.9387741088867188,1.8973513394594193,-0.0010919421911239624,False,,26.653472359525978,122.56108563365989,166.69485879226428,0.5561643838882446,0.005208373069763184
300,L3.up,up,3,spectral,euclid,1.9387741088867188,1.8987442255020142,-0.002484828233718872,False,,6.916643560565369,30.64675402582799,118.5029573227045,0.9999993443489075,0.007401704788208008
300,L3.up,up,3,spectral,rows,1.9387741088867188,1.898332118988037,-0.0020727217197418213,False,,11.340940691678904,52.50205829335494,165.06793755313564,0.8909831643104553,0.006680846214294434
300,L3.up,up,3,spectral,cols,1.9387741088867188,1.8985158205032349,-0.002256423234939575,False,,7.30161150885635,32.564684091038046,134.29504357380497,0.9576685428619385,0.007036685943603516
300,L3.up,up,3,spectral,spectral,1.9387741088867188,1.8962593972682953,0.0,False,,7.163964379162746,38.176213186925416,535.3124425113762,0.5083588361740112,0.004055619239807129
300,L3.up,up,3,spectral,normuon,1.9387741088867188,1.8960604071617126,0.0001989901065826416,True,7.131695747375488e-05,7.163964379162746,38.176213186925416,633.2441476387505,0.5083588361740112,0.003853917121887207
300,L3.up,up,3,spectral,pw05,1.9387741088867188,1.8979045897722244,-0.0016451925039291382,False,,6.382814378640968,30.67825001897629,220.0035487156611,0.7215844631222208,0.006217002868652344
300,L3.down,down,3,spectral,adam,1.9387741088867188,1.8983931988477707,-0.002133801579475403,False,,27.945885068139276,126.10821059564891,362.46157585262216,0.5369971990585327,0.004831194877624512
300,L3.down,down,3,spectral,sign,1.9387741088867188,1.8971763104200363,-0.0009169131517410278,False,,27.945885068139276,126.10821059564891,107.01645963407294,0.5369971990585327,0.00558924674987793
300,L3.down,down,3,spectral,euclid,1.9387741088867188,1.8985593169927597,-0.0022999197244644165,False,,7.34628029688599,32.223105462065355,75.60196810714844,1.0000015497207642,0.00818336009979248
300,L3.down,down,3,spectral,rows,1.9387741088867188,1.898497074842453,-0.002237677574157715,False,,7.615391946529398,33.7391499496212,81.15564859800072,0.9513105154037476,0.007909536361694336
300,L3.down,down,3,spectral,cols,1.9387741088867188,1.8980253636837006,-0.0017659664154052734,False,,11.078862965843303,50.21064346285329,109.23839792479363,0.8536874055862427,0.007005929946899414
300,L3.down,down,3,spectral,spectral,1.9387741088867188,1.8962593972682953,0.0,True,0.0,5.707180681535854,29.427343965254277,388.00099289915454,0.26447877287864685,0.002984762191772461
300,L3.down,down,3,spectral,normuon,1.9387741088867188,1.8962658494710922,-6.452202796936035e-06,False,,5.707180681535854,29.427343965254277,388.46524866703567,0.26447877287864685,0.00299072265625
300,L3.down,down,3,spectral,pw05,1.9387741088867188,1.8984563052654266,-0.0021969079971313477,False,,6.0342014612904755,28.386134538106106,127.79928052491674,0.5789118534611434,0.006972670555114746
300,head,head,4,adam,adam,1.9387741088867188,1.8962593972682953,0.0,False,,1.0728378147538047,5.564535537627497,9.84852356542558,0.3341146028958834,0.008146047592163086
300,head,head,4,adam,sign,1.9387741088867188,1.8942020684480667,0.0020573288202285767,True,0.00044167041778564453,1.0728378147538047,5.564535537627497,2.2316659419752733,0.3341146028958834,0.007292389869689941
300,head,head,4,adam,euclid,1.9387741088867188,1.9037982672452927,-0.0075388699769973755,False,,0.4044932504166251,1.8442302202038972,0.8687826466331037,1.0000001192092896,0.01313328742980957
300,head,head,4,adam,rows,1.9387741088867188,1.8983352929353714,-0.002075895667076111,False,,0.6526368258495328,3.4127240831360726,1.9135838211335057,0.6065224867600661,0.00956106185913086
300,head,head,4,adam,cols,1.9387741088867188,1.9009532779455185,-0.004693880677223206,False,,0.44465370229200707,2.051405165916703,1.1036832060023198,0.8278986215591431,0.012269854545593262
300,head,head,4,adam,spectral,1.9387741088867188,1.8944187611341476,0.001840636134147644,False,,0.8824512104694251,4.7943183216358864,4.812712104550471,0.3449747525728666,0.007171154022216797
500,embed,embed,-1,adam,adam,1.7385279089212418,1.709949865937233,0.0,True,0.0,0.6667799349964547,9.047810202893787,66.02247823274897,0.3406731238731971,0.0008549690246582031
500,embed,embed,-1,adam,sign,1.7385279089212418,1.7102667093276978,-0.0003168433904647827,False,,0.6667799349964547,9.047810202893787,17.520555727958403,0.3406731238731971,0.0006132125854492188
500,embed,embed,-1,adam,euclid,1.7385279089212418,1.7109410762786865,-0.0009912103414535522,False,,0.2905506208350989,2.8545144119270818,3.9702446113841563,0.9999998211860657,0.0010367631912231445
500,embed,embed,-1,adam,rows,1.7385279089212418,1.7104971706867218,-0.0005473047494888306,False,,0.334930349564136,4.477879296916968,14.940935654204482,0.554777585543119,0.0007953643798828125
500,embed,embed,-1,adam,cols,1.7385279089212418,1.7107818275690079,-0.0008319616317749023,False,,0.32405677473029626,3.4944547923532525,7.172429948994316,0.9143455624580383,0.0009783506393432617
500,embed,embed,-1,adam,spectral,1.7385279089212418,1.709988608956337,-3.8743019104003906e-05,False,,0.47042544276530673,6.632010822489508,31.954085235074732,0.4297732133131761,0.0006754398345947266
500,pos,pos,-1,adam,adam,1.7385279089212418,1.709949865937233,0.0,True,0.0,1.1773712042044577,21.08784960218226,85.88296897630494,0.5826334953308105,0.0013968944549560547
500,pos,pos,-1,adam,sign,1.7385279089212418,1.7102308571338654,-0.00028099119663238525,False,,1.1773712042044577,21.08784960218226,29.737381026027073,0.5826334953308105,0.0010176897048950195
500,pos,pos,-1,adam,euclid,1.7385279089212418,1.7107000648975372,-0.0007501989603042603,False,,0.42355362877989994,6.914306434894202,21.1001798801541,0.9999997019767761,0.0012841224670410156
500,pos,pos,-1,adam,rows,1.7385279089212418,1.7105138003826141,-0.0005639344453811646,False,,0.6123103874609355,10.915667926082412,27.4551724478252,0.9579082131385803,0.001278519630432129
500,pos,pos,-1,adam,cols,1.7385279089212418,1.7105964720249176,-0.0006466060876846313,False,,0.47272049868251587,7.873792739084569,24.799944793057225,0.9373836517333984,0.001269698143005371
500,pos,pos,-1,adam,spectral,1.7385279089212418,1.710173860192299,-0.00022399425506591797,False,,1.1861924970055766,21.59318252282452,48.706192374426244,0.4871973395347595,0.0009483098983764648
500,L0.q,q,0,spectral,adam,1.7385279089212418,1.7103245705366135,-0.00037470459938049316,False,,2.142153907471678,34.04061915822137,223.2987778660007,0.5852652788162231,0.0007579326629638672
500,L0.q,q,0,spectral,sign,1.7385279089212418,1.7102014869451523,-0.0002516210079193115,False,,2.142153907471678,34.04061915822137,81.84255301587423,0.5852652788162231,0.0007238388061523438
500,L0.q,q,0,spectral,euclid,1.7385279089212418,1.710422933101654,-0.00047306716442108154,False,,0.7613780792628965,11.88830281811754,63.27368103888513,1.0000001192092896,0.0009477138519287109
500,L0.q,q,0,spectral,rows,1.7385279089212418,1.7103640884160995,-0.00041422247886657715,False,,0.8006175225604015,12.719183177701462,80.77074704697445,0.9163476824760437,0.0008952617645263672
500,L0.q,q,0,spectral,cols,1.7385279089212418,1.710364192724228,-0.0004143267869949341,False,,0.8056136025960793,12.678286873486018,68.1910016186715,0.9731824398040771,0.0009372234344482422
500,L0.q,q,0,spectral,spectral,1.7385279089212418,1.709949865937233,0.0,False,,0.6159217377922525,10.614289261807244,156.14154937335073,0.3378329575061798,0.00052642822265625
500,L0.q,q,0,spectral,spectral_head,1.7385279089212418,1.7100445330142975,-9.466707706451416e-05,False,,0.7443524967707495,12.62688844051425,135.51762656964442,0.6071580648422241,0.0007085800170898438
500,L0.q,q,0,spectral,normuon,1.7385279089212418,1.709948867559433,9.98377799987793e-07,True,-1.6689300537109375e-06,0.6159217377922525,10.614289261807244,157.65908938496443,0.3378329575061798,0.000525355339050293
500,L0.q,q,0,spectral,pw05,1.7385279089212418,1.710225060582161,-0.0002751946449279785,False,,0.626184898523176,10.213858005404255,85.96681800813872,0.632724548308857,0.0008684396743774414
500,L0.k,k,0,spectral,adam,1.7385279089212418,1.7110122442245483,-0.0010623782873153687,False,,1.5440767671509272,18.886350925187735,56.42588038272301,0.5694289207458496,0.0009331703186035156
500,L0.k,k,0,spectral,sign,1.7385279089212418,1.710529163479805,-0.0005792975425720215,False,,1.5440767671509272,18.886350925187735,18.29486498594216,0.5694289207458496,0.0009382963180541992
500,L0.k,k,0,spectral,euclid,1.7385279089212418,1.7113369554281235,-0.001387089490890503,False,,0.5428626808864844,6.2584744520047515,11.761911810284921,1.0000005960464478,0.0012694597244262695
500,L0.k,k,0,spectral,rows,1.7385279089212418,1.7110033929347992,-0.0010535269975662231,False,,0.5541227928956265,6.791406072421079,18.116624957334896,0.8856135010719299,0.0011736154556274414
500,L0.k,k,0,spectral,cols,1.7385279089212418,1.7112030237913132,-0.0012531578540802002,False,,0.5686622362247643,6.83383109155379,13.42930111653,0.9555410146713257,0.001251816749572754
500,L0.k,k,0,spectral,spectral,1.7385279089212418,1.709949865937233,0.0,False,,0.39096908068959485,5.95609599972915,50.116516574992886,0.27253901958465576,0.000699162483215332
500,L0.k,k,0,spectral,spectral_head,1.7385279089212418,1.7101090103387833,-0.00015914440155029297,False,,0.46234053596727614,6.95695305380846,54.089735943613256,0.47725507616996765,0.0008325576782226562
500,L0.k,k,0,spectral,normuon,1.7385279089212418,1.709939867258072,9.998679161071777e-06,True,6.303191184997559e-06,0.39096908068959485,5.95609599972915,50.83323734772814,0.27253901958465576,0.0006973743438720703
500,L0.k,k,0,spectral,pw05,1.7385279089212418,1.71071757376194,-0.0007677078247070312,False,,0.42031132693568946,5.5684611006644955,20.183622265603898,0.5665034703563828,0.0011734962463378906
500,L0.v,v,0,spectral,adam,1.7385279089212418,1.7107963413000107,-0.00084647536277771,False,,0.7488919927641875,10.321804833825187,32.07928650985488,0.589337170124054,0.002350330352783203
500,L0.v,v,0,spectral,sign,1.7385279089212418,1.711085096001625,-0.0011352300643920898,False,,0.7488919927641875,10.321804833825187,9.573523372492385,0.589337170124054,0.0024145841598510742
500,L0.v,v,0,spectral,euclid,1.7385279089212418,1.711750566959381,-0.0018007010221481323,False,,0.2453730700478259,3.3399496645861135,9.429852801451068,0.9999995827674866,0.003250598907470703
500,L0.v,v,0,spectral,rows,1.7385279089212418,1.7114507406949997,-0.0015008747577667236,False,,0.26159003776267287,3.6289962925293198,9.241444732820353,0.9224121570587158,0.003072023391723633
500,L0.v,v,0,spectral,cols,1.7385279089212418,1.7117717564105988,-0.0018218904733657837,False,,0.26464038917030847,3.665998610504171,10.293865150651639,0.9641215205192566,0.003193974494934082
500,L0.v,v,0,spectral,spectral,1.7385279089212418,1.709949865937233,0.0,False,,0.19578539423809993,3.2535371682222256,25.14851265312759,0.29875418543815613,0.001730799674987793
500,L0.v,v,0,spectral,spectral_head,1.7385279089212418,1.7106298059225082,-0.0006799399852752686,False,,0.23743803261290716,3.806440103071801,18.862563828079278,0.5545642971992493,0.0023938417434692383
500,L0.v,v,0,spectral,normuon,1.7385279089212418,1.7099353820085526,1.4483928680419922e-05,True,7.793307304382324e-06,0.19578539423809993,3.2535371682222256,26.03059854948253,0.29875418543815613,0.0017123222351074219
500,L0.v,v,0,spectral,pw05,1.7385279089212418,1.7112517952919006,-0.0013019293546676636,False,,0.200357925222683,2.9996050085694117,13.353709384579052,0.603283780309603,0.0029619932174682617
500,L0.o,o,0,spectral,adam,1.7385279089212418,1.7096168994903564,0.0003329664468765259,True,-0.0002787262201309204,0.6172907610223571,8.388635784996243,24.762335506229253,0.5462088584899902,0.0026689767837524414
500,L0.o,o,0,spectral,sign,1.7385279089212418,1.7101081311702728,-0.00015826523303985596,False,,0.6172907610223571,8.388635784996243,7.6219714504813245,0.5462088584899902,0.0028007030487060547
500,L0.o,o,0,spectral,euclid,1.7385279089212418,1.711272731423378,-0.0013228654861450195,False,,0.22301100006184382,3.0291869834657543,7.020190667808891,1.0,0.00378262996673584
500,L0.o,o,0,spectral,rows,1.7385279089212418,1.7112510353326797,-0.0013011693954467773,False,,0.2330806449852172,3.2278788028497,7.165158963585095,0.9594798684120178,0.0037384033203125
500,L0.o,o,0,spectral,cols,1.7385279089212418,1.7104900926351547,-0.0005402266979217529,False,,0.2305696590531064,3.128885753117246,7.917300123749506,0.8745929002761841,0.003423452377319336
500,L0.o,o,0,spectral,spectral,1.7385279089212418,1.709949865937233,0.0,False,,0.17704253577194898,2.8809780710818647,20.44220461087334,0.31417423486709595,0.0019696950912475586
500,L0.o,o,0,spectral,spectral_head,1.7385279089212418,1.7097266912460327,0.00022317469120025635,False,,0.21349840982453808,3.301268944967027,15.084782042448179,0.5350056290626526,0.002626657485961914
500,L0.o,o,0,spectral,normuon,1.7385279089212418,1.709952935576439,-3.069639205932617e-06,False,,0.17704253577194898,2.8809780710818647,20.4467346182256,0.31417423486709595,0.0019690990447998047
500,L0.o,o,0,spectral,pw05,1.7385279089212418,1.7109061032533646,-0.0009562373161315918,False,,0.18268535518541956,2.688693293201967,9.909731202911862,0.6158143605928833,0.003432035446166992
500,L0.up,up,0,spectral,adam,1.7385279089212418,1.7102812677621841,-0.0003314018249511719,False,,2.611356986114133,39.81593917997168,106.99921036473144,0.5837336182594299,0.0035439729690551758
500,L0.up,up,0,spectral,sign,1.7385279089212418,1.7107411175966263,-0.0007912516593933105,False,,2.611356986114133,39.81593917997168,35.47958622200533,0.5837336182594299,0.003467082977294922
500,L0.up,up,0,spectral,euclid,1.7385279089212418,1.7110586911439896,-0.0011088252067565918,False,,0.7414435087137623,10.897934035440924,29.746885053116543,1.0000028610229492,0.0045729875564575195
500,L0.up,up,0,spectral,rows,1.7385279089212418,1.710745021700859,-0.0007951557636260986,False,,1.1587022395274695,17.718488497101475,35.1972113566726,0.9205321073532104,0.004323363304138184
500,L0.up,up,0,spectral,cols,1.7385279089212418,1.7109790742397308,-0.0010292083024978638,False,,0.7762966254798945,11.553359030174901,31.628759856097297,0.9744099974632263,0.004489421844482422
500,L0.up,up,0,spectral,spectral,1.7385279089212418,1.709949865937233,0.0,False,,0.6639576353880877,11.357781055931868,84.50926454331626,0.4189620614051819,0.002679109573364258
500,L0.up,up,0,spectral,normuon,1.7385279089212418,1.7098548710346222,9.499490261077881e-05,True,0.00011578202247619629,0.6639576353880877,11.357781055931868,93.82994853739065,0.4189620614051819,0.0025866031646728516
500,L0.up,up,0,spectral,pw05,1.7385279089212418,1.710408553481102,-0.00045868754386901855,False,,0.6325344034249337,9.948735597203099,43.551506106871805,0.6775935261633375,0.0041010379791259766
500,L0.down,down,0,spectral,adam,1.7385279089212418,1.709822490811348,0.00012737512588500977,True,-7.790327072143555e-05,3.505684044525727,48.133079655338335,118.2006411048187,0.5672208070755005,0.0027240514755249023
500,L0.down,down,0,spectral,sign,1.7385279089212418,1.710051566362381,-0.00010170042514801025,False,,3.505684044525727,48.133079655338335,37.22678905466787,0.5672208070755005,0.002751469612121582
500,L0.down,down,0,spectral,euclid,1.7385279089212418,1.71007339656353,-0.00012353062629699707,False,,0.9308869364881466,12.22981143363954,28.368553279830344,0.9999998211860657,0.0037480592727661133
500,L0.down,down,0,spectral,rows,1.7385279089212418,1.7101582288742065,-0.00020836293697357178,False,,0.9648951806788421,12.999637381096965,32.45804571947887,0.9811922311782837,0.003679513931274414
500,L0.down,down,0,spectral,cols,1.7385279089212418,1.709970310330391,-2.0444393157958984e-05,False,,1.2566142868767767,17.166902830148913,37.63657284865178,0.8893319368362427,0.0034292936325073242
500,L0.down,down,0,spectral,spectral,1.7385279089212418,1.709949865937233,0.0,False,,0.9257771471351608,15.559876033291015,126.77194219704796,0.5533571839332581,0.002388596534729004
500,L0.down,down,0,spectral,normuon,1.7385279089212418,1.7099512964487076,-1.430511474609375e-06,False,,0.9257771471351608,15.559876033291015,127.8595627590708,0.5533571839332581,0.0023888349533081055
500,L0.down,down,0,spectral,pw05,1.7385279089212418,1.7101490199565887,-0.00019915401935577393,False,,0.8437849112733166,12.500597623620001,56.117322639664145,0.753136030080513,0.0033371448516845703
500,L1.q,q,1,spectral,adam,1.7385279089212418,1.7105500102043152,-0.0006001442670822144,False,,4.045079689823321,63.24554050181154,341.68376684679396,0.5894547700881958,0.0004476308822631836
500,L1.q,q,1,spectral,sign,1.7385279089212418,1.7103019058704376,-0.0003520399332046509,False,,4.045079689823321,63.24554050181154,105.74652443203274,0.5894547700881958,0.00044608116149902344
500,L1.q,q,1,spectral,euclid,1.7385279089212418,1.7105219960212708,-0.0005721300840377808,False,,1.349051380025047,20.868514903352253,95.98578077648463,0.9999992251396179,0.0005759000778198242
500,L1.q,q,1,spectral,rows,1.7385279089212418,1.7104071527719498,-0.0004572868347167969,False,,1.408587652632042,22.16893740427588,110.77771589855247,0.9264734387397766,0.0005553960800170898
500,L1.q,q,1,spectral,cols,1.7385279089212418,1.7104655355215073,-0.000515669584274292,False,,1.4344108616259117,22.185720254110176,104.14850929179968,0.9589816927909851,0.0005655288696289062
500,L1.q,q,1,spectral,spectral,1.7385279089212418,1.709949865937233,0.0,False,,1.1595912709092873,20.02437708412204,341.62862348403183,0.3320527970790863,0.0002865791320800781
500,L1.q,q,1,spectral,spectral_head,1.7385279089212418,1.7100468128919601,-9.694695472717285e-05,False,,1.3165096406894392,22.34159444109811,296.4357919124386,0.5515216588973999,0.00038063526153564453
500,L1.q,q,1,spectral,normuon,1.7385279089212418,1.709949716925621,1.4901161193847656e-07,True,-1.9818544387817383e-06,1.1595912709092873,20.02437708412204,342.90233935667857,0.3320527970790863,0.00028717517852783203
500,L1.q,q,1,spectral,pw05,1.7385279089212418,1.710196927189827,-0.00024706125259399414,False,,1.1399681410007543,18.39144763320438,151.66318443337445,0.6151826063838421,0.0005077123641967773
500,L1.k,k,1,spectral,adam,1.7385279089212418,1.7104786783456802,-0.0005288124084472656,False,,3.913008248183268,59.51521535076206,193.6037154351647,0.5766491889953613,0.00055694580078125
500,L1.k,k,1,spectral,sign,1.7385279089212418,1.7103227525949478,-0.00037288665771484375,False,,3.913008248183268,59.51521535076206,64.35968728135751,0.5766491889953613,0.0005235671997070312
500,L1.k,k,1,spectral,euclid,1.7385279089212418,1.7105673253536224,-0.0006174594163894653,False,,1.210307523989845,17.985221786017174,47.24861858432993,0.9999997615814209,0.0007107257843017578
500,L1.k,k,1,spectral,rows,1.7385279089212418,1.7104518711566925,-0.0005020052194595337,False,,1.2682244088254333,19.202924605706624,65.3221347425916,0.9040662050247192,0.0006642341613769531
500,L1.k,k,1,spectral,cols,1.7385279089212418,1.710511177778244,-0.0005613118410110474,False,,1.2677771432941636,19.14248950642142,52.349188833484966,0.9547814130783081,0.0006865262985229492
500,L1.k,k,1,spectral,spectral,1.7385279089212418,1.709949865937233,0.0,False,,0.9945238205116996,16.532067479575254,189.00986830552,0.30956780910491943,0.0003478527069091797
500,L1.k,k,1,spectral,spectral_head,1.7385279089212418,1.7100331634283066,-8.32974910736084e-05,False,,1.0823092198713797,18.023226971188965,186.1526461527412,0.46785593032836914,0.0004252195358276367
500,L1.k,k,1,spectral,normuon,1.7385279089212418,1.7099484354257584,1.430511474609375e-06,True,-8.940696716308594e-08,0.9945238205116996,16.532067479575254,189.4627977923966,0.30956780910491943,0.0003476142883300781
500,L1.k,k,1,spectral,pw05,1.7385279089212418,1.7102806568145752,-0.0003307908773422241,False,,0.999438735650327,15.566782250894153,77.66469073769264,0.598511088728121,0.000622868537902832
500,L1.v,v,1,spectral,adam,1.7385279089212418,1.7095980197191238,0.00035184621810913086,True,0.000712081789970398,2.638400866608269,32.16736572610172,128.65470186493144,0.5842615365982056,0.0007150173187255859
500,L1.v,v,1,spectral,sign,1.7385279089212418,1.7098544389009476,9.542703628540039e-05,False,,2.638400866608269,32.16736572610172,35.69219861054381,0.5842615365982056,0.0007648468017578125
500,L1.v,v,1,spectral,euclid,1.7385279089212418,1.7097813040018082,0.0001685619354248047,False,,0.842655244512399,10.021014460615874,27.416542695553666,0.9999998807907104,0.0010112524032592773
500,L1.v,v,1,spectral,rows,1.7385279089212418,1.7098109871149063,0.00013887882232666016,False,,0.8876623337032012,10.929271208731832,37.607382647982476,0.9149474501609802,0.0009607076644897461
500,L1.v,v,1,spectral,cols,1.7385279089212418,1.709848552942276,0.00010131299495697021,False,,0.8838042081396811,10.870564134250625,34.806197036916146,0.9423061013221741,0.0009610652923583984
500,L1.v,v,1,spectral,spectral,1.7385279089212418,1.709949865937233,0.0,False,,0.7098442643884811,11.27049173172971,269.390823589833,0.2845097482204437,0.0004385709762573242
500,L1.v,v,1,spectral,spectral_head,1.7385279089212418,1.7099628895521164,-1.3023614883422852e-05,False,,0.8269220129361288,12.582440386404457,174.42321222455905,0.5040754079818726,0.0006337165832519531
500,L1.v,v,1,spectral,normuon,1.7385279089212418,1.7099502384662628,-3.725290298461914e-07,False,,0.7098442643884811,11.27049173172971,269.4729733133626,0.2845097482204437,0.0004392862319946289
500,L1.v,v,1,spectral,pw05,1.7385279089212418,1.7099852859973907,-3.542006015777588e-05,False,,0.700547773559293,9.472010018946236,67.06073497246255,0.5658122970005276,0.0008318424224853516
500,L1.o,o,1,spectral,adam,1.7385279089212418,1.709979772567749,-2.9906630516052246e-05,False,,3.6994049756048186,54.57017686175453,961.6296818833458,0.6069669723510742,0.0005633831024169922
500,L1.o,o,1,spectral,sign,1.7385279089212418,1.7100652307271957,-0.00011536478996276855,False,,3.6994049756048186,54.57017686175453,300.48850097867677,0.6069669723510742,0.0005396604537963867
500,L1.o,o,1,spectral,euclid,1.7385279089212418,1.7101426720619202,-0.00019280612468719482,False,,1.1717497095073846,16.99326328070555,284.7383262639763,0.9999996423721313,0.0006945133209228516
500,L1.o,o,1,spectral,rows,1.7385279089212418,1.7101144641637802,-0.0001645982265472412,False,,1.2259783036848662,18.165757747651387,305.2608309262394,0.9785311222076416,0.0006852149963378906
500,L1.o,o,1,spectral,cols,1.7385279089212418,1.7101115584373474,-0.00016169250011444092,False,,1.2325656944530887,18.0968367940527,303.6741129729756,0.9492346048355103,0.0006754398345947266
500,L1.o,o,1,spectral,spectral,1.7385279089212418,1.709949865937233,0.0,False,,1.048250860186453,18.586478430863515,804.2042429879766,0.4033905565738678,0.00040340423583984375
500,L1.o,o,1,spectral,spectral_head,1.7385279089212418,1.7100040465593338,-5.418062210083008e-05,False,,1.162138297962653,19.279684912210396,584.0692960118957,0.6220402717590332,0.0005258321762084961
500,L1.o,o,1,spectral,normuon,1.7385279089212418,1.7099490016698837,8.642673492431641e-07,True,4.172325134277344e-07,1.048250860186453,18.586478430863515,805.2152070399483,0.4033905565738678,0.0004037618637084961
500,L1.o,o,1,spectral,pw05,1.7385279089212418,1.7100395560264587,-8.969008922576904e-05,False,,1.0083503303740253,16.083315285235365,419.67219484560775,0.6722931111879769,0.0006246566772460938
500,L1.up,up,1,spectral,adam,1.7385279089212418,1.7107566446065903,-0.0008067786693572998,False,,4.21271465913769,63.80301050988574,239.09091672038102,0.5554822683334351,0.002195000648498535
500,L1.up,up,1,spectral,sign,1.7385279089212418,1.7109264135360718,-0.0009765475988388062,False,,4.21271465913769,63.80301050988574,75.02347471872257,0.5554822683334351,0.002106904983520508
500,L1.up,up,1,spectral,euclid,1.7385279089212418,1.7115872353315353,-0.0016373693943023682,False,,1.148741519174292,16.433944491792754,58.30237082475762,0.9999991059303284,0.0028649568557739258
500,L1.up,up,1,spectral,rows,1.7385279089212418,1.7110934108495712,-0.0011435449123382568,False,,1.660671244932074,25.113321460222654,75.40691145716242,0.8782358169555664,0.002649068832397461
500,L1.up,up,1,spectral,cols,1.7385279089212418,1.7113788574934006,-0.0014289915561676025,False,,1.1840911083116263,17.362749108084955,67.04127954783935,0.946039617061615,0.002770543098449707
500,L1.up,up,1,spectral,spectral,1.7385279089212418,1.709949865937233,0.0,False,,1.0063193520765379,17.690576680714788,229.63235343766277,0.44074273109436035,0.0016672611236572266
500,L1.up,up,1,spectral,normuon,1.7385279089212418,1.7098670899868011,8.277595043182373e-05,True,4.634261131286621e-05,1.0063193520765379,17.690576680714788,263.9043774815109,0.44074273109436035,0.0015938282012939453
500,L1.up,up,1,spectral,pw05,1.7385279089212418,1.7106537818908691,-0.0007039159536361694,False,,0.9656431311945983,15.288482247377445,102.02862451375984,0.6636304997444007,0.0025005340576171875
500,L1.down,down,1,spectral,adam,1.7385279089212418,1.7103684544563293,-0.0004185885190963745,False,,7.114096690822166,101.90706892291074,911.0671513049875,0.5581571459770203,0.0013719797134399414
500,L1.down,down,1,spectral,sign,1.7385279089212418,1.710169941186905,-0.00022007524967193604,False,,7.114096690822166,101.90706892291074,292.5528628444717,0.5581571459770203,0.0013135671615600586
500,L1.down,down,1,spectral,euclid,1.7385279089212418,1.7104117721319199,-0.00046190619468688965,False,,1.846223601361697,24.588020459676752,249.87353775905498,1.0000011920928955,0.0017899274826049805
500,L1.down,down,1,spectral,rows,1.7385279089212418,1.7104161530733109,-0.00046628713607788086,False,,1.9611315434144725,26.6167984183179,259.8406553777814,0.9831528663635254,0.001774430274963379
500,L1.down,down,1,spectral,cols,1.7385279089212418,1.7102693170309067,-0.00031945109367370605,False,,2.6656355917249295,38.27727281995826,297.16359556329303,0.8782925009727478,0.0016514062881469727
500,L1.down,down,1,spectral,spectral,1.7385279089212418,1.709949865937233,0.0,False,,1.8576572011960089,31.49383303284607,654.5472906998542,0.5820333361625671,0.0012129545211791992
500,L1.down,down,1,spectral,normuon,1.7385279089212418,1.7099492400884628,6.258487701416016e-07,True,-2.5033950805664062e-06,1.8576572011960089,31.49383303284607,657.0672431224648,0.5820333361625671,0.0012135505676269531
500,L1.down,down,1,spectral,pw05,1.7385279089212418,1.7102202028036118,-0.0002703368663787842,False,,1.6860942773003185,25.289786269080484,357.23923406958016,0.7731105142905873,0.0016341209411621094
500,L2.q,q,2,spectral,adam,1.7385279089212418,1.7098617553710938,8.811056613922119e-05,False,,4.716976781240041,59.43142843055651,313.76385890428463,0.5807986855506897,0.0004388093948364258
500,L2.q,q,2,spectral,sign,1.7385279089212418,1.7098411619663239,0.00010870397090911865,True,0.00022302567958831787,4.716976781240041,59.43142843055651,99.27977548681109,0.5807986855506897,0.00042724609375
500,L2.q,q,2,spectral,euclid,1.7385279089212418,1.709904432296753,4.5433640480041504e-05,False,,1.4279406596129498,17.618947193632973,84.70126862619246,1.0000004768371582,0.0005570650100708008
500,L2.q,q,2,spectral,rows,1.7385279089212418,1.7098744809627533,7.538497447967529e-05,False,,1.4548510153133194,18.543389860864316,100.70119704108068,0.9052901864051819,0.0005304813385009766
500,L2.q,q,2,spectral,cols,1.7385279089212418,1.7098728865385056,7.697939872741699e-05,False,,1.4938190931738473,18.95592865293961,92.61662850715584,0.961771547794342,0.0005433559417724609
500,L2.q,q,2,spectral,spectral,1.7385279089212418,1.709949865937233,0.0,False,,1.0911817719300858,17.30743914747327,319.9385786303403,0.3203498423099518,0.0002949237823486328
500,L2.q,q,2,spectral,spectral_head,1.7385279089212418,1.7098728567361832,7.700920104980469e-05,False,,1.2442410975000893,19.079570451871763,262.5358147854501,0.5027973055839539,0.0003638267517089844
500,L2.q,q,2,spectral,normuon,1.7385279089212418,1.7099488377571106,1.0281801223754883e-06,False,,1.0911817719300858,17.30743914747327,322.36767277000223,0.3203498423099518,0.00029480457305908203
500,L2.q,q,2,spectral,pw05,1.7385279089212418,1.709873303771019,7.656216621398926e-05,False,,1.127750176224178,15.800627538083564,137.27072449527756,0.598765133965694,0.0004945993423461914
500,L2.k,k,2,spectral,adam,1.7385279089212418,1.7097800523042679,0.0001698136329650879,False,,3.686372235769102,33.085076005506615,193.147028480411,0.5538462400436401,0.0004904270172119141
500,L2.k,k,2,spectral,sign,1.7385279089212418,1.7098729461431503,7.69197940826416e-05,False,,3.686372235769102,33.085076005506615,63.687928064152366,0.5538462400436401,0.0005009174346923828
500,L2.k,k,2,spectral,euclid,1.7385279089212418,1.7097603380680084,0.00018952786922454834,True,-0.00011889636516571045,1.1986890528103862,9.610629444229335,31.445524623685916,1.0000003576278687,0.0007100105285644531
500,L2.k,k,2,spectral,rows,1.7385279089212418,1.709831953048706,0.0001179128885269165,False,,1.2288778119497479,11.130112837764012,57.557205482949556,0.886029064655304,0.0006430149078369141
500,L2.k,k,2,spectral,cols,1.7385279089212418,1.709805116057396,0.00014474987983703613,False,,1.2657979770306456,10.784922728414653,40.87555828763427,0.9339698553085327,0.0006785392761230469
500,L2.k,k,2,spectral,spectral,1.7385279089212418,1.709949865937233,0.0,False,,0.8734174794129136,11.307803117482555,158.66847404138161,0.27586254477500916,0.0003542900085449219
500,L2.k,k,2,spectral,spectral_head,1.7385279089212418,1.709906741976738,4.312396049499512e-05,False,,0.948924797481198,12.702327402033198,148.12577678215254,0.4105687141418457,0.0004202127456665039
500,L2.k,k,2,spectral,normuon,1.7385279089212418,1.7099508196115494,-9.5367431640625e-07,False,,0.8734174794129136,11.307803117482555,160.2121001783505,0.27586254477500916,0.0003528594970703125
500,L2.k,k,2,spectral,pw05,1.7385279089212418,1.7098120301961899,0.00013783574104309082,False,,0.9319697900393042,9.235184208036623,68.21325886595208,0.5604108789372307,0.0006048679351806641
500,L2.v,v,2,spectral,adam,1.7385279089212418,1.710375338792801,-0.00042547285556793213,False,,4.206395468885749,42.43102829402985,88.91140536562133,0.5667002201080322,0.0006619691848754883
500,L2.v,v,2,spectral,sign,1.7385279089212418,1.7102051973342896,-0.0002553313970565796,False,,4.206395468885749,42.43102829402985,31.812759776621636,0.5667002201080322,0.0006673336029052734
500,L2.v,v,2,spectral,euclid,1.7385279089212418,1.7102448791265488,-0.0002950131893157959,False,,1.125375052201197,10.702849922444049,25.847877260626507,1.0000007152557373,0.0009064674377441406
500,L2.v,v,2,spectral,rows,1.7385279089212418,1.7102391421794891,-0.00028927624225616455,False,,1.1400026695435903,11.705258499711057,33.16062801365267,0.8998546600341797,0.0008223056793212891
500,L2.v,v,2,spectral,cols,1.7385279089212418,1.7101968377828598,-0.00024697184562683105,False,,1.1697707917174176,11.77735509718747,32.972432433246674,0.926024854183197,0.0008485317230224609
500,L2.v,v,2,spectral,spectral,1.7385279089212418,1.709949865937233,0.0,False,,0.8422898051767784,12.294420946727616,257.3838188612275,0.2598978579044342,0.0003637075424194336
500,L2.v,v,2,spectral,spectral_head,1.7385279089212418,1.709978610277176,-2.874433994293213e-05,False,,0.9743086419223721,13.662769390971171,182.9583812393816,0.44481393694877625,0.0005060434341430664
500,L2.v,v,2,spectral,normuon,1.7385279089212418,1.7099492102861404,6.556510925292969e-07,True,5.066394805908203e-07,0.8422898051767784,12.294420946727616,261.7047525017738,0.2598978579044342,0.0003631114959716797
500,L2.v,v,2,spectral,pw05,1.7385279089212418,1.7100938707590103,-0.00014400482177734375,False,,0.8824776208027931,10.145653457370951,62.659650636628584,0.5389020939552812,0.0007183551788330078
500,L2.o,o,2,spectral,adam,1.7385279089212418,1.7103772312402725,-0.0004273653030395508,False,,4.726908403847391,68.67920086363023,690.0800040942414,0.6003128886222839,0.00047016143798828125
500,L2.o,o,2,spectral,sign,1.7385279089212418,1.710238441824913,-0.0002885758876800537,False,,4.726908403847391,68.67920086363023,229.44140513133453,0.6003128886222839,0.0004394054412841797
500,L2.o,o,2,spectral,euclid,1.7385279089212418,1.7103675156831741,-0.0004176497459411621,False,,1.4459136657534781,20.641019145209462,174.87391005308075,1.0000004768371582,0.0005774497985839844
500,L2.o,o,2,spectral,rows,1.7385279089212418,1.7103149145841599,-0.0003650486469268799,False,,1.5126486898003377,22.065322183458914,220.93006840478216,0.9650962352752686,0.0005571842193603516
500,L2.o,o,2,spectral,cols,1.7385279089212418,1.7102464884519577,-0.00029662251472473145,False,,1.5175760405064715,22.062536219210475,229.49400692231353,0.9349520802497864,0.0005595684051513672
500,L2.o,o,2,spectral,spectral,1.7385279089212418,1.709949865937233,0.0,True,0.0,1.1304356102545994,19.8600696236943,1087.4335859582304,0.3317868411540985,0.0002995729446411133
500,L2.o,o,2,spectral,spectral_head,1.7385279089212418,1.7099537700414658,-3.904104232788086e-06,False,,1.2449728798618849,20.861660555086612,692.8671775126305,0.5163347125053406,0.0003999471664428711
500,L2.o,o,2,spectral,normuon,1.7385279089212418,1.7099507302045822,-8.642673492431641e-07,False,,1.1304356102545994,19.8600696236943,1083.2713878309528,0.3317868411540985,0.0003000497817993164
500,L2.o,o,2,spectral,pw05,1.7385279089212418,1.7101011723279953,-0.0001513063907623291,False,,1.1584379346027431,18.29924628877907,368.76331067652274,0.6108099059538835,0.0005124807357788086
500,L2.up,up,2,spectral,adam,1.7385279089212418,1.7104619592428207,-0.0005120933055877686,False,,5.555902707492458,86.61869529334331,385.0124984581632,0.5641830563545227,0.0018018484115600586
500,L2.up,up,2,spectral,sign,1.7385279089212418,1.7104972302913666,-0.000547364354133606,False,,5.555902707492458,86.61869529334331,117.42391372173294,0.5641830563545227,0.0017049312591552734
500,L2.up,up,2,spectral,euclid,1.7385279089212418,1.7108016610145569,-0.0008517950773239136,False,,1.3529458120236557,20.20417319915776,101.42121831261593,1.0000030994415283,0.0023419857025146484
500,L2.up,up,2,spectral,rows,1.7385279089212418,1.7106117904186249,-0.0006619244813919067,False,,2.007634120498165,31.4718112310817,121.21243206313393,0.8846383094787598,0.002139449119567871
500,L2.up,up,2,spectral,cols,1.7385279089212418,1.7107133120298386,-0.0007634460926055908,False,,1.4028544205549665,21.25785293332438,109.64782258621895,0.966033399105072,0.0022885799407958984
500,L2.up,up,2,spectral,spectral,1.7385279089212418,1.709949865937233,0.0,False,,1.2544081284706219,22.60572366237053,342.21212436037507,0.4975276291370392,0.0014483928680419922
500,L2.up,up,2,spectral,normuon,1.7385279089212418,1.709926277399063,2.358853816986084e-05,True,-1.735985279083252e-05,1.2544081284706219,22.60572366237053,394.97358749363957,0.4975276291370392,0.0013797283172607422
500,L2.up,up,2,spectral,pw05,1.7385279089212418,1.710351288318634,-0.000401422381401062,False,,1.173404096759336,19.2429969310205,164.98746520268293,0.7031824101237765,0.0020706653594970703
500,L2.down,down,2,spectral,adam,1.7385279089212418,1.7106804698705673,-0.0007306039333343506,False,,8.162057171049234,118.76872772047312,892.1596611792689,0.5555697679519653,0.0012041330337524414
500,L2.down,down,2,spectral,sign,1.7385279089212418,1.7105119228363037,-0.0005620568990707397,False,,8.162057171049234,118.76872772047312,248.90772611504033,0.5555697679519653,0.001174330711364746
500,L2.down,down,2,spectral,euclid,1.7385279089212418,1.7108509540557861,-0.0009010881185531616,False,,1.9638139610862255,27.622715698040228,193.36885817854008,1.0000009536743164,0.001607060432434082
500,L2.down,down,2,spectral,rows,1.7385279089212418,1.7107757478952408,-0.0008258819580078125,False,,2.0364384732864416,28.763734888038538,209.28710151592261,0.9705783724784851,0.0015714168548583984
500,L2.down,down,2,spectral,cols,1.7385279089212418,1.7106652408838272,-0.0007153749465942383,False,,2.97448749602116,43.49426040811377,246.36990688404413,0.8827213644981384,0.0014731884002685547
500,L2.down,down,2,spectral,spectral,1.7385279089212418,1.709949865937233,0.0,True,0.0,1.8157562923280088,31.09856430502226,632.3713409231935,0.4744594097137451,0.0010093450546264648
500,L2.down,down,2,spectral,normuon,1.7385279089212418,1.7099509984254837,-1.1324882507324219e-06,False,,1.8157562923280088,31.09856430502226,638.6712530108925,0.4744594097137451,0.0010089874267578125
500,L2.down,down,2,spectral,pw05,1.7385279089212418,1.7104473859071732,-0.0004975199699401855,False,,1.7223556453492312,26.53491716593585,311.3848895517962,0.7060550136378685,0.0014429092407226562
500,L3.q,q,3,spectral,adam,1.7385279089212418,1.709921583533287,2.828240394592285e-05,False,,4.709189824990464,71.65786003658482,373.3220839969407,0.611073911190033,0.0004431009292602539
500,L3.q,q,3,spectral,sign,1.7385279089212418,1.7098995596170425,5.030632019042969e-05,False,,4.709189824990464,71.65786003658482,132.14738468916158,0.611073911190033,0.0004062652587890625
500,L3.q,q,3,spectral,euclid,1.7385279089212418,1.7099490314722061,8.344650268554688e-07,False,,1.4420909267361153,21.925566809970157,119.044060328928,0.999999463558197,0.000519871711730957
500,L3.q,q,3,spectral,rows,1.7385279089212418,1.709877535700798,7.233023643493652e-05,False,,1.5113550621631677,23.35749751554224,138.09673076744622,0.9516670107841492,0.0005052089691162109
500,L3.q,q,3,spectral,cols,1.7385279089212418,1.7099442780017853,5.587935447692871e-06,False,,1.4938201459922695,22.746788866492953,126.70222933445795,0.9622093439102173,0.0005129575729370117
500,L3.q,q,3,spectral,spectral,1.7385279089212418,1.709949865937233,0.0,False,,1.1928794921081052,20.678966024809775,367.9528529229102,0.352304071187973,0.00029015541076660156
500,L3.q,q,3,spectral,spectral_head,1.7385279089212418,1.7098639756441116,8.589029312133789e-05,True,9.384751319885254e-05,1.3555563108846234,23.2524176726294,299.5095006742285,0.559914231300354,0.0003707408905029297
500,L3.q,q,3,spectral,normuon,1.7385279089212418,1.7099486887454987,1.1771917343139648e-06,False,,1.1928794921081052,20.678966024809775,366.26364640967773,0.352304071187973,0.0002905130386352539
500,L3.q,q,3,spectral,pw05,1.7385279089212418,1.709883525967598,6.633996963500977e-05,False,,1.171487646354404,18.946274831225093,178.33045647886556,0.6208403877883698,0.00047457218170166016
500,L3.k,k,3,spectral,adam,1.7385279089212418,1.7099861055612564,-3.62396240234375e-05,False,,4.001673960060859,59.20393079187487,300.0710444370104,0.60504549741745,0.0004743337631225586
500,L3.k,k,3,spectral,sign,1.7385279089212418,1.7099018543958664,4.801154136657715e-05,False,,4.001673960060859,59.20393079187487,105.09291360872767,0.60504549741745,0.00042235851287841797
500,L3.k,k,3,spectral,euclid,1.7385279089212418,1.7098282873630524,0.00012157857418060303,False,,1.3851989809433465,19.827984734683685,93.73719361243214,1.0,0.0005693435668945312
500,L3.k,k,3,spectral,rows,1.7385279089212418,1.7097900062799454,0.00015985965728759766,False,,1.431449247736055,21.240352170412,103.28970401857053,0.9452681541442871,0.000544428825378418
500,L3.k,k,3,spectral,cols,1.7385279089212418,1.7098008841276169,0.00014898180961608887,False,,1.4422074731499328,21.01398719805615,99.24960519840872,0.9650411009788513,0.0005567073822021484
500,L3.k,k,3,spectral,spectral,1.7385279089212418,1.709949865937233,0.0,False,,1.11560757599389,18.52906908112553,237.11742592660013,0.343857079744339,0.0003228187561035156
500,L3.k,k,3,spectral,spectral_head,1.7385279089212418,1.7098667919635773,8.307397365570068e-05,False,,1.21809633095228,20.333461918021985,236.74026429890677,0.5150589346885681,0.00038444995880126953
500,L3.k,k,3,spectral,normuon,1.7385279089212418,1.7099494189023972,4.470348358154297e-07,False,,1.11560757599389,18.52906908112553,238.8370637859798,0.343857079744339,0.00032269954681396484
500,L3.k,k,3,spectral,pw05,1.7385279089212418,1.7097770720720291,0.00017279386520385742,True,9.92119312286377e-05,1.1325061434601562,17.38756447824273,128.0860888280906,0.6244351515541475,0.0005174875259399414
500,L3.v,v,3,spectral,adam,1.7385279089212418,1.7103404849767685,-0.00039061903953552246,False,,4.610618823687373,46.55171705490612,149.5701636513628,0.5980517268180847,0.00040841102600097656
500,L3.v,v,3,spectral,sign,1.7385279089212418,1.7101552337408066,-0.0002053678035736084,False,,4.610618823687373,46.55171705490612,47.39644160149812,0.5980517268180847,0.00042724609375
500,L3.v,v,3,spectral,euclid,1.7385279089212418,1.710221990942955,-0.0002721250057220459,False,,1.4023303917282341,13.488612813667356,37.96255643611451,0.999999463558197,0.0005638599395751953
500,L3.v,v,3,spectral,rows,1.7385279089212418,1.7101689726114273,-0.00021910667419433594,False,,1.4794020278826814,15.292117005304563,54.94185749194359,0.9383438229560852,0.0005283355712890625
500,L3.v,v,3,spectral,cols,1.7385279089212418,1.7102324217557907,-0.00028255581855773926,False,,1.4553584170043856,14.811932348761516,45.727771700452585,0.9403363466262817,0.0005449056625366211
500,L3.v,v,3,spectral,spectral,1.7385279089212418,1.709949865937233,0.0,True,0.0,1.0836210612952817,16.6265651935419,608.043930378272,0.2779548168182373,0.00025641918182373047
500,L3.v,v,3,spectral,spectral_head,1.7385279089212418,1.7099881321191788,-3.826618194580078e-05,False,,1.21698405646771,17.760911198381557,299.02291735846416,0.4653336703777313,0.0003503561019897461
500,L3.v,v,3,spectral,normuon,1.7385279089212418,1.709950104355812,-2.384185791015625e-07,False,,1.0836210612952817,16.6265651935419,609.6804211172185,0.2779548168182373,0.00025653839111328125
500,L3.v,v,3,spectral,pw05,1.7385279089212418,1.7100767344236374,-0.00012686848640441895,False,,1.1113097540588666,13.26325263831757,98.7391027043363,0.5597082096795635,0.0004824399948120117
500,L3.o,o,3,spectral,adam,1.7385279089212418,1.7100874334573746,-0.00013756752014160156,False,,6.235473334132805,76.03973834577043,816.2867981382008,0.6055135726928711,0.00036334991455078125
500,L3.o,o,3,spectral,sign,1.7385279089212418,1.710071712732315,-0.00012184679508209229,False,,6.235473334132805,76.03973834577043,285.3367805600727,0.6055135726928711,0.00035703182220458984
500,L3.o,o,3,spectral,euclid,1.7385279089212418,1.7100185453891754,-6.867945194244385e-05,False,,1.816197077642679,20.907526511892026,203.00953363520483,0.9999998807907104,0.00046575069427490234
500,L3.o,o,3,spectral,rows,1.7385279089212418,1.7100164592266083,-6.659328937530518e-05,False,,1.916295471126834,23.104809405596583,258.98535067148,0.9571892619132996,0.0004481077194213867
500,L3.o,o,3,spectral,cols,1.7385279089212418,1.7100297957658768,-7.992982864379883e-05,False,,1.9180147707138655,23.668103142381533,281.74069998203504,0.9541940689086914,0.0004519224166870117
500,L3.o,o,3,spectral,spectral,1.7385279089212418,1.709949865937233,0.0,False,,1.4477624761243844,24.0092218085901,1770.0865865679198,0.3143523633480072,0.0002257823944091797
500,L3.o,o,3,spectral,spectral_head,1.7385279089212418,1.7100014090538025,-5.154311656951904e-05,False,,1.7014248757248995,26.68935201012182,1132.1140230456542,0.5593923330307007,0.0003141164779663086
500,L3.o,o,3,spectral,normuon,1.7385279089212418,1.7099491655826569,7.003545761108398e-07,True,4.6193599700927734e-07,1.4477624761243844,24.0092218085901,1786.558753105485,0.3143523633480072,0.0002257823944091797
500,L3.o,o,3,spectral,pw05,1.7385279089212418,1.7099511921405792,-1.3262033462524414e-06,False,,1.4738470767539509,20.35391746099484,479.63375136848504,0.6031776679319724,0.0004067420959472656
500,L3.up,up,3,spectral,adam,1.7385279089212418,1.7105459719896317,-0.0005961060523986816,False,,7.386795149876111,112.78855601170319,437.7500079314563,0.5599482655525208,0.0015512704849243164
500,L3.up,up,3,spectral,sign,1.7385279089212418,1.710510030388832,-0.0005601644515991211,False,,7.386795149876111,112.78855601170319,138.41990816063606,0.5599482655525208,0.0014799833297729492
500,L3.up,up,3,spectral,euclid,1.7385279089212418,1.711023136973381,-0.0010732710361480713,False,,1.674482421973827,24.674817246272045,102.79256267263236,1.000000238418579,0.0020192861557006836
500,L3.up,up,3,spectral,rows,1.7385279089212418,1.7107395976781845,-0.0007897317409515381,False,,2.508796912439972,38.31241666833716,139.3776920505801,0.8955139517784119,0.0018798112869262695
500,L3.up,up,3,spectral,cols,1.7385279089212418,1.710907444357872,-0.0009575784206390381,False,,1.7149689150263339,25.629788361065337,113.95964830284159,0.9575015306472778,0.0019637346267700195
500,L3.up,up,3,spectral,spectral,1.7385279089212418,1.709949865937233,0.0,False,,1.593274373511656,28.768620827238433,419.50860397474867,0.5287479162216187,0.0012661218643188477
500,L3.up,up,3,spectral,normuon,1.7385279089212418,1.7098796963691711,7.016956806182861e-05,True,4.501640796661377e-05,1.593274373511656,28.768620827238433,485.6318548740865,0.5287479162216187,0.001211404800415039
500,L3.up,up,3,spectral,pw05,1.7385279089212418,1.7105176001787186,-0.0005677342414855957,False,,1.4821144976285574,24.1446944186044,188.0139713963372,0.7320915754536435,0.0017904043197631836
500,L3.down,down,3,spectral,adam,1.7385279089212418,1.711010381579399,-0.0010605156421661377,False,,6.748072618653745,84.90796562047701,272.4676035044692,0.5236367583274841,0.0011408329010009766
500,L3.down,down,3,spectral,sign,1.7385279089212418,1.7106455862522125,-0.0006957203149795532,False,,6.748072618653745,84.90796562047701,85.22118996384015,0.5236367583274841,0.0011750459671020508
500,L3.down,down,3,spectral,euclid,1.7385279089212418,1.711241602897644,-0.0012917369604110718,False,,1.8700680463059538,22.332636978124448,63.074113097558495,1.0000020265579224,0.0016334056854248047
500,L3.down,down,3,spectral,rows,1.7385279089212418,1.7110812067985535,-0.0011313408613204956,False,,1.9521666164298699,23.75128224975727,67.55004764048618,0.9382935762405396,0.0015630722045898438
500,L3.down,down,3,spectral,cols,1.7385279089212418,1.7110387533903122,-0.0010888874530792236,False,,2.720572251749252,34.5571561098755,84.63356197144812,0.8430705666542053,0.0015038251876831055
500,L3.down,down,3,spectral,spectral,1.7385279089212418,1.709949865937233,0.0,True,0.0,1.2474629746685997,19.410876271213887,276.7898037677777,0.2325187623500824,0.0007138252258300781
500,L3.down,down,3,spectral,normuon,1.7385279089212418,1.7099511623382568,-1.296401023864746e-06,False,,1.2474629746685997,19.410876271213887,277.97528836566727,0.2325187623500824,0.0007164478302001953
500,L3.down,down,3,spectral,pw05,1.7385279089212418,1.7108156830072403,-0.0008658170700073242,False,,1.4474016343661567,19.441623054279866,103.51943856262898,0.5533321472988587,0.0014876127243041992
500,head,head,4,adam,adam,1.7385279089212418,1.709949865937233,0.0,True,0.0,0.2567109733009906,3.4263851280055517,6.418336648657533,0.2795242016132061,0.0019191503524780273
500,head,head,4,adam,sign,1.7385279089212418,1.7102271169424057,-0.0002772510051727295,False,,0.2567109733009906,3.4263851280055517,2.0724370770324936,0.2795242016132061,0.0013443231582641602
500,head,head,4,adam,euclid,1.7385279089212418,1.7124054729938507,-0.002455607056617737,False,,0.13955859981236776,1.5859703018181706,0.9752375656121436,1.0,0.002048969268798828
500,head,head,4,adam,rows,1.7385279089212418,1.710717335343361,-0.0007674694061279297,False,,0.15929387581944718,2.2165586941775692,1.9491461544737354,0.5427116980919471,0.0017429590225219727
500,head,head,4,adam,cols,1.7385279089212418,1.7114884853363037,-0.0015386193990707397,False,,0.14649165679255444,1.6489639574632877,1.0092006992043083,0.7850567102432251,0.002102971076965332
500,head,head,4,adam,spectral,1.7385279089212418,1.71030992269516,-0.0003600567579269409,False,,0.24266742618912515,3.6075641442433506,4.290361023299357,0.2901052915132963,0.0013974905014038086
