arm,step,block,kind,layer,rule,r_eff_frac,d_eff_frac,m_eff_frac,ns_dual_rel_err,ns_cos,fit_sign,fit_euclid,fit_rows,fit_cols,fit_spectral,fit_pw05,Lfree_sign,Lsame_sign,Efree_sign,Esame_sign,Lfree_euclid,Lsame_euclid,Efree_euclid,Esame_euclid,Lfree_rows,Lsame_rows,Efree_rows,Esame_rows,Lfree_cols,Lsame_cols,Efree_cols,Esame_cols,Lfree_spectral,Lsame_spectral,Efree_spectral,Esame_spectral,Lfree_pw05,Lsame_pw05,Efree_pw05,Esame_pw05,argmax_free,argmax_same,snr_block,snr_row_median,act_pr,fit_spectral_head,Lfree_spectral_head,Lsame_spectral_head,Efree_spectral_head,Esame_spectral_head
muon,50,embed,embed,-1,adam,0.3580309647780198,0.39260198152982273,0.6133434589092548,-0.08627173789118314,0.9807597994804382,0.39260198152982273,1.0000004768371582,0.6133434589092548,0.9450350999832153,0.3580311995286208,0.644134420733527,2975.4333195008735,1932.3584215554763,1.097805978349422,1.6903947269258444,3.2080310134463903,2.3623614897708447,0.31171783335188424,0.4233054429507149,79.15872915626697,51.521053024686175,0.5036377573773274,0.7738064827595671,271.9617983081032,193.81597699009183,0.44478486886901636,0.6241203366017418,30.557110257860003,16.787238130357554,0.7615910059420528,1.386292382299705,7.075616573230795,4.727908516428534,0.36602988804957654,0.5477870676181779,sign,sign,4.344567775726318,1.1055381298065186,nan,,,,,
muon,50,pos,pos,-1,adam,0.32572466135025024,0.6099984049797058,0.9562960267066956,-0.09995185802580586,0.9749228954315186,0.6099984049797058,0.9999994039535522,0.9562960267066956,0.9643121361732483,0.3257245421409607,0.6113054597459836,3832.4341282288365,2094.7330689616183,2.6077979510651983,4.771115716496393,1.3409506575229322,0.7907807955673728,0.7457391503135534,1.2645721918879786,114.63229506544,63.30260539415785,1.0678133186514265,1.9336627719552564,123.12109301211154,66.70463041531065,1.0025248347822389,1.8504255650870762,18.63888827549274,5.984183296397071,2.236869487669436,6.96715966114064,3.486019153328838,1.5983101437396012,0.8837554351946876,1.9275285125444774,sign,spectral,0.8776106834411621,0.7306230664253235,nan,,,,,
muon,50,L0.q,q,0,spectral,0.14014281332492828,0.5142563581466675,0.7974345684051514,-0.08549344107651502,0.9449962973594666,0.5142563581466675,1.0,0.7974345684051514,0.8939958214759827,0.14014239609241486,0.42413623537101014,1306.270647096377,967.1652684540164,6.450099901275175,8.711619871692685,0.4700591811202678,0.3618624070211285,2.12739169909787,2.7634813138840695,44.23974626817203,32.6868944912915,2.3072380238603243,3.1227079336965917,47.368315475929,35.3152316182327,2.4157807597586203,3.2402864119924564,8.331931896495279,4.523169207822892,2.152955909359384,3.9658657876240655,1.1557746685187182,0.8238436678118671,1.8494203229467547,2.5945616191756526,sign,sign,6.030951499938965,3.8533425331115723,0.09252113375724534,0.2279241532087326,14.626452876137119,8.61695505180226,2.405286978894774,4.082743433021908
muon,50,L0.k,k,0,spectral,0.07255440205335617,0.4719480872154236,0.735339343547821,-0.1937581277501237,0.9161396026611328,0.4719480872154236,1.0,0.735339343547821,0.7867723107337952,0.07255405187606812,0.3181329505370176,1918.680263910606,1608.5918309751726,4.0300604568566945,4.8069356763113165,0.9861222229533104,0.8393666270901148,1.014073080114884,1.1913745051632123,76.93108549070323,64.63353738605456,1.223477289755589,1.4562631070604117,91.47336919404368,76.90253860569635,1.1009418004522713,1.309538769458336,11.593337114610616,8.242394632520154,0.8010606637280089,1.1267315795838087,2.2062726692909527,1.832220278333689,0.7266960364886692,0.8750528651746623,sign,sign,17.531700134277344,8.20444107055664,0.09252113375724534,0.12480877339839935,20.073318711871746,14.262886884061993,1.057237497603175,1.4879361672036402
muon,50,L0.v,v,0,spectral,0.13726621866226196,0.5901850461959839,0.8928617835044861,-0.05931656927926687,0.921789824962616,0.5901850461959839,1.000000238418579,0.8928617835044861,0.9398078322410583,0.13726577162742615,0.4361288263727856,5535.056563036111,4305.007037951379,1.7469725352853482,2.2461268266535663,2.091314546415416,1.6602862224286032,0.47816826030910237,0.6023059306941769,203.88349492794444,157.59558429513928,0.5605471317281703,0.7251872493745953,206.8873360229413,162.5495653900898,0.5814536783127033,0.7400536706337423,30.313658235368894,19.271611330767943,0.5796094777391109,0.9117080723869042,4.953095370544301,3.77200927434447,0.4437534150532648,0.5827008434769895,sign,sign,7.6553449630737305,4.830145359039307,0.09252113375724534,0.3342737853527069,61.033135394933694,39.01990886018887,0.7659801738656481,1.1981107344172988
muon,50,L0.o,o,0,spectral,0.1427636742591858,0.5975057482719421,0.9158449769020081,-0.06466545404152224,0.9362015128135681,0.5975057482719421,1.0000009536743164,0.9158449769020081,0.9167636632919312,0.14276373386383057,0.43373985497484063,2735.5359025827797,1882.956332397342,3.5786531518173925,5.199023477737087,0.9627578805773092,0.712795651524923,1.0386837374674875,1.4029279661498486,101.82750527372673,71.08189595307586,1.1512425520818876,1.6491985121055897,98.87492188996735,68.88746461548378,1.1868100288560028,1.7034412509789405,23.082245956002005,11.821248726767353,0.7916802363774589,1.5458398987234123,2.7059824974258153,1.7799760001065257,0.8078070192639716,1.2280568138532237,sign,sign,2.4571454524993896,1.4905070066452026,0.06623725958365562,0.3291241228580475,45.45509440863691,24.312048805466045,1.034430370659101,1.934025821258603
muon,50,L0.up,up,0,spectral,0.31690290570259094,0.5811223387718201,0.9007437825202942,-0.11298956665080617,0.9831568002700806,0.5811223387718201,1.0000020265579224,0.9007437825202942,0.9710594415664673,0.3169032335281372,0.5905278235809227,4550.1961781938735,2879.7918310320642,8.369844310507728,13.224717558873428,0.4603061447508239,0.30109046439295023,2.1724715995248127,3.3212676747305734,125.24496751644106,78.83809206307261,3.682230318674088,5.849720669057205,52.056115801571224,33.1559556650931,2.3877234520205244,3.748816947881475,17.769688737090664,8.269289697711667,2.2827417338062816,4.905331843450754,1.5116447680438299,0.881308761664899,1.9687644959544197,3.3768784327047703,sign,sign,2.013573408126831,1.6851166486740112,0.09902111530023408,,,,,
muon,50,L0.down,down,0,spectral,0.20145128667354584,0.5744443535804749,0.9396414756774902,-0.10811753005909808,0.9836287498474121,0.5744443535804749,1.0000015497207642,0.9396414756774902,0.890251636505127,0.20145148038864136,0.4908250971799317,6329.00667822027,4156.316095891937,5.948292847565197,9.057729077309524,0.7159178712748532,0.4812939569938288,1.3968104301405913,2.077735519404384,80.3123704004898,52.65550500326387,1.4975788696928467,2.2841696965827887,214.90095679175815,141.020798467648,2.1210181876123975,3.232210020390669,21.320077545860737,10.860704496829163,1.2094601303505328,2.3742275443760104,2.1668232326139933,1.3353083069814695,1.1415802157319364,1.8524579832294723,sign,sign,2.8543941974639893,2.1368701457977295,0.022267450125320987,,,,,
muon,50,L1.q,q,1,spectral,0.1394505351781845,0.5543718338012695,0.8686288595199585,-0.15426320958729012,0.9457502365112305,0.5543718338012695,1.0,0.8686288595199585,0.9182866811752319,0.1394505649805069,0.4372104346161065,122.23462266166989,88.20830514393532,74.30650929516206,102.9702147680873,0.04793177344500169,0.03564869795179135,20.862987703708253,28.05151541165194,4.667361244919451,3.340635322196222,23.821703138916455,33.282439804132544,5.061853774347902,3.647917258032477,23.22087923323545,32.22131613089982,0.9603277413437207,0.5387085848162756,18.587057133727253,33.13417884652152,0.12543355378795076,0.08585338516458177,17.566286989645967,25.664705005474094,sign,sign,2.89341402053833,2.0201449394226074,0.07138862197835706,0.24083036184310913,1.6183044860871887,0.9854387681911109,21.47522695172845,35.2669868869851
muon,50,L1.k,k,1,spectral,0.11912843585014343,0.542060375213623,0.8519657850265503,-0.1309603214374262,0.9441077709197998,0.542060375213623,0.9999997019767761,0.8519657850265503,0.8868966102600098,0.11912845075130463,0.40317400246162705,144.99542746293474,111.03196679338036,61.251015586476235,79.98702935729213,0.04922648645386502,0.03903314369042387,20.31426116332666,25.619245785271183,4.857399503526862,3.72465546712798,22.450617949834722,29.278310825212063,5.078157029943111,3.93838331360634,22.35511140043517,28.82471234353508,0.9998120812795285,0.6477957863176158,15.251310563956634,23.538968420695458,0.13126074572816876,0.09904425020230692,15.479649714551178,20.514773558207988,sign,sign,2.6373419761657715,1.9094513654708862,0.07138862197835706,0.21924687922000885,1.600930216575393,1.007181529047473,20.27291878387062,32.22410987815839
muon,50,L1.v,v,1,spectral,0.11087010055780411,0.5731564164161682,0.890328049659729,-0.09817107572053352,0.9267272353172302,0.5731564164161682,0.9999997019767761,0.890328049659729,0.8962118029594421,0.11087001860141754,0.395102436488371,1206.4208668424278,855.0127636110311,7.7838464043982905,10.982987770735246,0.3733926916377043,0.2755918862905535,2.6781448174327327,3.628552768503814,38.53125540210811,27.36156786596123,2.9576505921530463,4.165038747586468,39.5051848040766,28.140363300221907,2.903798864572606,4.076532685628262,6.726116330745699,3.760788392530701,2.1098909415013445,3.7735098166943084,0.9580598367166399,0.6541201563752295,2.0783581881584783,3.0440760569432386,sign,sign,4.506349563598633,2.6526830196380615,0.07138862197835706,0.26202282309532166,13.478127948233356,7.522893953928028,2.8958233222079746,5.188199845860897
muon,50,L1.o,o,1,spectral,0.06710655242204666,0.5274366736412048,0.8264129161834717,-0.15961052278840437,0.9046235680580139,0.5274366736412048,1.0000009536743164,0.8264129161834717,0.795944333076477,0.06710660457611084,0.31798977215498503,840.976072644173,555.7883597627699,10.2755865975676,15.548224983743824,0.2729309482069643,0.1916624966699398,3.6639339006583196,5.217509794816086,28.784645671539334,19.22450903611373,3.6749055200660203,5.502395565617428,26.899566384727155,17.812835752244517,3.787454161031914,5.719520240956104,5.174414981044919,2.5931398095230054,1.660021965030847,3.3124486744504757,0.7131497655763959,0.45161176577036893,2.2471694801581688,3.5485532252498655,sign,sign,2.800151824951172,1.812470555305481,0.035769982516064405,0.13776732981204987,10.742091643723276,5.5705857221252435,2.379492823951485,4.588517483708523
muon,50,L1.up,up,1,spectral,0.2794059216976166,0.562348484992981,0.880202054977417,-0.1406337653115569,0.9818573594093323,0.562348484992981,1.0,0.880202054977417,0.9521167874336243,0.27940601110458374,0.5593634745499183,3227.2894408796105,2039.52142251226,11.419511942645986,18.069959896328797,0.32140139758521447,0.21093956218924517,3.111374149313915,4.740694394268471,98.04693466097333,61.619924859872704,4.596405320643031,7.313599508166757,36.89641675323497,23.616637090139577,3.3030564893762646,5.160385381134026,10.157681174736775,5.086889673628386,3.5208796792158394,7.030617043159537,1.005445225343574,0.601482722176221,2.803747749372081,4.686776001602324,sign,sign,2.450770139694214,2.293457269668579,0.07102599376163679,,,,,
muon,50,L1.down,down,1,spectral,0.1858636736869812,0.5586608052253723,0.9268955588340759,-0.06102187205864906,0.9853653311729431,0.5586608052253723,1.0000003576278687,0.9268955588340759,0.8700547218322754,0.18586371839046478,0.47448994109574577,3742.745222592769,2414.3433380975066,9.782229981950772,15.164535198254125,0.47315129420790863,0.32194160383265363,2.1134896382391717,3.1061544880284324,51.4155315490546,33.90109125574184,2.3075251379549973,3.499669985126723,138.64536242413428,89.53346160855297,3.213003376307533,4.975436105952707,12.887042533510689,6.789102818151019,1.8460828590207141,3.504225663069897,1.3945352258673314,0.8738025730942508,1.71474910359536,2.7366342262192322,sign,sign,3.248403549194336,2.162701368331909,0.016483233585306897,,,,,
muon,50,L2.q,q,2,spectral,0.129764124751091,0.5299805402755737,0.8331269025802612,-0.05383865338817584,0.9340226650238037,0.5299805402755737,0.9999993443489075,0.8331269025802612,0.8919240832328796,0.1297638714313507,0.4245197159475031,91.65310227201424,68.74847895406344,94.73985011554123,126.30390234054438,0.031124795359388658,0.025118956195628532,32.12870423089423,39.81054533320688,3.164648320727065,2.3642048410084917,33.69734413515284,45.10617763762984,3.366994601133851,2.596709398301826,33.90747422504407,43.96575247444712,0.6460452551796518,0.3832319099116851,25.709972989697405,43.341396243905436,0.08367944619744458,0.06112970916743996,25.56716845275723,34.99847334629644,sign,sign,2.800501823425293,2.052873134613037,0.06335557039842209,0.24132534861564636,1.1380450794437078,0.7189868717931438,29.052042778864976,45.984892950573446
muon,50,L2.k,k,2,spectral,0.10915013402700424,0.5344328284263611,0.8347921371459961,-0.08855693405216092,0.9326483011245728,0.5344328284263611,0.9999995231628418,0.8347921371459961,0.8757257461547852,0.1091499924659729,0.39106900708657905,109.59391760363876,90.65815588642445,79.89629034528443,96.58422207382098,0.0379711852816547,0.032233503014517106,26.33574684975607,31.02360679546585,3.689785393373413,3.0531262747178145,28.95924346889888,34.99802626557378,3.9452080029518513,3.2756570061791086,28.412417146052444,34.21997336606475,0.690161175420204,0.4695037674655097,20.24340666838136,29.757404112386848,0.09747117039963372,0.0779955433283924,20.219983816463685,25.268950044417757,sign,sign,3.479020833969116,2.4199469089508057,0.06335557039842209,0.2128225415945053,1.1959200933255,0.8032942330940861,25.677232399135146,38.227484901559826
muon,50,L2.v,v,2,spectral,0.0857657790184021,0.5512715578079224,0.8596380352973938,-0.0659060777305539,0.9058204293251038,0.5512715578079224,0.9999995827674866,0.8596380352973938,0.8492422103881836,0.08576563745737076,0.3571453341171565,1007.7493242656054,714.688747713199,8.962579270104765,12.637715693754718,0.3423381422652406,0.2506133808456979,2.92108725060702,3.990208261797418,33.96991105365246,24.14041484795048,3.239150916358833,4.558068666637196,35.00503991799783,24.902168993262514,3.105352920160445,4.365202202229773,5.065718869499895,2.922115855275301,2.1671196218129136,3.7568732057158223,0.8213207351528408,0.5677905504488504,2.191471820919741,3.1700091620082023,sign,sign,6.620783805847168,4.1586222648620605,0.06335557039842209,0.23232102394104004,10.581388576388111,6.006662915903875,3.054968565363278,5.381658656617893
muon,50,L2.o,o,2,spectral,0.04438789561390877,0.47978585958480835,0.7302517294883728,-0.19997459338308643,0.8650762438774109,0.47978585958480835,1.0000008344650269,0.7302517294883728,0.7742955088615417,0.04438791051506996,0.2776388492914398,905.9196782594912,629.4134414132146,8.677161686718382,12.489106533517479,0.3163396665357926,0.22869968265419086,3.161161688687184,4.3725501621141065,30.60944041906437,21.18663543187114,3.0537056573009007,4.411848293471888,30.376124193752037,21.518575257948754,3.262754145397618,4.605780073551437,4.0565853246659085,2.2518079620263274,1.4005997880488028,2.5231514595126594,0.7245870986312588,0.4952243845355935,1.9310465358144888,2.8254089467341195,sign,sign,6.3291707038879395,3.930414915084839,0.045536248167536514,0.09244813024997711,8.730456403470473,4.965135226745423,2.049109354063141,3.6030559218662446
muon,50,L2.up,up,2,spectral,0.247152641415596,0.5716142654418945,0.8996583819389343,-0.10337229792126046,0.9800800681114197,0.5716142654418945,0.9999996423721313,0.8996583819389343,0.9427903294563293,0.24715258181095123,0.5343462160281376,2561.1913755452047,1678.545225149175,14.626518290545764,22.31772605154011,0.2716466076143141,0.1812586010524035,3.6812520912903812,5.516977603082253,77.72603491372922,50.575887797821736,5.92626514479991,9.107602685969521,30.96249344721856,20.220585665575907,3.897527257490656,5.968034960325325,8.015864405650008,4.177384783760339,3.94661592315582,7.573048627021391,0.82423918596704,0.5060541498190908,3.2671774783741263,5.3214378464194665,sign,sign,2.8513810634613037,2.1794538497924805,0.06346107782749565,,,,,
muon,50,L2.down,down,2,spectral,0.159035325050354,0.5499741435050964,0.9012590050697327,-0.05621133523301458,0.9842115640640259,0.5499741435050964,1.000001072883606,0.9012590050697327,0.8663080334663391,0.15903538465499878,0.4457919124316681,3803.566456151571,2526.989527540171,9.47613401376408,14.26325874165184,0.4006650830922546,0.27780083577357323,2.4958528084498743,3.599705055238479,44.4993512371404,29.748290841085545,2.5924232475695543,3.877908591965216,114.23967909959855,76.36910390196188,3.882623941442114,5.807973257145565,9.887592770210611,5.3107214573238215,2.0587952708944584,3.8331005305817536,1.1454244669964195,0.7327819925886556,1.9614132232499308,3.065919630290274,sign,sign,4.089844703674316,3.110895872116089,0.013732902171014843,,,,,
muon,50,L3.q,q,3,spectral,0.09925473481416702,0.508587121963501,0.7932817935943604,-0.04971818849759935,0.9118999242782593,0.508587121963501,0.9999997615814209,0.7932817935943604,0.8591508865356445,0.09925466775894165,0.37820175772821707,87.71793277869082,59.96105864620677,94.99416074103205,138.96838372077573,0.03139665493595981,0.02221378846534121,31.850519223182665,45.0170741087977,3.166387493612591,2.146326612683786,32.06811225249919,47.30876884255351,3.2670708835875084,2.2279786239676844,33.660522650125394,49.35923185866148,0.5866943150185018,0.32236218727528265,21.654549844140128,39.4109538566713,0.08263826134037769,0.05361373010619966,23.064583331412894,35.55091319467463,sign,sign,2.661874294281006,2.4417786598205566,0.05924090571390422,0.18050897121429443,1.0699567484242094,0.6278321094552249,25.6132015552444,43.65023298436068
muon,50,L3.k,k,3,spectral,0.08875803649425507,0.5183513760566711,0.8135864734649658,-0.04805674187501996,0.9080978631973267,0.5183513760566711,0.9999993443489075,0.8135864734649658,0.8421916961669922,0.08875782042741776,0.3609463854543379,115.71204644954993,86.08880858493896,73.39485564292804,98.6500926764861,0.03998527282083255,0.03066228449689405,25.009191479816593,32.6133346147187,3.842622513724212,2.8741995201557526,27.101040560600268,36.23237283049589,4.113012830745041,3.0925104205155747,26.20962820819787,34.85858491995083,0.700216566673016,0.45635283069203464,16.225018522335727,24.895269624355407,0.10275456429420858,0.07553694070646766,17.702917332631827,24.0816683895066,sign,sign,4.3677897453308105,2.6494030952453613,0.05924090571390422,0.167412668466568,1.1871823358213935,0.747857351349111,21.12713088376874,33.53815610229702
muon,50,L3.v,v,3,spectral,0.07432185113430023,0.551031231880188,0.8455184698104858,-0.04648893856652281,0.8846849203109741,0.551031231880188,1.0000008344650269,0.8455184698104858,0.8541523218154907,0.07432170957326889,0.34246925428233155,1193.9040488110268,853.4092467079986,7.561826858796408,10.578858546413244,0.4431618659204352,0.3284033893898667,2.256513728653191,3.0450381048834667,42.23082881432307,30.272580437201228,2.5627336042013926,3.5750624021051562,44.28102607810302,32.09709546728416,2.4690371221196084,3.406273857515298,5.26575485768291,3.1512733181311723,1.806616174884153,3.018842524426425,0.9962496527726161,0.7085421434211596,1.7324343584598911,2.435899041563593,sign,sign,9.398995399475098,6.071568012237549,0.05924090571390422,0.2137525975704193,11.308287658225824,6.7718808032800055,2.584748556421239,4.316242569721253
muon,50,L3.o,o,3,spectral,0.03529251739382744,0.5009987950325012,0.7551314830780029,-0.18257357300876564,0.8305991888046265,0.5009987950325012,1.0000009536743164,0.7551314830780029,0.7681128978729248,0.035291917622089386,0.2629881976344911,969.110287442346,696.4639859294808,8.470000127101972,11.785769865555723,0.4028142235285571,0.29668838044893464,2.482536353643486,3.3705430329329475,36.939744196276656,26.43486563074852,2.616607990580696,3.6564146451175845,37.676319506280066,27.506879814190206,2.6095556098930044,3.574322191098316,3.9923722816448652,2.389254453487328,1.131518998917522,1.8907341915128593,0.8610992139973509,0.6139185466939054,1.5391699804117562,2.158882587076659,sign,sign,8.486477851867676,6.465191841125488,0.041832289481952015,0.08035565912723541,9.114841839366218,5.572728777279746,1.6374530008419874,2.6782435891947025
muon,50,L3.up,up,3,spectral,0.206369549036026,0.5487311482429504,0.86292964220047,-0.0821050435747015,0.9797384142875671,0.5487311482429504,1.0000007152557373,0.86292964220047,0.9199153184890747,0.2063695788383484,0.4918620937549041,1856.6848858933934,1226.5321334696653,19.368738769016314,29.31977365282734,0.27484030372676327,0.1852016463181917,3.6384791520602575,5.399523898063269,82.32281538416558,53.91062612821871,5.366920151416768,8.195415422477843,30.708756911137236,20.308496612979393,3.834383824370863,5.79802449243568,7.263125239608029,3.89906570243387,3.636907371038075,6.7747803542305505,0.7956534088369709,0.49818018078830656,3.115464687984195,4.975770202627095,sign,sign,3.959674596786499,2.594721794128418,0.0585794081467386,,,,,
muon,50,L3.down,down,3,spectral,0.13307033479213715,0.5288131237030029,0.8902663588523865,-0.08560738610594754,0.9803100824356079,0.5288131237030029,1.0000026226043701,0.8902663588523865,0.825461745262146,0.13307055830955505,0.41537129620883617,3292.4946326270588,2191.6876258789107,10.525847644996153,15.812607812257063,0.36873445505593805,0.25822423932801697,2.711985844807117,3.8726132961285917,40.02928601917053,26.92809479662327,2.8467680857093334,4.231791918208602,105.06634004503977,70.68548864027133,4.022567202712527,5.979111437215587,8.207713713544178,4.474146597039459,2.07524654864203,3.8069895983169535,1.0249527360823563,0.6648688769647517,2.0423777229972484,3.1485014682235786,sign,sign,4.681950092315674,3.4076271057128906,0.013936506358728727,,,,,
muon,50,head,head,4,adam,0.2494082524226262,0.41926463200495795,0.6472027118389423,-0.1482753534094995,0.9662336707115173,0.41926463200495795,1.0000001192092896,0.6472027118389423,0.9404863715171814,0.2494083697979267,0.5613977681294703,5151.519514922473,2540.2517847900344,0.6771364697691039,1.3732031443369601,6.3445070036129385,4.028817384183314,0.15761667827615766,0.24821182591575833,141.3728797484818,69.20151135946597,0.2975689279611142,0.6079083453973843,482.1275657385717,293.7421304928873,0.2496896342564141,0.40982291288009215,38.09889640570834,17.916885128964694,0.4255120686314421,0.9048191192541699,12.231453227415527,7.0401556752125325,0.184542747973403,0.3206216019118452,sign,sign,4.083899021148682,0.9386752843856812,0.05593271396230461,,,,,
muon,100,embed,embed,-1,adam,0.404354007427509,0.3360178433931791,0.5243516188401443,-0.12602745268008764,0.983055591583252,0.3360178433931791,0.9999997615814209,0.5243516188401443,0.9326348304748535,0.404354007427509,0.6542178841159858,1691.1764284459773,1058.8919329503835,1.6530909549160349,2.6401829781077826,1.622108034637676,1.2193078152458428,0.6164816030917367,0.8201372525278172,44.640051065849086,27.97251441826851,0.7635039479308242,1.2184408850407196,149.47749088704097,111.09816050828265,0.7986303328505411,1.0745205659087522,24.854426518273343,13.896057422456137,1.0574780497737266,1.8914005378471261,4.360028707702648,2.933423879069652,0.6033060395730967,0.8967103836706151,sign,sign,0.6421071887016296,0.47595080733299255,nan,,,,,
muon,100,pos,pos,-1,adam,0.4977613687515259,0.5902500748634338,0.9235971570014954,-0.13214152772276933,0.9812968969345093,0.5902500748634338,1.000001072883606,0.9235971570014954,0.9815464019775391,0.4977617561817169,0.7349975312754615,2091.2228528000132,932.5728730390821,4.6244029963684214,10.369867606214644,0.6001029262720179,0.27671667973427827,1.6663825972251969,3.613808440618301,58.604433646639635,26.27054763954448,2.017260960305691,4.500113119767507,57.30228803586658,25.554518759600505,2.192546646208714,4.916466658403592,14.782671082762484,5.09066390370875,4.310011984692307,12.51575251040496,2.035148200063975,0.8125115468613467,1.820091491037161,4.558896345836351,sign,spectral,0.31404930353164673,0.11578346788883209,nan,,,,,
muon,100,L0.q,q,0,spectral,0.2953107953071594,0.5969512462615967,0.9364153742790222,-0.11138147666889064,0.962881326675415,0.5969512462615967,1.0,0.9364153742790222,0.9695957899093628,0.29531070590019226,0.5933108252924144,1562.5216545107305,1058.9403317872914,6.259400751673124,9.236072066725844,0.543274517560818,0.38125886025955197,1.8406900520381078,2.622889863645985,59.58665628947774,39.89167007600475,2.0115437813026076,3.0046665802496086,63.29814387820961,43.52191518952659,1.9606935291371588,2.851626831400671,20.28748582108333,9.474523038273825,1.8632064368784071,3.9896229094830153,1.7805420005851018,1.082840092937596,1.6793196625988471,2.7613488004068283,sign,sign,0.7932714223861694,0.7556215524673462,0.11328145591883712,0.4430026113986969,31.92985488514625,16.34566581682352,2.1796588696250576,4.257776476417328
muon,100,L0.k,k,0,spectral,0.14943331480026245,0.5391411781311035,0.8407382369041443,-0.08120503920941347,0.9508984684944153,0.5391411781311035,0.9999996423721313,0.8407382369041443,0.8576971888542175,0.14943315088748932,0.4160054631380106,2554.1232873994736,1876.0320324670233,3.4584427095114,4.708495862346247,0.8560007137082029,0.6477822930879245,1.168222907245163,1.543727967007582,90.5262520790192,67.02379630431838,1.1887655995058224,1.605616217784978,91.51871991429452,67.3472560650981,1.1995932665595799,1.6301367952871169,22.840712609300358,12.81617459536277,0.8374282755345958,1.492446785120149,2.4297885156622527,1.6955985402961404,0.8628469799589944,1.2364575887828126,sign,sign,0.7363998293876648,0.4673211872577667,0.11328145591883712,0.26662686467170715,38.29376868053534,22.055777891733186,1.0352280667220595,1.7973877100707936
muon,100,L0.v,v,0,spectral,0.23365828394889832,0.6121066808700562,0.9403268694877625,-0.1443865611088445,0.9565914869308472,0.6121066808700562,1.0000003576278687,0.9403268694877625,0.9664037823677063,0.233658105134964,0.5365952969665847,1816.32410047342,1362.5505805505616,5.5214572425488555,7.360281520941932,0.5747700881253281,0.4415212201069809,1.739826720784084,2.2648976132688885,65.95355952379103,48.898462934674335,1.824948344918612,2.461464677432303,66.59095833077646,50.15265315221107,1.8576048046735485,2.4664634145604096,21.55204321042818,11.86895510677647,1.3877232658423473,2.519874034444273,1.9201963605486527,1.3069997698460167,1.4083303641500902,2.06906757145777,sign,sign,0.6576727628707886,0.4009736478328705,0.11328145591883712,0.40285220742225647,36.51503436752364,20.844370181901038,1.7785354500122021,3.115627026113953
muon,100,L0.o,o,0,spectral,0.3034651279449463,0.6100863814353943,0.9683029055595398,-0.10468672668536838,0.9674467444419861,0.6100863814353943,1.000000238418579,0.9683029055595398,0.9592099785804749,0.3034650981426239,0.6015859349592753,1722.6994651778089,1192.2980568896387,5.8023209941647,8.383520559878525,0.4945152807199928,0.3522926055926235,2.022182685563573,2.83855017829962,56.75859874273057,39.45344628203389,2.183682731023997,3.141494180904078,57.15750302254351,39.35531636269517,2.148079792951689,3.119753278738286,20.37136496442465,10.061063695240511,1.9067717884482327,3.8607790570616296,1.7095636602057442,1.0643512348999544,1.773436395742586,2.8484980487975458,sign,sign,0.47478118538856506,0.400972843170166,0.08111863537695727,0.48200955986976624,34.13797197519987,18.29352809739833,2.1898876630323296,4.0865995488352835
muon,100,L0.up,up,0,spectral,0.43568089604377747,0.5806624293327332,0.9133533239364624,-0.1250994581274053,0.983911395072937,0.5806624293327332,1.0000009536743164,0.9133533239364624,0.9774364233016968,0.4356813132762909,0.6841628426959018,1553.8963983007086,968.0012228288934,24.48959467977721,39.312236463441515,0.17427757031942934,0.11242515629451477,5.73797851233201,8.894814885154902,53.24827795796878,33.03343066993538,8.782197655755088,14.156473983220817,20.64022210350729,13.04609632233064,6.061556002411309,9.589984551046637,9.420436111329332,4.248719691995444,5.919811720000704,13.125650111592496,0.6574160806099411,0.3700230300915379,5.244722132557139,9.318243427769762,sign,sign,0.7348927855491638,0.7052180767059326,0.135050303320603,,,,,
muon,100,L0.down,down,0,spectral,0.3502304255962372,0.5785886645317078,0.9709520936012268,-0.11514738824333226,0.9863631725311279,0.5785886645317078,1.0000003576278687,0.9709520936012268,0.9040252566337585,0.35023051500320435,0.6214916329914295,1662.1374320024634,1134.9845016935235,22.81302736384906,33.408726429454795,0.16424124084913394,0.11645500581036344,6.088606932447818,8.587010499628326,19.071063074672452,13.183244271277776,6.516777145266276,9.42725974149845,51.071126744358864,34.91290580726144,9.063064805939696,13.257588295621478,7.762052871662101,3.8247747396197633,5.775469820539044,11.720821527431855,0.5928464912000632,0.3678021797294879,5.283190729155608,8.515776302424923,sign,sign,0.8513443470001221,0.8838546276092529,0.04027033409642653,,,,,
muon,100,L1.q,q,1,spectral,0.12133897840976715,0.4696817994117737,0.7423785924911499,-0.03751302875893714,0.9435896277427673,0.4696817994117737,1.000000238418579,0.7423785924911499,0.8749182820320129,0.12133872509002686,0.40463904397320294,296.2415978872189,234.72034963464827,25.976320194208977,32.78482932366322,0.10757964178670648,0.08835362200520724,9.295441236002965,11.318157826734513,10.93387556425417,8.718225182395164,8.690830555043826,10.899518864315574,11.72164560388499,9.287004857752189,9.554080022943207,12.058736031199128,3.1645846606668013,1.8670635393736386,4.90787634256305,8.31861897712114,0.3258847494279336,0.2404258289403971,6.257589531343393,8.481838267677324,sign,sign,0.4722948670387268,0.5537338256835938,0.10126037619338772,0.21076084673404694,4.867131037002314,3.037195209132928,5.79813435863122,9.291559399522418
muon,100,L1.k,k,1,spectral,0.09202709794044495,0.41217321157455444,0.6576141119003296,-0.02990024667398683,0.9354333877563477,0.41217321157455444,1.0,0.6576141119003296,0.8251039385795593,0.09202686697244644,0.3547996970651364,360.24440742549507,349.50910428083614,18.745734171693282,19.321516423249793,0.12925173162589815,0.13727977211741937,7.736840252897859,7.284394376359184,12.35935933110696,12.055349257530828,6.810596250841679,6.9823448931319305,14.299558734669315,14.66361905270612,7.385773652030526,7.202403701199059,3.486460223564027,2.6723545723754425,3.3786321580306984,4.407898095108544,0.37797598010266376,0.3651382319655055,4.730664610920682,4.896988143982279,sign,sign,0.05067943409085274,0.6156392693519592,0.10126037619338772,0.11509198695421219,4.870405409656327,3.57501401229465,4.185458962584601,5.702042538340265
muon,100,L1.v,v,1,spectral,0.15892864763736725,0.5552986860275269,0.8848515152931213,-0.08007455122860552,0.9596474170684814,0.5552986860275269,1.000000238418579,0.8848515152931213,0.881184995174408,0.15892791748046875,0.44274535652678354,438.93114504626266,374.81726085221527,20.727655748639307,24.273198227821766,0.1480585567235172,0.13089982865106378,6.754086089640653,7.639431225569083,16.072427813388234,13.645564202075047,7.046912592954613,8.30020600689389,16.578112081917215,14.256898001071226,6.8036504292520235,7.9113759089704745,4.602112198142475,2.8830448174275864,4.420332254925304,7.056034948629558,0.45867020491292754,0.36445356894415476,4.864708354336646,6.122307387987526,sign,sign,0.40199944376945496,0.34488266706466675,0.10126037619338772,0.2836802005767822,7.6162505693772635,4.802377285643017,5.719684403007543,9.071038571104607
muon,100,L1.o,o,1,spectral,0.13644850254058838,0.5626475811004639,0.8879427313804626,-0.0791016100407177,0.9552634954452515,0.5626475811004639,1.0,0.8879427313804626,0.869111955165863,0.13644851744174957,0.41361507249292834,319.69501467748563,210.01749244047232,28.835038225571687,43.89357220500517,0.11918555128024089,0.07919863387266995,8.390278764988055,12.62648042146447,13.369717423975302,8.70787423930237,8.501052491422438,13.052171688897152,13.0651538542777,8.63060796723445,8.514735570818171,12.889744347509472,3.8167574495021683,1.82810817691099,4.575979674258869,9.553813461963653,0.3712432310231021,0.2227749561728288,5.614885922988061,9.356924259740735,sign,sign,0.41966021060943604,0.47505486011505127,0.024028554575945223,0.2683333456516266,6.375797275542279,3.408354441597685,6.258336685106469,11.707082309087518
muon,100,L1.up,up,1,spectral,0.4037938416004181,0.5550130605697632,0.8751278519630432,-0.1106857367362325,0.9837653040885925,0.5550130605697632,1.0000020265579224,0.8751278519630432,0.9711177349090576,0.4037942886352539,0.6592018809772332,890.1744028684742,507.5772637653574,40.860909750147314,71.66068800574695,0.09414911633876728,0.05887980874037951,10.62147012574941,16.9837852389647,27.30913998868882,15.675896861750445,16.407161133256576,28.583082942984163,11.173564723677663,6.705839989374124,11.124746053956388,18.536539831747604,4.748391626587896,2.0714024753630254,10.884879135896556,24.952016597476685,0.3471531403091135,0.18790880983527128,9.569750180277056,17.679686386014776,sign,sign,0.9457228779792786,0.7046454548835754,0.10828621435520594,,,,,
muon,100,L1.down,down,1,spectral,0.30841532349586487,0.5472270250320435,0.9618409872055054,-0.13501170116439065,0.9863139390945435,0.5472270250320435,1.0000014305114746,0.9618409872055054,0.8558962941169739,0.30841565132141113,0.5850755491618732,731.4017880231524,424.98049230460464,49.03333694251887,84.38756828112278,0.091656408585837,0.058074524368359554,10.91032744944359,17.219278872928665,10.778965179711372,6.490290573327561,11.42184284944516,18.969204070501807,26.53686727594671,15.54986826548784,16.513588361091013,28.181518653794367,3.9489070546119596,1.729817636014638,9.99699481987931,22.8215983854188,0.3230310377345348,0.1762918903175668,9.127904544985817,16.725650126032647,sign,sign,0.9624238014221191,0.9140417575836182,0.02313085248099042,,,,,
muon,100,L2.q,q,2,spectral,0.14072594046592712,0.541883647441864,0.8324416875839233,-0.17439568360519597,0.9451289772987366,0.541883647441864,0.9999998807907104,0.8324416875839233,0.9193637371063232,0.1407254934310913,0.43468847976139835,181.81171276457601,114.85351498752355,48.831956669280785,77.30039155224752,0.06978981406248104,0.044139609248200096,14.328736853997578,22.655385895412927,6.970665272090926,4.433954056759334,15.285848889826351,24.031041965423242,7.532843237548263,4.5735558898847,15.622063892558923,25.73021106178634,1.9219503389504173,0.9112782321859256,9.372208067627255,19.76665066286244,0.20447535942995138,0.1166054815527931,10.713723310630254,18.787216480747816,sign,sign,1.2975435256958008,0.8569886684417725,0.08213416323468076,0.2301543951034546,2.9021720428247404,1.4885095641076993,11.585341414996217,22.588134313626025
muon,100,L2.k,k,2,spectral,0.11909772455692291,0.4767177700996399,0.7614873647689819,-0.04183890575852589,0.9428127408027649,0.4767177700996399,1.0000008344650269,0.7614873647689819,0.8733200430870056,0.11909716576337814,0.4038456375152257,160.27745295077025,131.81990304717564,48.73139547401926,59.25162865972725,0.05886579890239648,0.05628084345264356,16.98780706472865,17.768049892615032,6.3587809066254275,5.283748388545035,15.328470051369756,18.44720367490279,6.454658658812293,5.932501978346274,17.318493730496666,18.84280290561278,1.7910303331207649,1.1770276221990965,8.511589746469385,12.951705747163603,0.18124433844591473,0.15337855475646853,11.2293436183613,13.269488413965604,sign,sign,0.7900664210319519,1.0130139589309692,0.08213416323468076,0.161897212266922,2.6550730970946277,1.6224132405351661,10.089544758911625,16.51150162117881
muon,100,L2.v,v,2,spectral,0.1742989718914032,0.5680943727493286,0.8887715935707092,-0.12541621271847292,0.9525690674781799,0.5680943727493286,0.9999997019767761,0.8887715935707092,0.923840343952179,0.1742989718914032,0.47333084195872943,313.8086653171576,267.39789127730575,29.66029696381396,34.80827077081347,0.10709519245513588,0.09481722821546269,9.33748452243264,10.546603405283864,11.568750153649482,9.72967094426826,9.833626145099446,11.692354718744966,12.006066701650504,10.523209897260536,9.849317596213469,11.237214232195715,3.100564869708174,1.8830648756255501,7.1955484000249905,11.847847026508273,0.3227615376645702,0.25636582912194666,7.390711010357107,9.304817487991498,sign,sign,0.6837238073348999,0.5465527176856995,0.08213416323468076,0.30600985884666443,5.24527314501576,3.1509690388831704,8.806397322701242,14.659604334759123
muon,100,L2.o,o,2,spectral,0.15361455082893372,0.5728077292442322,0.9217526912689209,-0.12340252172012778,0.9524217844009399,0.5728077292442322,0.9999990463256836,0.9217526912689209,0.8949536085128784,0.15361452102661133,0.4502634870788573,271.94630064510505,204.8008965733,34.51005516043016,45.82441772943396,0.09111458589245709,0.07257207807640732,10.975180719209837,13.779391094090446,10.138810099910856,7.514777617985399,11.636902488533565,15.700310838213698,9.168979316487073,7.007233617858854,12.49365473904654,16.347972414918832,2.6131049363901115,1.320623472065702,7.524631249281094,14.88891533273724,0.27307920630998916,0.18633983265858123,8.309621440852853,12.177669129725206,sign,sign,0.6261868476867676,0.7250520586967468,0.02541191457094483,0.27706393599510193,4.18676531046673,2.2974615036033805,10.362073918091093,18.88326379210806
muon,100,L2.up,up,2,spectral,0.3537888526916504,0.5552731156349182,0.8685269951820374,-0.10004416012145712,0.9839367270469666,0.5552731156349182,1.0000007152557373,0.8685269951820374,0.9676687121391296,0.35378897190093994,0.622236406580836,591.3832078032028,326.6279270981607,61.53434596397906,111.41233154663377,0.07117712049091823,0.042730147956674375,14.049468542118548,23.40269723076255,20.152469053878704,11.107903221531876,22.06607142501059,40.03328194930718,8.318975748543135,4.832073903140645,14.8890439036921,25.63321622074194,3.3048733337921714,1.4081488969019882,13.70248836476832,32.15923294969019,0.2566607748834257,0.1340182856863846,12.217973358943153,23.398855564752132,sign,sign,0.8492129445075989,0.8580940365791321,0.08209297974478785,,,,,
muon,100,L2.down,down,2,spectral,0.2567363977432251,0.5364616513252258,0.954528272151947,-0.12349385031170657,0.9837129712104797,0.5364616513252258,1.000000238418579,0.954528272151947,0.8398312330245972,0.2567363679409027,0.5465365081561361,670.5155154788691,349.35173206194366,52.43361260050957,100.63654350228383,0.07995579661200596,0.045065233341950436,12.506913579651856,22.190060147490602,9.334998470784138,4.95352289233403,13.088338387824734,24.665197172002955,23.956191454949987,12.6870083488719,17.949163251479426,33.89243385709822,3.016965671765413,1.2306214190001552,10.892488115915597,26.703795512132178,0.26767160937893153,0.13231076883567292,10.290114110490435,20.817439342890495,sign,sign,0.7496423125267029,0.7523690462112427,0.015777835731095164,,,,,
muon,100,L3.q,q,3,spectral,0.17328409850597382,0.5775541067123413,0.8998449444770813,-0.15966293294791722,0.9426199197769165,0.5775541067123413,1.0000004768371582,0.8998449444770813,0.9381112456321716,0.1732841283082962,0.4846239806630156,124.70362221760371,80.39212754058052,75.88108762280372,117.70613334742788,0.04812149417303115,0.033087923973343585,20.780744530530203,30.222520991126014,5.170120315958725,3.2907407840966334,22.278041100424158,35.00128404209309,5.442472971361798,3.576502606819846,22.063176073224003,33.57420716315068,1.5172208476415887,0.7253504335076834,14.619077016994401,30.57883113986857,0.1525458063335811,0.09029992196031018,16.01061891153004,27.0471194076173,sign,sign,0.40374019742012024,0.2759970724582672,0.07161845992671943,0.3036695718765259,2.378495422882584,1.2314809581503272,18.325890648451182,35.39482014651426
muon,100,L3.k,k,3,spectral,0.1524745672941208,0.5407477617263794,0.8641250729560852,-0.09792974272419352,0.9411135911941528,0.5407477617263794,1.0000003576278687,0.8641250729560852,0.909233808517456,0.15247459709644318,0.45912488773812843,148.82814661428415,114.50330889131575,59.52913833622031,77.37428214004161,0.0486332112511505,0.04007767465387802,20.562087756526914,24.951556353110572,5.389371495682772,4.17302738829025,20.523359621243948,26.50545971702731,5.343098445661841,4.162349970329883,21.781729959463313,27.960630009448877,1.4759239759204856,0.8676539561115726,13.223414260357591,22.493707327579965,0.1505089215365392,0.10903480143230077,15.373475100355142,21.221161750452193,sign,sign,0.31186527013778687,0.32610514760017395,0.07161845992671943,0.2681915760040283,2.317396941726948,1.35292731752024,16.439908456386714,28.159527186523537
muon,100,L3.v,v,3,spectral,0.1642511934041977,0.5844773650169373,0.9157603979110718,-0.11462384066011011,0.9443449974060059,0.5844773650169373,1.0,0.9157603979110718,0.9302703142166138,0.1642509251832962,0.47025481302162736,300.603279214639,302.18931418452314,31.856196557323376,31.688999904841594,0.09857994019691278,0.1036007251792691,10.144051599164156,9.652442087346545,10.619580552137682,10.401144819392666,11.037849410071264,11.269656654916341,10.730528116093447,10.791520568280568,11.096807065920705,11.0340891690205,2.4511658673216346,1.535085264712679,8.57720447590989,13.695754452000262,0.28023196445925697,0.25009899355602255,8.457052609220128,9.475993615648724,sign,sign,0.722211480140686,0.5828684568405151,0.07161845992671943,0.2918890714645386,4.342550056477418,2.834915960627623,11.21274401616048,17.17578328137269
muon,100,L3.o,o,3,spectral,0.1284656971693039,0.5853569507598877,0.9110363125801086,-0.06386746062164972,0.9364081621170044,0.5853569507598877,0.9999995827674866,0.9110363125801086,0.8981046676635742,0.1284656971693039,0.41958825791959736,177.09372478847246,142.26722723506708,54.15487359987062,67.41178884019232,0.06041641418932662,0.053991491557805506,16.551786400857768,18.5214290977097,6.688190806295291,5.297963153325219,17.435604244497885,22.010845420293837,6.463593568659086,5.398800556634123,17.785369120104832,21.293136550428077,1.670021033714822,0.8506661108958607,9.846342871712414,19.33026306127384,0.17920222496107324,0.13202433506883182,11.800023168669828,16.01667151222833,sign,sign,0.46474820375442505,0.47141900658607483,0.07704436999025689,0.29113298654556274,3.1199307618873955,1.711512646279591,13.63547947321649,24.856229928565007
muon,100,L3.up,up,3,spectral,0.3111710548400879,0.5413556694984436,0.8532338738441467,-0.11404464971002193,0.9842163324356079,0.5413556694984436,1.0000028610229492,0.8532338738441467,0.9564634561538696,0.3111715316772461,0.590103515995114,550.6892219614874,313.5788200852797,64.42523975661028,113.1399280940003,0.06756615965493257,0.04131178024092254,14.800350739631618,24.2062398471119,19.069116807631875,10.74824406470753,22.909070609571387,40.644382540832304,7.8740981771637095,4.635019715290347,15.548107177880562,26.413549436224184,2.7936701905360484,1.1978848280203513,14.257214824289958,33.25023835597892,0.23374850782493478,0.12371234797001691,12.722803439577534,24.039122756541357,sign,sign,0.7954860925674438,0.668339729309082,0.07021661287232017,,,,,
muon,100,L3.down,down,3,spectral,0.2196313589811325,0.5404673218727112,0.9520409107208252,-0.14836359266063281,0.9836669564247131,0.5404673218727112,1.0000016689300537,0.9520409107208252,0.8344483375549316,0.21963150799274445,0.5137952336309002,664.4918549128797,354.3356053065904,53.30398882149407,99.96191710850687,0.07150044907069572,0.042559915546914635,13.985949486013814,23.496326439551606,8.369995998544118,4.540421526880676,14.559294483947452,26.839190117219303,21.027089843105543,11.502222720429005,20.318434553519996,37.143912025743674,2.4178945943058188,0.9739124840785779,11.626991024060098,28.865877791591146,0.2300053126860375,0.11677756980053368,11.25785178833432,22.173485243542615,sign,sign,0.8293049931526184,0.7765447497367859,0.01690306046504632,,,,,
muon,100,head,head,4,adam,0.30382203322190504,0.38989263681265024,0.6407410841721755,-0.10024504839464099,0.9686071276664734,0.38989263681265024,0.9999996423721313,0.6407410841721755,0.9192410111427307,0.30382200387807995,0.6043395805595279,3208.5563548942655,1185.7354356175001,1.0110175354511264,2.735776161224285,2.831173206728522,1.5173764522067772,0.3532103369711001,0.6590320028479383,82.3247658347954,29.643662527453973,0.505900867726348,1.4049603497077887,262.55661142024576,131.84529917195917,0.4481427787698685,0.8924311307664281,26.89121962754334,9.077578350455209,0.7343820257411914,2.1755172560682166,6.53790073131322,2.8751906550253366,0.3716609698216743,0.845120486932124,sign,sign,0.46146345138549805,0.5447592735290527,0.06314852282620341,,,,,
muon,150,embed,embed,-1,adam,0.46399430495042066,0.36743216881385216,0.5766825162447415,-0.12722849774471623,0.9842967987060547,0.36743216881385216,0.999999463558197,0.5766825162447415,0.9558411836624146,0.4639934539794922,0.7063854823510751,1726.6897271659525,798.5008240022939,1.7704603186287664,3.8284689916894408,1.3921289177388283,0.7434024890951155,0.718323892863637,1.3451656111286585,38.171369880889976,17.578357714524014,0.9820020521368369,2.1324155626288666,139.8851898346493,72.97109222988925,0.8746291987980257,1.6766594519833016,22.285193108914832,9.477887909794585,1.35334837236445,3.182104505647292,3.9276212879245187,1.9079650431437953,0.7231303876253221,1.488592421851972,sign,sign,0.48393911123275757,0.1822940558195114,nan,,,,,
muon,150,pos,pos,-1,adam,0.5434802174568176,0.6137999892234802,0.9747239947319031,-0.12818891837409374,0.9813931584358215,0.6137999892234802,1.000000238418579,0.9747239947319031,0.9782208204269409,0.5434803366661072,0.7618165713462567,2369.029318948845,844.7408904664203,4.244987152754884,11.90483275633176,0.6599160072035685,0.2427828516303821,1.5153447219080756,4.118908035321215,55.29876801011637,19.715597058167948,2.2561926027512786,6.328221811268708,73.22568242228988,26.57878313886149,1.7099501277783087,4.710985614370453,15.67210480458012,5.099555614973085,4.43880920659307,13.641479443621849,2.3374947091738147,0.807490414495856,1.642491799531333,4.754627203423691,spectral,spectral,0.06759890168905258,0.0704595148563385,nan,,,,,
muon,150,L0.q,q,0,spectral,0.3902345597743988,0.5891437530517578,0.9212719202041626,-0.13633782093926372,0.9693777561187744,0.5891437530517578,0.9999998211860657,0.9212719202041626,0.9802957773208618,0.39023444056510925,0.6688650616525915,1291.6657135210514,542.4720747115913,7.472932933775426,17.793600260680385,0.4572226049754511,0.1936637127382103,2.1871180696320933,5.1635890226778836,51.67978815626655,21.769132608530487,2.2817973910721965,5.416973101625712,54.27789788928923,22.63318694614531,2.3117671165712395,5.543976630230619,25.52209648220055,8.823764961830047,1.9571279509569204,5.660849830929128,1.7907429872704217,0.693549992742416,1.8823849950266336,4.860309659665658,sign,sign,0.2545439600944519,0.2439066618680954,0.19296078729168945,0.5270864367485046,37.04383701530515,13.744508500030092,2.257861115677795,6.085327763606837
muon,150,L0.k,k,0,spectral,0.32036420702934265,0.5795549154281616,0.8994659781455994,-0.11556615982116203,0.9682066440582275,0.5795549154281616,1.0000011920928955,0.8994659781455994,0.9712762832641602,0.32036441564559937,0.6057931038647894,1714.6744832448337,753.3058075325636,5.537743651731461,12.605010660248409,0.6376124872560526,0.2823104917342024,1.568352584179103,3.5422034298123237,70.89494970130526,30.905153670233826,1.6239752716901497,3.7253218809756414,74.0283832875872,32.620926399467564,1.6794013152338905,3.8111536973346563,29.866714149101874,11.159901916491568,1.3729879145234094,3.6744621843534793,2.2954406589932943,0.9502556078659641,1.3300301214690553,3.212825257997839,sign,sign,0.32212191820144653,0.25853610038757324,0.19296078729168945,0.41075748205184937,43.680867226329234,16.433977434378836,1.5885633303486375,4.222339004093746
muon,150,L0.v,v,0,spectral,0.31312990188598633,0.5941308736801147,0.9281072020530701,-0.10081771418207353,0.9631975293159485,0.5941308736801147,0.9999991655349731,0.9281072020530701,0.9683893322944641,0.31312981247901917,0.6085037712805177,3214.1998912197814,1785.6995143235697,3.0285111579295334,5.451219623623166,1.0255027450291483,0.5926286433763163,0.9751306570189139,1.6873959379313677,115.56323577498624,64.22336006417038,1.027988884753146,1.8497587442340802,119.967366666484,66.92619885202754,1.0332296021658125,1.8520973349726735,42.46363010200108,17.941154271504917,0.9438807859089248,2.2340036737146156,3.5317508602696166,1.795079286851169,0.8683133340939253,1.7083737677399087,sign,sign,0.8004741072654724,0.6681876182556152,0.19296078729168945,0.4523769021034241,67.16345035526514,29.601948164275957,1.093385561440906,2.4807673625894338
muon,150,L0.o,o,0,spectral,0.3151465654373169,0.5739363431930542,0.9499771595001221,-0.10802558868444812,0.9737362265586853,0.5739363431930542,1.000000238418579,0.9499771595001221,0.9090170860290527,0.3151465952396393,0.6063257000071725,2940.1880986986225,1510.3084017809647,3.1982215869240114,6.226127747012787,0.9262812905680904,0.4792622926939071,1.0795859190951345,2.086540613903991,106.19847461667317,54.30642211228645,1.14499833312036,2.239092020545856,97.84772480347397,49.86749047589699,1.1891353349852007,2.3332673431392643,39.48150439542008,15.82180773858508,1.0217129465652577,2.549567334982751,3.2399151971109097,1.5205521303905036,0.9431387512897798,2.0095921160580077,sign,sign,0.547831654548645,0.46351730823516846,0.12970776456976363,0.4246905744075775,62.770766446876536,26.944668807225547,1.1442341606903295,2.6656276896589595
muon,150,L0.up,up,0,spectral,0.46588975191116333,0.5802091360092163,0.9125445485115051,-0.12370069600028732,0.9835586547851562,0.5802091360092163,1.0000004768371582,0.9125445485115051,0.9752393960952759,0.4658898413181305,0.7016742234992273,1980.5061401127523,1048.1678939442838,19.199428452837424,36.27719009252656,0.245571302119384,0.13805584885772978,4.072139000798269,7.243448829666646,68.2013471864708,36.12976550907376,6.850638999262676,12.931797432246013,29.104102625367975,16.043922822134434,4.289108113279855,7.7805561697153705,13.347958918938568,5.523345142861906,4.467641835794832,10.796699852405306,0.9222362048812784,0.4594644134792712,3.8343934869445837,7.696388215669289,sign,sign,0.5692510008811951,0.5177130699157715,0.13513413309971378,,,,,
muon,150,L0.down,down,0,spectral,0.44305935502052307,0.5784622430801392,0.9787524342536926,-0.12580746377788976,0.9867562651634216,0.5784622430801392,0.9999995231628418,0.9787524342536926,0.9049326777458191,0.4430592954158783,0.685631432325321,2090.183469254168,1277.3413299449385,18.137212412280398,29.678912498771307,0.2240684120486371,0.14601566114242723,4.462920560823086,6.8485771686327395,26.444448039227154,16.801470188702034,4.737490130201787,7.456508875557572,69.5208212358671,42.39325875501258,6.664557793900469,10.929226594336198,10.896278746718393,4.9588684951721245,5.204675020847105,11.436397208041699,0.8053131288577404,0.45789391761650006,4.290711290830016,7.5462154042795735,sign,sign,0.9940842986106873,0.8391261100769043,0.05608963127415909,,,,,
muon,150,L1.q,q,1,spectral,0.2406303882598877,0.5867304801940918,0.9262682795524597,-0.14251758701292117,0.9648124575614929,0.5867304801940918,1.0,0.9262682795524597,0.9411231875419617,0.24063026905059814,0.5390244803667527,492.33871126288034,347.42571405370524,19.525160154159032,27.669201785144836,0.15307545365590422,0.1236334389282821,6.532726025740766,8.08842663173096,16.735734314058664,11.797111370733257,7.084382289883623,10.050116173087,17.600265698638403,13.456921150834532,6.844428946018153,8.951807523810936,5.39673282361035,2.9120318755911594,5.707284518980566,10.577044144138329,0.4932790515223082,0.34195061462878773,5.507046699675682,7.944161105410055,sign,sign,0.424747496843338,0.30106285214424133,0.13895535164455775,0.3365844786167145,8.172709909889823,4.504399172347594,6.5629026685026135,11.907625772997244
muon,150,L1.k,k,1,spectral,0.21459805965423584,0.5602895021438599,0.8861752152442932,-0.12113194689353657,0.9605346322059631,0.5602895021438599,0.9999998211860657,0.8861752152442932,0.9357950687408447,0.21459797024726868,0.5175416202991774,612.1362341044891,419.84041673050405,14.99630750751809,21.864934478229408,0.2210859850008295,0.16576143534893836,4.5231262451227465,6.032765215147917,23.304898409886075,15.927954678877347,4.867235443650408,7.121468502273794,24.830177799450627,18.23519572059758,4.824039914908637,6.568713088367268,6.852773010869238,3.9729472399106203,4.008384032292943,6.913896474073049,0.6787082875485135,0.4683281291965677,3.8429577595726854,5.569273160242123,sign,sign,0.6818566918373108,0.399021178483963,0.13895535164455775,0.3077329993247986,9.537879093156954,5.444235796993836,4.508185426433554,7.897991404155956
muon,150,L1.v,v,1,spectral,0.24659328162670135,0.5962157249450684,0.9388073682785034,-0.1348461992025043,0.9619541168212891,0.5962157249450684,0.9999992251396179,0.9388073682785034,0.9466970562934875,0.246593177318573,0.5463072051269896,619.1395248726468,409.28205162468964,15.777378191950028,23.867155666180032,0.21195914760744367,0.14454883386906067,4.717886613658469,6.91807189565753,23.192905395438203,15.233022259350102,5.181211283830101,7.888608123439795,23.58137938208676,15.684942265681888,5.138682569927053,7.725704127754297,6.689361985689319,3.4013627264446957,4.718526878003793,9.279790738215196,0.6517013549653103,0.4034183005568631,4.224656856588211,6.824714183520169,sign,sign,1.2725446224212646,1.0913753509521484,0.13895535164455775,0.37918204069137573,10.762741890400603,5.5855950170411575,5.639768020204195,10.867126481244155
muon,150,L1.o,o,1,spectral,0.2725677788257599,0.6062304973602295,0.9653235673904419,-0.0918305582630331,0.9687873125076294,0.6062304973602295,1.0000007152557373,0.9653235673904419,0.9476827383041382,0.27256783843040466,0.5755267598057796,469.5754987523432,293.7866775914224,21.152041567629674,33.80847814536841,0.14494195928777892,0.09608595943821349,6.899318321413463,10.407355258795864,16.600392676940356,10.610615489740942,7.443282760269642,11.64507532531398,16.58255271371022,10.410359022525736,7.315121658117073,11.652181278326303,5.4713396969386965,2.497293918859997,6.376626727820815,13.970598608758417,0.48073122666679113,0.27796671981803117,6.033463501075349,10.434609984317685,sign,sign,0.7464709877967834,0.5880059003829956,0.09722425635634348,0.38939952850341797,8.45274530293756,4.158133214293364,7.569746354147989,15.387948062728627
muon,150,L1.up,up,1,spectral,0.418858140707016,0.5511676669120789,0.8629773259162903,-0.12724273589744006,0.9840401411056519,0.5511676669120789,1.0000005960464478,0.8629773259162903,0.967829704284668,0.4188581705093384,0.664868414405774,809.4982515989121,471.6244285663111,44.62186811077547,76.58917144846599,0.12447779297176671,0.07890013293554732,8.033566246416834,12.67425742949429,34.685992117667176,20.147916596821688,12.738410058165496,21.930028782173988,14.730022061381545,9.096496764655837,8.410184426894093,13.618671600013979,6.427863539861419,2.868800284999818,8.340851814418418,18.68859869737865,0.46041868617496007,0.25430533576974973,7.277563805848244,13.175997097744217,sign,sign,0.539557158946991,0.3907701075077057,0.14640276374156366,,,,,
muon,150,L1.down,down,1,spectral,0.3977462649345398,0.5237714648246765,0.9767609238624573,-0.11070701511836534,0.9861910939216614,0.5237714648246765,0.999999463558197,0.9767609238624573,0.821845293045044,0.39774635434150696,0.6571251912577276,953.5043419721522,586.6051156032152,35.99971726164674,58.51617349680314,0.11401221687652774,0.07848820018991136,8.77098517118714,12.740761810547085,13.477567818607998,8.95528271610991,9.276554934620801,13.961077747940088,31.095091834515067,19.291472265211592,13.532193192367355,21.811958374885975,5.24670771117014,2.480117046065195,9.703517119608966,20.527869109120065,0.4063231044282766,0.2429720728556804,8.150415216175142,13.629969790737304,sign,sign,0.9579296708106995,0.9102010726928711,0.037390932028533774,,,,,
muon,150,L2.q,q,2,spectral,0.21241025626659393,0.540259838104248,0.8433995842933655,-0.14684525784955427,0.9612810611724854,0.540259838104248,1.000000238418579,0.8433995842933655,0.9362921118736267,0.21241024136543274,0.5134711722012214,431.1843464995063,292.2427242803787,20.528614406715562,30.288580183805458,0.16031662142805317,0.12813811759738455,6.237657889187484,7.804080918065479,15.731092555232728,10.566279952750929,6.862533318046051,10.21694932107536,17.929740891549482,13.532440777654312,6.6841674425038065,8.8561547978633,4.8567685194017365,2.5759080527991114,5.598068785366971,10.554928083194351,0.48098376120470415,0.3309959263937785,5.380083984203135,7.818020779025073,sign,sign,1.2552874088287354,1.026928424835205,0.11690355533467985,0.2868097722530365,6.947041124033508,3.742559422768045,6.498586882003472,12.062854645068612
muon,150,L2.k,k,2,spectral,0.1453680843114853,0.4611147344112396,0.7311164140701294,-0.075321865337173,0.9531672596931458,0.4611147344112396,1.0000004768371582,0.7311164140701294,0.8782628774642944,0.14536765217781067,0.42690731540654875,944.7259404651757,743.7842932712248,7.996926394202507,10.157385517468592,0.38037593304077766,0.3379460521315194,2.628979359558888,2.9590535842329806,32.35658913279293,25.561574161067657,2.892236280434506,3.6610773816704483,40.27838605807682,34.40261135242396,2.7910167044264464,3.267706836664563,7.620221215240217,5.104870822373499,2.441808194406968,3.6449734486946412,1.0028984101932719,0.8239433416449818,2.145260683544031,2.611197178535442,sign,sign,3.1853041648864746,1.4702346324920654,0.11690355533467985,0.18873853981494904,10.3870303515824,6.650831720403418,2.801269597260702,4.374922348500947
muon,150,L2.v,v,2,spectral,0.19494986534118652,0.5760039687156677,0.9000391364097595,-0.08005805113327547,0.9580468535423279,0.5760039687156677,0.9999991655349731,0.9000391364097595,0.9208061099052429,0.19494982063770294,0.4870050515852297,528.1748182742012,384.1350860839601,17.86766179855656,24.56752680325277,0.16940313352979314,0.12753031779240734,5.9030736014047935,7.841266162002062,17.859272384504045,12.911376267764151,6.450711259682065,8.922752080897968,18.7518343411475,13.747664818813945,6.2854214645679605,8.573323805987258,4.675494668740872,2.495657708496084,5.337097996017778,9.998796366175576,0.48956223419157363,0.3334714179611582,5.013359392853966,7.3600053647079715,sign,sign,1.5334467887878418,1.4018741846084595,0.11690355533467985,0.34518590569496155,7.4811165433264275,3.9052326873940673,6.462872014994839,12.380696009446382
muon,150,L2.o,o,2,spectral,0.22604650259017944,0.5767927169799805,0.9527374505996704,-0.1137687113535153,0.9689892530441284,0.5767927169799805,0.999999463558197,0.9527374505996704,0.8894834518432617,0.22604644298553467,0.5251592873838125,319.24498372051636,185.95854646719502,29.601629960999393,50.818701557592064,0.09915135439067034,0.06307274706112859,10.085585514223617,15.854699694449991,11.321431463118412,6.760097746084547,10.77164085425355,18.03973821937583,11.049719902905672,6.423945244361556,10.303779899977203,17.723358077478892,3.4937705798252767,1.4675810234137892,8.28158118601921,19.71539849625762,0.32281867966270505,0.1737170499007257,8.198520405152731,15.235323958653607,sign,sign,0.9963877201080322,0.8751558661460876,0.05647754074149347,0.3566333055496216,5.502312867731579,2.45790941206903,9.641824285004503,21.58433242953754
muon,150,L2.up,up,2,spectral,0.39634332060813904,0.5368912816047668,0.8438810110092163,-0.11292377419670896,0.9843137264251709,0.5368912816047668,1.000001311302185,0.8438810110092163,0.9672346711158752,0.3963435888290405,0.6506608043968461,742.6249869561719,359.9959647551562,47.38018198857963,97.73917064648441,0.09097090223430565,0.0471192386799393,10.99254032598875,21.222781592350493,23.789494601440776,11.470683278038347,18.162095701291243,37.667074154505684,10.691648846153624,5.40819317554561,11.57969548797629,22.89231058954209,4.551528499906458,1.7353298257645213,11.146140369430304,29.234774163504806,0.33239167555832805,0.1517897561905421,9.865242542128252,21.603068485405664,sign,sign,0.5492156744003296,0.44494879245758057,0.11552511346673555,,,,,
muon,150,L2.down,down,2,spectral,0.290692001581192,0.4984753131866455,0.9578014612197876,-0.1193588941285263,0.9861337542533875,0.4984753131866455,1.0000029802322388,0.9578014612197876,0.7861221432685852,0.2906923294067383,0.5780816411940727,751.4381898546592,394.3325039884956,43.47407220721448,82.8439902736323,0.08886969074807552,0.051335884721092316,11.252463824443925,19.479609354455494,10.50627156470491,5.892489340216233,11.669086057892722,20.805907309733698,24.446719304453275,12.884832037881564,16.464153424471814,31.2378567427326,3.733737929208861,1.5696431282188419,9.965517214551372,23.70515242555607,0.3095336912537856,0.15820698929739904,9.412054460752671,18.414786682033956,sign,sign,0.7662673592567444,0.7449111938476562,0.018732969662931052,,,,,
muon,150,L3.q,q,3,spectral,0.20940986275672913,0.5502614974975586,0.8718128204345703,-0.09673789840196356,0.9574817419052124,0.5502614974975586,0.9999995827674866,0.8718128204345703,0.9348753690719604,0.2094091922044754,0.5169222135402306,224.10986413841624,121.05573125499491,40.22796769637858,74.4738335106956,0.0878162311734095,0.04609621342806753,11.387411750713841,21.693746804777607,9.309520620082411,4.960544104187706,11.986872962599136,22.49592759822832,10.051362590532756,5.291395034332539,11.905256243956506,22.6148390858717,3.163906645104202,1.338082436477288,8.471949307446344,20.031992035843746,0.2878480943388121,0.1403036734382709,9.050343866743937,18.567755008206316,sign,sign,1.2164665460586548,0.6946107149124146,0.09797850119466708,0.2940029501914978,4.682337756807513,2.126568866232952,10.019000833083002,22.060111304710283
muon,150,L3.k,k,3,spectral,0.17330333590507507,0.5279406905174255,0.8346753716468811,-0.09674086839862639,0.9523636102676392,0.5279406905174255,1.0000001192092896,0.8346753716468811,0.9139042496681213,0.17330335080623627,0.4744534191360798,264.8302291569852,133.59298978368562,32.66160476079984,64.74726171967005,0.11312375460010067,0.05585185554146743,8.839877378048055,17.90451023541797,11.777235124897821,5.909568269127029,9.071606912639243,18.078892180491405,12.701028840649704,6.250684843384833,9.21025732837684,18.714708370126907,3.635365159758616,1.6355658242708084,6.101952379929253,13.562783447368036,0.35484240152535557,0.17106384186256315,6.738466097144473,13.977784355088886,sign,sign,1.9857561588287354,1.0230379104614258,0.09797850119466708,0.26137611269950867,5.236655815724023,2.3680190799060683,7.227444099508922,15.982826108822977
muon,150,L3.v,v,3,spectral,0.15872718393802643,0.5708739161491394,0.8858651518821716,-0.06833003087927125,0.9529515504837036,0.5708739161491394,1.0,0.8858651518821716,0.9119727611541748,0.15872645378112793,0.4490619524524363,397.31517439274484,280.57817856903876,23.541004333607184,33.33544429538045,0.1339937596886302,0.10182948678876153,7.46303411684069,9.82033820983929,14.503981290722267,10.080153833426735,7.8179044200401995,11.24890962129007,14.624949372019168,10.824845361507613,7.98173795056481,10.783758061138403,3.610253170817326,1.905171750156933,5.627605207384333,10.664172163162624,0.3897342798753407,0.2636684725990848,5.806853711440473,8.583240640267423,sign,sign,1.4917097091674805,1.4951783418655396,0.09797850119466708,0.25965842604637146,5.86726372390859,3.0666411927725723,6.875811164550511,13.155173651645637
muon,150,L3.o,o,3,spectral,0.20570072531700134,0.5819739103317261,0.9431887865066528,-0.13778691833609347,0.9570389986038208,0.5819739103317261,0.999999463558197,0.9431887865066528,0.9128242135047913,0.20570069551467896,0.5125790807589653,225.92756919304566,139.66971040855896,42.20405938474773,68.26863547567498,0.07533186702865001,0.05079252670183818,13.274587541788655,19.687925143562644,8.410564435819918,5.176811265691921,14.354347510695003,23.320951542689727,8.047747629898973,5.039908091086483,14.518534216272391,23.1832599358821,2.411366572682277,1.0146524196241138,10.918990635501409,25.949466552923564,0.23504219277235652,0.13206971029948553,10.990527349751948,19.55965256645465,sign,sign,0.8716710209846497,0.8564442992210388,0.09969531766710973,0.3553682863712311,4.129654593041638,1.8946871750502512,13.294206801275893,28.976014035814803
muon,150,L3.up,up,3,spectral,0.3662327229976654,0.5421071648597717,0.8573076128959656,-0.1336620636454494,0.9838888049125671,0.5421071648597717,1.0000028610229492,0.8573076128959656,0.9541353583335876,0.366233229637146,0.6283309849459803,597.8351334322473,320.9604140837246,59.42697772257364,110.69133013700068,0.07547329076832947,0.04390791036940674,13.249758303139686,22.775004608730157,20.847437459860423,11.09246310854185,21.054937742246292,39.57114786027312,8.874783065369636,5.004028119526649,13.761387176128402,24.406202952802737,3.658556344346291,1.4704486558640257,12.81321072613706,31.879966163122898,0.27464279566955896,0.1369807133537439,11.52984904496454,23.117049822769868,sign,sign,0.6352130770683289,0.5846088528633118,0.09460180689647472,,,,,
muon,150,L3.down,down,3,spectral,0.20453228056430817,0.5001570582389832,0.9317522644996643,-0.12773570840544768,0.9833409190177917,0.5001570582389832,1.0000005960464478,0.9317522644996643,0.7893496155738831,0.20453236997127533,0.5111070849364167,772.0786735481566,460.7140332633701,42.454602220929665,71.14672139802627,0.08447843305067468,0.055607342184725746,11.83734782872445,17.983247477005445,9.882326359766003,6.3174806771491365,12.068442744566575,18.878457402702644,22.951353686259125,13.65515901263938,17.608852562617653,29.59665301588541,3.0408750186497095,1.4107068151928184,8.609409916903187,18.558171875031043,0.2791764708847934,0.1614698179055397,9.226487791337346,15.952320586340498,sign,sign,0.7153867483139038,0.6206907033920288,0.021026125689615413,,,,,
muon,150,head,head,4,adam,0.2668763967660757,0.31955410883976865,0.5554408733661358,-0.16480649876649733,0.9654628038406372,0.31955410883976865,1.0000004768371582,0.5554408733661358,0.8522940874099731,0.2668764847975511,0.5614517880598516,3061.695788607029,1475.1603667077634,0.8683717681685454,1.8023058682633213,2.662236944128454,1.9266057976743332,0.3756241453423793,0.5190477875880424,72.54603776001619,33.92179152078644,0.49766545332538326,1.0643204603941803,255.75768816574222,178.38552030825994,0.42655078707850647,0.6115610897115236,23.28726320151617,10.635839432296002,0.7449121710732204,1.6309916955986012,6.1064830683314995,3.7218469968111307,0.3696798371824424,0.6065385461552563,sign,sign,0.2619040012359619,0.495773047208786,0.08035387807322596,,,,,
muon,200,embed,embed,-1,adam,0.4761658595158504,0.37731560927170976,0.599500744159405,-0.1802674855799945,0.9836379289627075,0.37731560927170976,1.0000001192092896,0.599500744159405,0.936784029006958,0.4761658888596755,0.7085253475845242,1766.5809594650152,1089.4848014600864,1.7770291547189032,2.881422361223855,1.337232199085299,1.2191271412806237,0.7478133714498614,0.8202590897606022,40.759609958320475,25.58127148083845,0.9560333970371244,1.523284266755459,131.5247558615345,108.71211394321793,0.9116789833780549,1.102989826649132,22.199653518933648,12.316377122791456,1.3942015076440772,2.5129784592255624,3.833589728081891,2.8189048849276306,0.7431119541032136,1.010600382189936,sign,sign,0.25344499945640564,0.1970713585615158,nan,,,,,
muon,200,pos,pos,-1,adam,0.5350401401519775,0.6030215620994568,0.9674488306045532,-0.12769584014734325,0.9819620847702026,0.6030215620994568,0.9999993443489075,0.9674488306045532,0.9693117737770081,0.535040020942688,0.7569982746234301,2391.8439226219193,897.8952501401619,4.130664706001063,11.00340521001224,0.7139788462513287,0.3137582453769291,1.400600801549373,3.1871651473177134,60.93194803641193,22.95949339962972,2.0323238351641404,5.393561964192988,78.05884975974968,33.28529720656297,1.5894662479056099,3.727528892816777,19.327517172062823,6.587262624013289,3.543399519016447,10.396597032827117,2.555364017112943,0.989426789831227,1.492950600454518,3.855800432065714,sign,sign,0.26327601075172424,0.1524638831615448,nan,,,,,
muon,200,L0.q,q,0,spectral,0.3933454751968384,0.5777681469917297,0.9022567868232727,-0.12263290826391071,0.9684903025627136,0.5777681469917297,1.0000005960464478,0.9022567868232727,0.9834186434745789,0.39334556460380554,0.6714145972100007,1445.5650383596533,744.9233295025448,6.548410530911957,12.70755384535203,0.45926497229564334,0.24372413410190844,2.1773935666112934,4.103001944109143,52.09762199513525,26.832361894319202,2.216778123273323,4.30408881514935,54.39822137924754,28.0719009951358,2.3140018767739954,4.484113362559868,25.42180667802153,9.531093722554626,1.9805135373331184,5.282524097957588,1.7971876200473216,0.813863321427679,1.8827848017544062,4.157599252649145,sign,sign,0.2143963724374771,0.1982295960187912,0.19280201023734286,0.5199254751205444,37.034738267527935,15.015312838330955,2.2290364280247936,5.497839544837598
muon,200,L0.k,k,0,spectral,0.31719309091567993,0.553343653678894,0.8692778944969177,-0.1381783811423246,0.9667183756828308,0.553343653678894,1.0000001192092896,0.8692778944969177,0.9631304740905762,0.3171931505203247,0.6022532649632242,2201.8385210994484,1630.4323963640063,4.117460174757986,5.560477356861199,0.6992612827790424,0.5664762993116383,1.4300807778675153,1.7652991315337532,77.86471671960902,57.964528886068145,1.42898574840104,1.9195803473932622,79.80471607566237,58.91498989931202,1.5447796414276076,2.0925184048114955,31.58867052920517,14.381246772128643,1.2852937072602366,2.8231710431803387,2.463222456485304,1.5553487986449592,1.232193322852012,1.951437687947938,sign,sign,0.21016660332679749,0.1529003381729126,0.19280201023734286,0.40090468525886536,46.21665170274284,22.50221962236555,1.448296549170405,2.9746139846917186
muon,200,L0.v,v,0,spectral,0.33187490701675415,0.5821604132652283,0.9042478799819946,-0.11379696207365642,0.9648945331573486,0.5821604132652283,0.9999997615814209,0.9042478799819946,0.9724677801132202,0.33187487721443176,0.6255695557909752,2882.5009379370963,1980.7748956930247,3.308972457009361,4.815345868769377,1.0673587954265291,0.7623613260544305,0.9368918547973452,1.3117136551992719,121.51680759671126,83.30843159142287,0.9524915188837451,1.3893399074579609,124.56248968699988,84.33959839618728,0.9993046555770896,1.4758888851920278,46.596691936566614,21.029262779834035,0.9116523623882241,2.0200415358442023,3.7639743022318743,2.221378832376896,0.8375916597054072,1.4192417056218671,sign,sign,0.1984877735376358,0.19608445465564728,0.19280201023734286,0.462236613035202,72.62721412056617,35.24647105450839,1.0257366997736153,2.1135846142035937
muon,200,L0.o,o,0,spectral,0.34259331226348877,0.5551576614379883,0.9680508375167847,-0.1006136914378859,0.9727697372436523,0.5551576614379883,1.0000011920928955,0.9680508375167847,0.8723300099372864,0.3425934910774231,0.6334697949806426,2892.586300674932,1633.6281651186769,3.144488073831258,5.567792793496084,0.9914428715832909,0.5795834313088796,1.0086321872443718,1.7253791914558045,112.64890652790906,63.36764589327926,1.0999707944031332,1.9554222893309394,107.65519501221362,61.056424932014764,1.0371839580923603,1.8287713602016842,46.69329016091752,19.32762613671675,0.9391493796256185,2.268875348535378,3.6315835189700443,1.8335523109724865,0.8790899764999883,1.7411494895697177,sign,sign,0.3848693072795868,0.3877411186695099,0.15432514550029056,0.4855217933654785,70.4220117935896,31.19172813541215,1.056999230386119,2.386402316181987
muon,200,L0.up,up,0,spectral,0.47583529353141785,0.5938790440559387,0.9351204037666321,-0.1318125466321317,0.9843176603317261,0.5938790440559387,1.0,0.9351204037666321,0.9770925641059875,0.47583523392677307,0.7115365245479459,2454.5870130207445,1390.4518089598178,15.856214028995627,27.991230462252396,0.26542301411517955,0.1651976584325245,3.7675708089354036,6.053354566211682,83.50381712771838,47.64496619435824,5.733649828201544,10.048945040183686,31.8817834891201,19.022922171060706,3.922862353301118,6.574586547792867,15.452968606510698,6.522996864944022,3.9414374993918933,9.337258809666718,1.0298075516830816,0.542316116555843,3.482125737306244,6.612230893969277,sign,sign,0.29362964630126953,0.2969614267349243,0.14848947144591482,,,,,
muon,200,L0.down,down,0,spectral,0.5174148082733154,0.5852649807929993,0.9829257130622864,-0.132465609417886,0.9857692718505859,0.5852649807929993,1.0000015497207642,0.9829257130622864,0.9203583002090454,0.5174152851104736,0.7360799910670648,2371.986209103737,1527.8427721447172,16.17038313040737,25.10462887971625,0.23573597197563484,0.16837382573850937,4.242040539422308,5.939174603502819,27.51898610919728,18.78130236403608,4.571915940970059,6.698922621728948,68.84776157445769,44.585131310614344,6.844426586003251,10.56907170294343,13.302555767022417,5.9743650869859835,4.978680256098946,11.085558178759,0.8916443866418444,0.527350103451477,4.160415824333691,7.034437637508435,sign,sign,0.31227907538414,0.37964269518852234,0.05887912175383302,,,,,
muon,200,L1.q,q,1,spectral,0.2567061483860016,0.5889626145362854,0.9191430807113647,-0.13256151947446482,0.9640806913375854,0.5889626145362854,1.000000238418579,0.9191430807113647,0.954645574092865,0.2567058205604553,0.5560732339115628,437.1600831481505,333.85841281927907,22.07329499773274,28.903161058834563,0.16513096607153183,0.1401166374571452,6.055800811977305,7.136912907465611,18.056379890045815,13.62662806595037,6.515719930987571,8.633853786985954,19.051929962936775,15.551862410510978,6.413766674641446,7.857234732304441,6.319887804273307,3.462295006841798,5.199205975663396,9.490352027360155,0.5479897262694844,0.3952024441136421,5.114025603784812,7.091134006112884,sign,sign,0.2963651716709137,0.25251731276512146,0.1613571633061484,0.35792529582977295,9.375507187647536,5.436361384043908,6.01558764255137,10.37443635483828
muon,200,L1.k,k,1,spectral,0.2363933026790619,0.5555292367935181,0.8786556720733643,-0.12894596339514097,0.9608621597290039,0.5555292367935181,1.0000005960464478,0.8786556720733643,0.9414498209953308,0.23639343678951263,0.5355508729982605,508.51680342988186,387.43610349469066,17.89870256840003,23.492366698731598,0.18690044693771113,0.15966611004590026,5.350445183149942,6.263073583736531,20.12399369034974,15.340234082173168,5.58874782788883,7.331565178401625,21.501922976286995,17.676314882080156,5.60440929959147,6.8173472746611985,6.973764896234291,4.228445901422488,4.338884427462789,7.155905648190609,0.6164636629955426,0.46452832298163216,4.3782098357674855,5.810210355735527,sign,sign,0.5144605040550232,0.40956640243530273,0.1613571633061484,0.3069157302379608,9.721958556102622,5.791284499580186,4.898940101237138,8.22396009667789
muon,200,L1.v,v,1,spectral,0.2660093903541565,0.591816782951355,0.9386736750602722,-0.14730563648059858,0.9650786519050598,0.591816782951355,1.0000005960464478,0.9386736750602722,0.9448743462562561,0.26600944995880127,0.5633622506674417,686.8583073541794,514.3092099679712,14.116923487794516,18.85310623249162,0.23529696596556154,0.1834234460817405,4.249951086036568,5.4518689808107155,25.934973310481023,19.37085416082067,4.632749336941052,6.202629445774761,26.75066334423141,20.33110525301139,4.521155784605299,5.948713304845386,8.297709841126924,4.3888011339230335,4.103446643309269,7.758202879493624,0.7522180881775271,0.5167475319078914,3.774394524607855,5.4943036164018295,sign,sign,0.42541754245758057,0.4330542981624603,0.1613571633061484,0.3980427384376526,13.11679224481007,7.067839310840348,4.715270542997897,8.750796583011514
muon,200,L1.o,o,1,spectral,0.28707727789878845,0.5957575440406799,0.9582470655441284,-0.09691536886807717,0.9721174240112305,0.5957575440406799,1.000000238418579,0.9582470655441284,0.9326837062835693,0.287077397108078,0.5812425411099841,539.4508629638974,367.29520272310293,18.09412547406703,26.57505877886746,0.18348675907896267,0.13316604842586816,5.449985837878545,7.509423387112568,20.87966293062305,14.227929028304779,5.8744063444509065,8.620764423665568,20.811955930857863,14.302398917286196,5.736294791364951,8.34709723136077,7.578962060531367,3.321223231740844,4.8484068501153885,11.063963186775702,0.6266257663166711,0.3757125501354887,4.674684342587641,7.796592521080742,sign,sign,0.4164634346961975,0.5643022060394287,0.09656983414309021,0.4072326123714447,11.612544505075828,5.740533146963743,5.259910767125858,10.640291818240476
muon,200,L1.up,up,1,spectral,0.4309833347797394,0.5522941946983337,0.8659242391586304,-0.14492213407737975,0.9848170876502991,0.5522941946983337,0.9999998211860657,0.8659242391586304,0.9648107290267944,0.43098321557044983,0.6689862180498772,1223.125435579295,738.0025142203552,29.592347024168703,49.044754789199445,0.15005201920328248,0.10197528925537676,6.664354311895791,9.8062955102953,44.38172084817032,26.663133188046483,9.989545289736022,16.627948685639886,17.349918538865076,11.443284690774421,7.117945426590344,10.79198644904745,8.163461193476724,3.5548241210845446,6.757656063973383,15.518591400881675,0.5622499284561797,0.31899895781946846,5.996405489715299,10.568932828597815,sign,sign,0.28984153270721436,0.32946184277534485,0.1636823563657026,,,,,
muon,200,L1.down,down,1,spectral,0.4833565950393677,0.5359103679656982,0.9793036580085754,-0.1306683050692513,0.9869648814201355,0.5359103679656982,1.0000004768371582,0.9793036580085754,0.8453231453895569,0.483356773853302,0.714306279952823,809.9752129984395,556.6227527017832,43.36110699608244,63.097352209417664,0.11618302689098942,0.09598007493009497,8.607113307311442,10.418834092028861,13.42356522055412,10.332764682242916,9.338120399874155,12.131396782945798,32.00110604121747,22.290724677334023,13.52470286126983,19.41639209601582,6.359699467243934,2.909371453469216,9.728393573075587,21.265644629204363,0.43570235611128166,0.2836897703934654,8.26224146426055,12.689488478015168,sign,sign,0.409391850233078,0.44215041399002075,0.04500494450053314,,,,,
muon,200,L2.q,q,2,spectral,0.2765747010707855,0.5811976194381714,0.9049944281578064,-0.12123806044380414,0.9617653489112854,0.5811976194381714,0.9999995827674866,0.9049944281578064,0.9617470502853394,0.27657467126846313,0.5778772222980665,468.7977758108163,401.76783241988517,20.312258906104002,23.701105535306414,0.18782167536663172,0.18879708654471905,5.324196905471465,5.296689695106199,19.5021891374361,16.269826000813698,5.93980942282197,7.119884797686575,21.36237759595569,20.072275642853953,5.762636760986255,6.133017731865907,6.854624741127175,3.684906608593099,5.164622664252123,9.607177074830968,0.6064778758059919,0.4792332388530957,4.802016160729447,6.077033737716139,sign,sign,0.07345405966043472,0.08610893040895462,0.15407791157844772,0.35097283124923706,9.744687687126461,5.485391988222236,5.947631686493813,10.565847142261028
muon,200,L2.k,k,2,spectral,0.16618502140045166,0.4731195569038391,0.7567821145057678,-0.1564141484376217,0.9548724293708801,0.4731195569038391,1.0000005960464478,0.7567821145057678,0.8954810500144958,0.16618509590625763,0.45274475684896337,1026.2818812365308,1132.6719281406763,7.553081626046912,6.843632854075433,0.3676447813624648,0.4764923532046857,2.7200184709287,2.0986708166896433,33.29674250543925,37.023865678941156,2.9092368612609545,2.6163694384791376,38.64785117773888,47.48832832556951,2.9657942397552333,2.413678864752518,9.042955593266967,7.264958645425578,2.3522942313063053,2.9279853216225558,1.0087357063499285,1.1518332251332941,2.261930795898769,1.9809207698897169,sign,sign,0.23251058161258698,0.2020975947380066,0.15407791157844772,0.19028052687644958,12.360364755351728,9.400719753822619,2.6435627448717325,3.4758402160628843
muon,200,L2.v,v,2,spectral,0.24678900837898254,0.6009545922279358,0.9380582571029663,-0.12119698890587882,0.965907096862793,0.6009545922279358,1.0000004768371582,0.9380582571029663,0.9437336921691895,0.2467891275882721,0.5405793129138804,656.7937751739289,483.53837422189673,14.991067837777726,20.36247909983693,0.21074577654917798,0.16605927418444047,4.745055835573559,6.021948980256695,22.65971396766605,16.487433069897094,5.2988955235937185,7.282604660176438,23.471238229811092,17.879463371628425,5.146635700038587,6.756238153620504,6.9092889453659,3.4272557501441296,4.57196226429143,9.216997689761083,0.6482486466002478,0.4407523830570946,4.202629710373513,6.1811328234128045,sign,sign,0.4956488311290741,0.4090277850627899,0.15407791157844772,0.3570765256881714,10.498492925725436,5.060837516323946,5.384646575528047,11.17022109450675
muon,200,L2.o,o,2,spectral,0.26630014181137085,0.5919756889343262,0.9572422504425049,-0.12208552210792589,0.9687292575836182,0.5919756889343262,1.0,0.9572422504425049,0.9269669055938721,0.2663000524044037,0.5626544721200804,404.1504418580698,221.19320218354105,23.998315189040632,43.84822676174311,0.1346383708684907,0.07958487840004848,7.427303179245681,12.565201079698966,15.598186327850996,8.512109946086113,7.855208642934675,14.394434380277103,15.442067425543886,8.503335761547302,7.683670887211956,13.95355508041532,5.5942384639205445,2.0190164007311098,6.093127910491781,16.882681344301037,0.46495262315763813,0.22266465032762428,6.098687719425819,12.734849688956297,sign,sign,0.31897664070129395,0.3959437310695648,0.05809881043455001,0.35898342728614807,8.570174970382412,3.3677801700654384,6.811220570468301,17.332886679966112
muon,200,L2.up,up,2,spectral,0.47461169958114624,0.5669825673103333,0.8908196091651917,-0.12048344977180203,0.984920859336853,0.5669825673103333,1.0000011920928955,0.8908196091651917,0.9740297198295593,0.4746120870113373,0.706102747649919,1059.8026067016585,484.53845006365844,35.0610286257865,76.68693687026949,0.11064807970647442,0.05864238430973891,9.037673267766452,17.05253297360937,32.43031821915414,14.725588808543906,14.063989036752483,30.973270123361413,13.12697727812991,6.645009942296526,9.49767806377624,18.762320180230677,6.522838707275585,2.1948239113741055,9.313482957916793,27.678916209463665,0.42850477960371214,0.18424221572016083,8.304539482387922,19.314438043970867,sign,sign,0.37948930263519287,0.3155851662158966,0.14607663354351189,,,,,
muon,200,L2.down,down,2,spectral,0.3827337622642517,0.5394798517227173,0.9691789746284485,-0.11920928367534178,0.9864052534103394,0.5394798517227173,1.0000019073486328,0.9691789746284485,0.8456186056137085,0.38273411989212036,0.648297994454465,860.7148552918957,413.88606940502444,41.07672981955201,85.42290783868262,0.09590092243514656,0.053672289256682916,10.427448265942267,18.631623901231663,11.378862845288408,6.0969185623410915,10.902223749344886,20.347148725044946,25.35465000709925,12.228419999337778,17.076028497849183,35.4057781870156,4.940244674989466,1.7601825633712347,9.91650705255669,27.832323862508545,0.3579650968836786,0.16573253851458164,9.127196099708254,19.71379709374897,sign,sign,0.5380985736846924,0.5072199106216431,0.02134490296891023,,,,,
muon,200,L3.q,q,3,spectral,0.2910976707935333,0.5917404294013977,0.9162428379058838,-0.15054630728848506,0.9636474847793579,0.5917404294013977,1.0000007152557373,0.9162428379058838,0.970944881439209,0.2910977602005005,0.5892302059233079,356.03927715073513,194.38322027644537,27.230352990543594,49.876091061381146,0.11583699120150437,0.06706672352576067,8.632827086437224,14.910534803025408,13.037918642037395,7.066068028094999,8.995230486698778,16.59750271093433,13.356356182309446,7.408005156022886,9.305003784552364,16.77657374781595,4.910106273870279,1.8490742861566014,7.588534221601899,20.15089916609826,0.40277925963256755,0.19536144453151957,7.372607039749971,15.200200900199858,sign,sign,0.5466675162315369,0.4558558762073517,0.13238411729991806,0.3566471338272095,7.302318204701239,2.988444540861643,8.396738795888252,20.51758288666689
muon,200,L3.k,k,3,spectral,0.2683085501194,0.5703073740005493,0.9013050198554993,-0.09242893958560727,0.9695364832878113,0.5703073740005493,1.0,0.9013050198554993,0.9558752179145813,0.26830825209617615,0.5708021333940135,402.0947571887517,241.95913262634124,23.23809462464284,38.617744716645426,0.1284873139951549,0.08276481002101463,7.782869521559995,12.082429715552928,14.467655922973192,8.681280415217426,7.974135074522513,13.289173603847296,14.857811610926053,9.270795351279244,8.234861976786128,13.197576179500444,5.359740313243599,2.4129442767340272,6.407678806829964,14.233024254405025,0.44546630532030684,0.25067561871954525,6.4576432794028,11.475637349360538,sign,sign,0.378721684217453,0.4227888882160187,0.13238411729991806,0.36150234937667847,7.564758820640061,3.364050266265429,7.366364336724516,16.564785060167225
muon,200,L3.v,v,3,spectral,0.23732483386993408,0.5834258794784546,0.915008008480072,-0.12515689224117044,0.9608248472213745,0.5834258794784546,1.000000238418579,0.915008008480072,0.9472107887268066,0.23732492327690125,0.5347418075135353,393.5008052461215,307.56712340988094,24.291817149894424,31.078905649601403,0.144094879204785,0.11804720635451352,6.939873532892151,8.471189359750099,16.116950552561335,12.143617135017866,7.26694697632091,9.64465725353889,16.30467361209058,13.014525632919952,7.436087580871576,9.315973887695902,4.798029050794227,2.3140163562113134,6.3312611489140185,13.127640536815743,0.44652580676748915,0.3068666255837565,6.0353266979887765,8.782086086416875,sign,sign,0.4079543948173523,0.3805839419364929,0.13238411729991806,0.34851792454719543,7.4677238052862975,3.656964417094278,7.272645534422294,14.851144826825454
muon,200,L3.o,o,3,spectral,0.26126617193222046,0.6033908724784851,0.9618484377861023,-0.11130401276647817,0.9632715582847595,0.6033908724784851,0.9999999403953552,0.9618484377861023,0.9470905065536499,0.2612660825252533,0.5702300348729761,285.28634539506965,163.68740093751055,34.652748770703525,60.39533890859182,0.09358135559005319,0.05837276308773102,10.685888594903467,17.131276429255387,10.85047062108001,6.1428663465964695,11.346659913297529,20.04220718636266,10.485761497118911,6.040949224093904,11.561161759417846,20.06763843591988,3.6177055411334322,1.230916383862228,9.244001050329828,27.16843667080845,0.31431681758318014,0.15307081815907422,9.142940661678805,18.77418600548831,sign,sign,0.46943432092666626,0.5229714512825012,0.16497330485065778,0.38779810070991516,5.812378577524507,2.215814903053455,10.96875927833474,28.772521280347206
muon,200,L3.up,up,3,spectral,0.45963937044143677,0.559013843536377,0.8876664042472839,-0.13835102364980745,0.984062671661377,0.559013843536377,1.0000025033950806,0.8876664042472839,0.9679036140441895,0.4596399962902069,0.6964041804126045,887.1277138202505,411.93404412806905,41.296794902546665,88.93542976654322,0.09240522793028344,0.050240201663018604,10.821925618207965,19.904428531208985,25.661034682627257,11.916090293032159,17.71110185523033,38.14046283623464,10.955770023693429,5.6359909489539115,11.308348233827719,21.982232356255224,5.286055404575864,1.7434983587606243,11.130021801289198,33.7447475072901,0.3550496830089761,0.15413870760781448,9.884974730304942,22.7694730221585,sign,sign,0.42321035265922546,0.5814284086227417,0.12116902280222965,,,,,
muon,200,L3.down,down,3,spectral,0.24853907525539398,0.5264703631401062,0.9545291066169739,-0.10380679941021731,0.9834795594215393,0.5264703631401062,1.0000038146972656,0.9545291066169739,0.8348379135131836,0.24853958189487457,0.5617468162675521,790.5813967438534,404.4704908829433,43.64226360606967,85.30353263456085,0.09885821123942488,0.05915524846346502,10.115536202403607,16.904735263091318,11.47536464382932,6.555257714632281,10.64713230813739,18.63843207479851,28.15352982939786,14.313606825698477,15.182359523260246,29.862285371101205,4.046676968909507,1.4727592810258585,7.861529953838343,21.60099930412951,0.33975201976222213,0.16752820471402508,8.332627523233382,16.898808387384438,sign,sign,0.6026462316513062,0.7357739210128784,0.023035309379725394,,,,,
muon,200,head,head,4,adam,0.362940186720628,0.36058270381047175,0.6298088073730469,-0.13857220084192656,0.9636626839637756,0.36058270381047175,1.000001072883606,0.6298088073730469,0.8668521642684937,0.3629403627835787,0.6417976881357902,2822.1585633660275,986.4432849661397,1.0630331458502198,3.0412778326187335,2.2975308128674037,1.1739390129316143,0.43525034236018256,0.8518339214116051,70.78667757686905,24.848826380053413,0.5783231235113825,1.647465029258257,228.01856229441265,111.8562603952196,0.48661422960426265,0.9919612602309844,27.441440407011058,8.88440590418584,0.8596896967152381,2.6553405861181765,5.986045893115142,2.56437758740657,0.4310844106536101,1.006283582671899,sign,sign,0.5270389914512634,0.6628342270851135,0.09885434011445031,,,,,
muon,250,embed,embed,-1,adam,0.49664922860952526,0.3950778961181641,0.6420893155611478,-0.12204187913117215,0.9841116070747375,0.3950778961181641,1.0,0.6420893155611478,0.9359225034713745,0.4966489938589243,0.7275703082651985,1693.9091575091575,495.6656593406593,1.940510257667318,6.631583273442017,1.220836161020083,0.4309005397979581,0.8191107307670499,2.3207211586898517,32.97056642471518,9.894724845104905,1.2658504247045295,4.217985458395242,121.97827397743642,40.792272779267414,0.982126378231063,2.936783667156272,20.693343218929922,5.7447662530446415,1.5600282428065044,5.6194105099594,3.520038814873494,1.1120893655557682,0.8310594140386875,2.630509278739707,sign,sign,0.16972702741622925,0.0060022627003490925,nan,,,,,
muon,250,pos,pos,-1,adam,0.5356342196464539,0.6042983531951904,0.9717332720756531,-0.12066065375918578,0.9791620969772339,0.6042983531951904,1.0000001192092896,0.9717332720756531,0.9603899717330933,0.5356340408325195,0.7562688762113442,2551.3858543997053,562.8730623699902,3.8805671833904105,17.589799336039192,0.7268402443184042,0.1706352502176089,1.3758183136199915,5.860454495387105,69.17638501546944,15.36997480325413,1.798039299073939,8.092521973383421,80.0185752787293,18.5552609419652,1.536267247368917,6.625070742271994,19.17679193108726,4.034899749799588,3.5752159553969975,16.992038646996612,2.5953327262247536,0.5779744419355154,1.4685424599181005,6.594333640969686,sign,sign,0.05859740078449249,0.09293054789304733,nan,,,,,
muon,250,L0.q,q,0,spectral,0.40809372067451477,0.5981607437133789,0.9414493441581726,-0.1269910905688567,0.9695344567298889,0.5981607437133789,1.0000001192092896,0.9414493441581726,0.9790496230125427,0.40809375047683716,0.6847400505066334,1473.4069032217465,350.9781562482404,6.651431864185496,27.922722398907503,0.4371013876078966,0.10759432424723954,2.2877990039838156,9.294171660127748,50.88476381439085,12.115701921306876,2.3682042917956045,9.946226544276653,52.066451409273434,12.668280187480917,2.406892506664768,9.892293972898383,24.583386205865473,5.322501604803509,2.12484966975672,9.8141821157729,1.7248398400559448,0.40014367195721506,2.0006917848035553,8.624084647453296,sign,sign,0.22978316247463226,0.15820318460464478,0.17547135907399872,0.5463003516197205,36.3729059609723,8.018561000683817,2.4109798557472844,10.936419085596034
muon,250,L0.k,k,0,spectral,0.3342660367488861,0.5761125087738037,0.8989183902740479,-0.1041128695097645,0.9694507122039795,0.5761125087738037,0.9999997615814209,0.8989183902740479,0.9687602519989014,0.334265798330307,0.6172200775741209,1819.2515668771873,525.6399764154403,5.188412375509144,17.957209815202205,0.6178287105077244,0.189854946925638,1.6185712068311504,5.267177799549772,70.31430680769242,20.272191889633522,1.636388939590461,5.67583192688288,72.19985966923497,21.414906279827324,1.7174730369828888,5.790420496617706,29.813182914366408,7.053257370012931,1.4351390883303314,6.066142479055855,2.2516274454145684,0.6111791152906475,1.381487524777937,5.089498558550371,sign,sign,0.02651410549879074,0.05745615437626839,0.17547135907399872,0.4227980077266693,43.455789072006105,10.398108588749452,1.6412809383343128,6.859243453307499
muon,250,L0.v,v,0,spectral,0.34489262104034424,0.5795968174934387,0.9072450995445251,-0.11489869599132052,0.9633554816246033,0.5795968174934387,1.000000238418579,0.9072450995445251,0.9787880778312683,0.3448926508426666,0.6412788238876208,3333.813077784175,1040.7330794645527,2.8484243226150245,9.124447416140708,1.0808963924542117,0.34459643672563117,0.9251582717822241,2.9019459629954985,121.15209851724593,37.66792118474475,0.9585254746963261,3.0829249156635172,125.59026846078336,39.106596756160386,0.9975683267332422,3.2036762171759796,49.986825001476326,12.528453974167018,0.8831578982373355,3.5236797292697473,3.922122585947834,1.1214552154410382,0.824003626171083,2.881829955053108,sign,sign,0.287838339805603,0.3290964365005493,0.17547135907399872,0.4865732789039612,76.96414720979654,20.013607557315435,1.0056647677080206,3.867375284736929
muon,250,L0.o,o,0,spectral,0.33190205693244934,0.5406651496887207,0.9640057682991028,-0.102757928922805,0.9723514318466187,0.5406651496887207,1.0,0.9640057682991028,0.8578692674636841,0.33190205693244934,0.6267489028538168,3465.778910595679,1022.8917042745551,2.555921205884853,8.660015303166784,1.1573828150381111,0.354376618892849,0.864018358495388,2.821856597436426,134.5394546789478,40.10719915494254,0.9171490893636954,3.076573307091155,127.47560116774052,37.94147366796558,0.8613983007686323,2.894122331575726,54.23906448583062,13.575574408035006,0.7832632013491285,3.1294044738327043,4.240640233404832,1.1933925270991501,0.7448444301382834,2.6467546815880754,sign,sign,0.35405397415161133,0.2990071773529053,0.15556971784668452,0.4594287872314453,80.07189894367646,20.82294895688281,0.898295737872144,3.454277571028596
muon,250,L0.up,up,0,spectral,0.4505263566970825,0.5888204574584961,0.9270813465118408,-0.12205926827555102,0.9836711883544922,0.5888204574584961,1.0000003576278687,0.9270813465118408,0.9772660136222839,0.45052647590637207,0.6964348361507697,2883.1486590209624,838.549015224341,13.38430378165229,46.018702305286375,0.309770174548319,0.09421968431411043,3.2282009043833404,10.613497220963493,92.87313435113997,26.916492563522574,5.11090373691298,17.634751195530313,36.552768198297095,10.987682122077384,3.422177195036079,11.384571227475792,18.074379753777272,4.409548377943497,3.1905591371605557,13.077842111989357,1.2080878334359404,0.3339754920343992,2.905261576028212,10.509187789704942,sign,sign,0.3912346363067627,0.3369099199771881,0.14796184117363484,,,,,
muon,250,L0.down,down,0,spectral,0.5095282793045044,0.5817375779151917,0.9797486066818237,-0.13307756772610457,0.9862086772918701,0.5817375779151917,1.0,0.9797486066818237,0.9118067622184753,0.5095282793045044,0.7270165842319208,2692.1697911220654,914.4202952672592,14.161348229956937,41.692812488492734,0.2660409005469838,0.09613601732642667,3.7588205345267816,10.401928723597246,31.01318117105876,10.594561708144244,4.043694226772936,11.836999501250723,83.82540584072537,29.00728661814858,5.569255019688189,16.09406175770246,15.730068212758631,3.986264339073584,4.146175265665857,16.361087525403228,1.0277138527442056,0.31609235845606354,3.565130490945912,11.591339981397072,sign,sign,0.5395023226737976,0.4158487319946289,0.06070254026582604,,,,,
muon,250,L1.q,q,1,spectral,0.2878967821598053,0.5872676372528076,0.9318870902061462,-0.16161720389964696,0.9623022675514221,0.5872676372528076,1.0000003576278687,0.9318870902061462,0.9571642279624939,0.2878968119621277,0.5873253870321269,455.57331973011276,135.5275328151873,21.120185384100342,70.99511640834486,0.15132110240345023,0.04622065215780837,6.608465982237438,21.635358025967008,16.948388500191506,5.008500907577163,7.0379285644200875,23.81581829523688,17.54350685152754,5.242450738579321,6.9836106438737175,23.37018072055375,6.852826020971654,1.7072223015765726,5.377459141437143,21.585233450337228,0.5435104562431621,0.15074651091959418,5.445957692027599,19.63518048821482,sign,sign,0.1987277865409851,0.07484516501426697,0.1714141843764321,0.38175511360168457,10.181640730881306,2.604951915352148,6.007344107152215,23.480133773422185
muon,250,L1.k,k,1,spectral,0.26128700375556946,0.5608121156692505,0.8895785808563232,-0.09752836710261037,0.963998019695282,0.5608121156692505,1.0,0.8895785808563232,0.9471675753593445,0.26128700375556946,0.5652726992389339,523.3388179632805,157.52775995326252,17.55716447498395,58.32842227840429,0.18048194244718127,0.05719195127908228,5.540720508882233,17.48497782704165,20.13315413557802,6.0826191738371005,5.655649263042822,18.719905865449608,20.465916260213845,6.376819170463706,5.923871089108488,19.01221383343383,7.791784984959597,2.0601058401413814,4.292307416756356,16.234474864853368,0.6344403981016931,0.18654510501621954,4.490248704332571,15.271347781034908,sign,sign,0.28505972027778625,0.2568248510360718,0.1714141843764321,0.3284461498260498,10.74996505870404,2.787561182786399,4.772442383489235,18.404470970536796
muon,250,L1.v,v,1,spectral,0.27795228362083435,0.5933369994163513,0.9306153059005737,-0.1362435638745001,0.966903030872345,0.5933369994163513,1.0000011920928955,0.9306153059005737,0.9496223330497742,0.2779524028301239,0.5698720534367162,653.5233274007834,274.7406824721215,14.875113084487957,35.38330512600344,0.2532800548450034,0.11178060980031872,3.9482034726534376,8.94610607223619,28.027923341513766,11.627078562202824,4.250003031042967,10.244943174505018,28.761877413660105,12.085451317994336,4.226137844973972,10.057684684840005,9.560290155594512,2.8126356058449105,3.7214254989359605,12.649312796980084,0.8264910106231182,0.30900307582417397,3.474901900411069,9.294325552672243,sign,sign,1.0711020231246948,0.9866182208061218,0.1714141843764321,0.39029163122177124,14.527487420486079,4.432176239126537,4.328551435763584,14.18783305069452
muon,250,L1.o,o,1,spectral,0.3567209541797638,0.6048926711082458,0.9667813181877136,-0.11083654805762255,0.9750224351882935,0.6048926711082458,1.0,0.9667813181877136,0.9565410017967224,0.3567209541797638,0.6394198939872119,604.9141985077645,188.12046270467926,16.383416933980747,52.68199631741065,0.1900622840157911,0.06161588367415193,5.26143314113239,16.22958140612537,21.882246075269364,6.765246675552209,5.6551785544484625,18.291721597561185,22.146525030766753,6.881506716281654,5.528508335275454,17.792215175826797,8.819897294339775,2.1219245674052605,5.176963020228426,21.518334268990646,0.6789770263935032,0.19180057970758985,4.7460716579544675,16.801167265924015,sign,sign,0.5692381262779236,0.44798827171325684,0.13714539157934308,0.4598442614078522,13.07679477638725,3.3727157825106016,5.533126545152082,21.453204173899863
muon,250,L1.up,up,1,spectral,0.42068859934806824,0.5498301386833191,0.8681564331054688,-0.14894493074820336,0.9839655160903931,0.5498301386833191,1.0000022649765015,0.8681564331054688,0.9523046612739563,0.42068901658058167,0.6561463365071458,1517.4638623938474,441.2354153043286,23.74598095002127,81.66540290945794,0.1823339600677691,0.05712155458435083,5.484454265156227,17.50656599339936,50.97317499448426,14.793163513223277,8.720196334603413,30.047399486436753,21.096613478813566,6.415856532859722,5.77794141061931,18.999021567699312,10.281121061011813,2.476974942653219,5.237581862546547,21.739506633087338,0.6891562842676746,0.19107465560120668,4.798288685792219,17.306171721935616,sign,sign,0.4580813944339752,0.15099652111530304,0.16996654023171998,,,,,
muon,250,L1.down,down,1,spectral,0.5205568671226501,0.5474478602409363,0.9803818464279175,-0.13132680784967765,0.9857546091079712,0.5474478602409363,1.0000005960464478,0.9803818464279175,0.862660825252533,0.5205570459365845,0.7365409625372532,939.3142032011352,271.8741299394591,38.19546520906545,131.96379875032318,0.12975521234728696,0.04034880695217831,7.706824087883023,24.78389502895725,15.30721482509812,4.651771851659905,8.19802150663088,26.976575882154425,35.68152135998253,10.342299438622256,12.37846161527887,42.70639669161768,7.910652536203864,1.8990115081459509,8.422986199144411,35.087368798373205,0.5078616164374211,0.14019559114645552,7.308948828494875,26.47682809525818,sign,sign,0.5772810578346252,0.5196200609207153,0.050150742740459886,,,,,
muon,250,L2.q,q,2,spectral,0.3027825653553009,0.571585476398468,0.8931117057800293,-0.1176933397402864,0.9666156768798828,0.571585476398468,0.9999999403953552,0.8931117057800293,0.9613550305366516,0.3027826249599457,0.5984324624367157,523.7294442156901,182.94795471551086,17.881095952771606,51.18863700813224,0.2076874837898565,0.08151679407521137,4.81492636025761,12.267410068564601,21.083362943739417,7.3370122173194074,5.422204163771222,15.58104238534445,23.551906907486195,8.887335632299017,5.224776252388197,13.845931896785963,8.008333982756657,2.193164635408081,4.839479528317291,17.671344749851475,0.6790288401816872,0.22945212971784554,4.441505937584034,13.14396440410639,sign,sign,0.3070891797542572,0.14809274673461914,0.16349886912151002,0.36379823088645935,11.410629644727127,3.1379095286058036,5.297191816558651,19.262599327612204
muon,250,L2.k,k,2,spectral,0.25316017866134644,0.5577607750892639,0.8873147964477539,-0.11380513150846572,0.9639514088630676,0.5577607750892639,1.0000007152557373,0.8873147964477539,0.9400665163993835,0.2531602084636688,0.549477992464624,995.7559115179253,361.5403000254259,9.177301820013342,25.27616572321213,0.3485752662573767,0.13569727122361483,2.868822925942683,7.36935021786725,34.77215147914667,12.704919878997531,3.2663004477426636,8.939552159873529,38.545173085704164,14.656036870093905,3.121753113718645,8.210167261837007,9.895847377846387,3.0124918183889267,3.2745560280055304,10.756711930484,1.0149675563018403,0.36747766067857535,2.7283582244671654,7.535682780525865,sign,sign,0.5922343730926514,0.4780353605747223,0.16349886912151002,0.33173954486846924,13.32529937170398,4.041636170104922,3.745328197450951,12.348370158965285
muon,250,L2.v,v,2,spectral,0.29050499200820923,0.5970032215118408,0.9494588375091553,-0.09268024248424711,0.9668815732002258,0.5970032215118408,0.9999996423721313,0.9494588375091553,0.9453569054603577,0.2905048727989197,0.5823592520658336,768.9989204828188,305.6673183651161,12.7195247232711,31.999825279215322,0.23413014404296478,0.09787656797134714,4.271127267527856,10.216946334539193,25.476199854640864,10.069966662689382,4.770363393857317,12.06863292323102,26.209079622432597,10.636720701640195,4.616937551494783,11.376220857267274,7.849099039019949,2.2991922573952013,4.737440410956226,16.172914142977312,0.7234842535302494,0.2672818328240381,4.056629650843836,10.980572992110508,sign,sign,1.6872614622116089,1.0245299339294434,0.16349886912151002,0.3927120864391327,11.875869285291124,3.4704594578397843,5.442143122856238,18.622946368927273
muon,250,L2.o,o,2,spectral,0.29940956830978394,0.596200704574585,0.9594587683677673,-0.10900003312351547,0.9715129733085632,0.596200704574585,1.0000004768371582,0.9594587683677673,0.9344787001609802,0.2994096279144287,0.5916792114751598,530.7988985245161,168.97719986848054,18.402736650175694,57.8075169392842,0.16457566506275087,0.0547976082018091,6.07623536842989,18.24898037801847,18.66377251833474,5.95203290494048,6.580166053268631,20.633407830984147,18.44019078135304,5.851959659364334,6.486552934233195,20.439866400855948,6.880653362975624,1.6363622406003275,5.569882735158307,23.420506427101923,0.5646024623496325,0.1622285066410199,5.281374150794322,18.380720576603018,sign,sign,0.6553382873535156,0.46975818276405334,0.06726347300164699,0.411293089389801,10.145510162530089,2.575456936275962,6.190728394449942,24.387166779877983
muon,250,L2.up,up,2,spectral,0.48786380887031555,0.5571374297142029,0.8787972331047058,-0.12540677010749024,0.9846093654632568,0.5571374297142029,1.0000003576278687,0.8787972331047058,0.9700424671173096,0.4878638684749603,0.7083875463079876,1278.932283028263,329.64060247775154,28.549250869870416,110.76474900028235,0.14327341439957378,0.038863220918019345,6.979664453580884,25.731278417126973,40.85428277409255,10.471221904464082,11.01339083193839,42.969596810644376,16.861688070930995,4.480871249089867,7.363760690430089,27.710110130085866,8.633336880486409,1.8913722601476317,7.233191946364911,33.01654788429389,0.5544846853458144,0.1356282230461736,6.438501069396465,26.32232554095759,sign,sign,0.3466888964176178,0.23083989322185516,0.15967516806111556,,,,,
muon,250,L2.down,down,2,spectral,0.41325893998146057,0.5369036197662354,0.9695408344268799,-0.12400151033034823,0.9863815307617188,0.5369036197662354,1.0000005960464478,0.9695408344268799,0.8450961709022522,0.41325902938842773,0.6677906442614329,1004.195411655803,266.86570404198443,35.03951045442587,131.8510212892111,0.1120138730694057,0.03177096259008617,8.92747093413001,31.47530054246731,13.253391580560361,3.625795921949047,9.363733505668709,34.22730608068255,31.10803363936527,8.273400997084163,13.909244297409142,52.298835709093275,6.035795885150666,1.3430682969512562,8.763908587639865,39.3853116116202,0.42164891950608724,0.1060603116508784,7.98165136462185,31.731517863583584,sign,sign,0.5898354053497314,0.5162119269371033,0.02359749183559351,,,,,
muon,250,L3.q,q,3,spectral,0.28516867756843567,0.5993503928184509,0.9171507954597473,-0.159831289200994,0.9673848152160645,0.5993503928184509,1.0000003576278687,0.9171507954597473,0.9671712517738342,0.2851686477661133,0.5699051218950149,467.42571456462974,135.68256802291722,21.00816563993239,72.37301724919381,0.14000841712842227,0.041625478105627146,7.142430277678388,24.023756678309084,15.527121369491619,4.453218307756589,7.560661053987198,26.361901372400546,16.396270727238363,4.745194434549911,7.550370586488978,26.08911435233806,6.173044694644798,1.4819641464758102,5.9130605267977625,24.630546562725705,0.4868340361441455,0.13000632779089516,5.899632369219405,22.09232340362188,sign,sign,0.4213199317455292,0.3431049883365631,0.14465548533206596,0.3782113790512085,8.97850266114555,2.2033033943223383,6.655638875600312,27.121853263690273
muon,250,L3.k,k,3,spectral,0.27542752027511597,0.5780183672904968,0.9116266369819641,-0.15349474724687018,0.9696688055992126,0.5780183672904968,0.9999995231628418,0.9116266369819641,0.9431109428405762,0.27542710304260254,0.5656173397521034,453.78723898810676,129.51331693332816,20.869368100357057,73.12184687975113,0.15341703397454468,0.04628038267258557,6.518177918423088,21.607416910042033,17.209433507195396,4.901292398361245,6.780479408860447,23.807640934196517,17.650516339923552,5.1994221167163905,6.839358031160952,23.21761879949677,6.470645048146899,1.669347801407384,5.448408111323733,21.11885548122325,0.5291733689870737,0.14894510509252476,5.386765353693548,19.138143333989447,sign,sign,0.5598853230476379,0.4280012845993042,0.14465548533206596,0.3659748136997223,9.161500485755948,2.309100276686297,6.013559818812359,23.859176562151774
muon,250,L3.v,v,3,spectral,0.2975516617298126,0.5937920212745667,0.9484559297561646,-0.11665640847676861,0.970394492149353,0.5937920212745667,1.0000007152557373,0.9484559297561646,0.9478961825370789,0.29755133390426636,0.5946431671966547,563.79654904012,191.99673211161135,17.255672268881167,50.67111491724259,0.18397265528811024,0.06424126704655551,5.435594293563285,15.566329265128578,20.12914269260015,6.726882747666702,6.0311738489199955,18.047342812820528,20.705435613405303,7.001689071187027,5.859848284775668,17.328777403732435,6.04738628641382,1.5004003378756898,6.298031905199861,25.384312981978194,0.5635009020045662,0.17262169887134848,5.318205815550945,17.360585567764296,sign,sign,1.440213918685913,0.9903302192687988,0.14465548533206596,0.386203795671463,9.207861604550269,2.353491161619526,6.957268075447096,27.21980121666974
muon,250,L3.o,o,3,spectral,0.29607805609703064,0.6070135235786438,0.9606364369392395,-0.10432922411274681,0.9656527042388916,0.6070135235786438,0.9999996423721313,0.9606364369392395,0.9629538059234619,0.29607805609703064,0.6015246234829448,332.1784281857941,99.34846043493323,29.939661117156856,100.10532147929992,0.11708632221912949,0.03677015844101065,8.540704186613798,27.19595685116242,13.188519132087963,3.941699771816227,9.323371539800451,31.19503540259876,13.022573546721448,3.8675759161778958,9.464956117620428,31.86959734717038,4.614294369643455,1.0346252883420302,8.213170710357394,36.629674330166,0.38816704698748733,0.10495528929491664,7.809764405499379,28.88366281791107,sign,sign,0.5290594100952148,0.40164709091186523,0.19402157732896583,0.4471120834350586,7.4229323177993844,1.7518201366812394,9.364101848484594,39.67821398032548
muon,250,L3.up,up,3,spectral,0.4928872883319855,0.5619909167289734,0.8939266800880432,-0.11921772329332792,0.9836413860321045,0.5619909167289734,1.000001072883606,0.8939266800880432,0.9648998379707336,0.4928876757621765,0.7130669933525504,1137.2836058346777,276.84209649212045,32.38474249500781,133.038425822636,0.12431928935772879,0.031117547960057723,8.043812654093466,32.13624268104931,36.46231874841448,8.777406974364688,12.552423321267252,52.144153910353,14.44989978503945,3.5672045163253667,8.547268915188308,34.62295999430966,7.208062217512793,1.4974155684479349,8.752646771593524,42.1323404316884,0.4734442011962616,0.10811975576196625,7.590403368676593,33.237519214824665,sign,sign,0.4867798686027527,0.32644152641296387,0.13200583800538407,,,,,
muon,250,L3.down,down,3,spectral,0.2608438730239868,0.5307067036628723,0.9411224722862244,-0.11326548083936272,0.9836649298667908,0.5307067036628723,1.0000017881393433,0.9411224722862244,0.8513482213020325,0.26084405183792114,0.5727448934919978,1047.075376413564,290.7422467492665,33.21670561137593,119.62621504140849,0.11797721638217176,0.03489701260088109,8.47622802779113,28.65579926787472,13.530189690001052,3.8103843193393634,8.903325024457018,31.614573847900587,35.65406530466657,9.883844875644776,12.225542461481645,44.10128798973134,4.785338905962606,1.0992513516917648,6.977153155934088,30.37343770245673,0.4037052765008613,0.1056520023996553,7.149904922755247,27.320394107411577,sign,sign,0.7556090354919434,0.547285258769989,0.02444326855748431,,,,,
muon,250,head,head,4,adam,0.3345020294189453,0.32111558180588945,0.5977565471942609,-0.11447663308247524,0.9702403545379639,0.32111558180588945,1.0,0.5977565471942609,0.8132457733154297,0.33450197073129506,0.6148568044148073,3254.553141434502,733.1676783134525,0.8209058277805257,3.6440253978064363,2.678489040196774,0.7239823094276476,0.3733448167951195,1.3812492197365447,45.10979871160946,9.923021130562743,0.8613245165651214,3.9155590879431594,248.5149499174269,66.18544136302938,0.41887000769556276,1.5727848427180215,25.17018192680854,5.36183775948973,0.863824828948745,4.0550701220029755,6.393349786278486,1.5713996511301414,0.3866783390147752,1.5732279654769319,spectral,spectral,0.7328958511352539,0.9681430459022522,0.09982312980657913,,,,,
muon,300,embed,embed,-1,adam,0.5273335383488582,0.43015518188476565,0.6956262441781851,-0.1124987064021713,0.9815412163734436,0.43015518188476565,1.0000001192092896,0.6956262441781851,0.9423460960388184,0.5273336557241587,0.7475506261158349,1769.3852922466672,608.472202929429,2.0226748402192114,5.881765996952751,1.1241490107338201,0.5611842068033408,0.8895618905153073,1.7819462969308502,29.58411441390701,10.44683817735308,1.5283778733064548,4.328171366682197,114.24835055527866,50.35873059851041,1.0557727941516937,2.3952212230015313,17.32751584104725,5.402208525785617,1.9781646894517653,6.344938339397236,3.268217289209978,1.3038608709478825,0.9196742679689272,2.3052270453000814,sign,spectral,0.12964209914207458,0.0,nan,,,,,
muon,300,pos,pos,-1,adam,0.5231658816337585,0.5938767194747925,0.9614611268043518,-0.13483035062671667,0.9816250205039978,0.5938767194747925,0.9999997615814209,0.9614611268043518,0.9560402035713196,0.5231658220291138,0.747916181034312,2807.1512275634414,612.7161646379203,3.4661745602927625,15.880234166214482,0.758808211699579,0.19072620651887046,1.3178557455797966,5.24311671601606,66.74569945252495,14.711897243380482,1.8438195305525633,8.365136202017057,83.46521918646988,20.44172461942074,1.4661573677022848,5.9864394191509565,20.072824653269166,4.233539278290154,3.3361140749174423,15.817789430352724,2.707922891316654,0.6266879420488521,1.391938216651271,6.014574570950708,sign,sign,0.06881604343652725,0.0,nan,,,,,
muon,300,L0.q,q,0,spectral,0.379689484834671,0.6007208228111267,0.9350818991661072,-0.1290814592304097,0.9692632555961609,0.6007208228111267,1.000000238418579,0.9350818991661072,0.9798433780670166,0.37968939542770386,0.6643201119284049,1494.30892958118,441.36218749952627,6.586462655815114,22.2996220330906,0.4566303920092022,0.13864584117779954,2.1899554999362083,7.212623400194009,53.52354933773698,15.838575256241018,2.2362209639350934,7.556897079243222,54.81423853279834,16.37112488742464,2.288090754330785,7.661046706015819,25.33121663021376,5.94885471241923,1.918591086204502,8.169681187200993,1.7968802016983905,0.4874558223688966,1.8632091156572403,6.868239987940469,sign,sign,0.011417833156883717,0.04299406707286835,0.17326425966462897,0.5185009241104126,37.855882149400095,9.375301050666424,2.2030013813921094,8.895347489989907
muon,300,L0.k,k,0,spectral,0.3172180652618408,0.5783554315567017,0.8990956544876099,-0.12148840920487103,0.9635482430458069,0.5783554315567017,1.0000007152557373,0.8990956544876099,0.9688271880149841,0.31721827387809753,0.6061661766289422,1797.4001771289015,823.0060599554494,5.271934158680924,11.513615575489126,0.6387872081626776,0.3277143478108394,1.5654676588343184,3.051440139669898,70.78535146902716,32.506344945905305,1.6258200515507835,3.540362472801199,75.37775999516124,34.925870038158784,1.6451786319184676,3.5506597238788644,30.876595575340772,8.780712015272066,1.3150391314329293,4.624218554985129,2.343678847869385,0.9154189634210759,1.3034571325165396,3.337144010177453,sign,sign,0.09171240776777267,0.0,0.17326425966462897,0.42181435227394104,45.46282889954935,13.622133860085682,1.4914526454770964,4.977609024367565
muon,300,L0.v,v,0,spectral,0.3167773485183716,0.5780195593833923,0.9143034219741821,-0.10288085882293685,0.9569414258003235,0.5780195593833923,1.0000009536743164,0.9143034219741821,0.961028516292572,0.3167775273323059,0.6164047674019917,3741.2579921976226,1251.6539335226194,2.531306977676416,7.566206766342062,1.1405052262155488,0.3920028505875184,0.87680523568712,2.5510042903401198,127.85770356176307,42.70755973369398,0.9153209759954923,2.740283892183244,129.76846599092488,42.70042607387071,0.9479317578898699,2.8808061510356366,55.578016155862606,13.423427266684998,0.729560193836983,3.020652433553921,4.255563293274641,1.2408920686681977,0.7299818431132735,2.5034279892238214,sign,sign,0.1603408306837082,0.15792104601860046,0.17326425966462897,0.45960596203804016,84.14531635582028,21.481734266985747,0.8807410837722267,3.4499187170133894
muon,300,L0.o,o,0,spectral,0.32632526755332947,0.5513377785682678,0.9623409509658813,-0.11569223426347564,0.9692221283912659,0.5513377785682678,1.0,0.9623409509658813,0.8694496154785156,0.326325386762619,0.6239372796583899,3714.534479385627,1085.2410386619215,2.4318304794835424,8.32360539479795,1.3420486275691088,0.4004290830723433,0.7451294829840321,2.4973211044696657,159.02969650101116,46.27177473114036,0.7745700610253607,2.6620902794276087,141.20716122237928,41.1812753199685,0.7881296516257154,2.7024308964828614,63.9353998411001,14.735135977497817,0.6533099118162987,2.834695960452333,4.958640519854942,1.3268120503306464,0.6341346272510371,2.369925459258902,sign,sign,0.1554957926273346,0.1764107495546341,0.17001477945434812,0.46045634150505066,95.82037422606629,23.332941758774385,0.7430387367191712,3.0514047715445196
muon,300,L0.up,up,0,spectral,0.4338718056678772,0.5881410837173462,0.9281877279281616,-0.11374080052676927,0.983942449092865,0.5881410837173462,1.0000005960464478,0.9281877279281616,0.9744959473609924,0.43387192487716675,0.6857313000155475,3628.7068632853898,984.2267857683573,10.622079852325776,39.16212667633252,0.35928158163634455,0.10189463239170207,2.7833338728135035,9.814065496622609,114.19365593928815,30.59901943969307,4.161633260536638,15.530959011148813,42.414010532040614,11.876714538503807,2.9409027747559664,10.50252414990862,21.447570335085217,4.7149540956766325,2.589366392589498,11.778612623035379,1.4210036849304342,0.35971227795300514,2.431991385847451,9.60731376942267,sign,sign,0.18222995102405548,0.13440220057964325,0.1559662350102777,,,,,
muon,300,L0.down,down,0,spectral,0.5322462916374207,0.5791245698928833,0.983296275138855,-0.1264409415481318,0.9852086305618286,0.5791245698928833,0.9999989867210388,0.983296275138855,0.9068291187286377,0.5322460532188416,0.7428080740460529,2811.211293205295,810.6344039166431,13.500766699477099,46.81951275337523,0.29285053504796754,0.08845213592817201,3.4147077332716624,11.30553803169991,34.80646525947241,10.16943972360738,3.6160501297534293,12.376485493649865,95.85733425269464,27.763060863452427,4.843620077782527,16.723534594136453,19.11427601173255,4.220619853567743,3.564220521362898,16.14158516418452,1.1839426986381896,0.3090201322213514,3.1619087930958343,12.114158396205129,sign,sign,0.18432456254959106,0.1819915473461151,0.06380317637586269,,,,,
muon,300,L1.q,q,1,spectral,0.325190931558609,0.6026391983032227,0.945624053478241,-0.1268972918251623,0.9660401344299316,0.6026391983032227,0.9999992251396179,0.945624053478241,0.9668283462524414,0.32519087195396423,0.6185625434412738,548.4075370579336,142.13419653128406,18.004203001967408,69.46703091839541,0.19032439402657797,0.050398625741936466,5.254183155313093,19.841795493791075,21.501566572159607,5.588337249965912,5.629351630682492,21.65937262393267,22.32410851108196,5.735616085749555,5.543514907163235,21.576414193374273,8.855062632945463,1.9361906299533922,4.700634888391841,21.498098228230937,0.6884433043196512,0.1666134868339501,4.528128688408695,18.71012926906395,sign,sign,0.0,0.031038688495755196,0.18987580819447702,0.4235379099845886,13.125307561735466,2.9909373654366513,5.2737679036510485,23.143188000034698
muon,300,L1.k,k,1,spectral,0.2926363945007324,0.5679274797439575,0.8998579978942871,-0.09190707040080903,0.9611240029335022,0.5679274797439575,1.0000003576278687,0.8998579978942871,0.9556920528411865,0.2926364839076996,0.589627689738222,592.2474643189399,170.70631481019265,15.711209230461252,54.50837503270509,0.20217287620939783,0.06055886322947903,4.946263694602296,16.512865405655194,22.570998722743536,6.5385229596575325,5.103089373462525,17.61587814880161,23.850674867168003,7.001383489406357,5.128935908311135,17.472058622237252,9.372077750902978,2.299506156281843,3.9967084467670015,16.289350741011877,0.731644814637518,0.20158229768413952,4.0614483019319385,14.741064191474665,sign,sign,0.03280016779899597,0.09938866645097733,0.18987580819447702,0.358683317899704,12.826684775566564,3.108110533030661,4.461160912260054,18.410511513836884
muon,300,L1.v,v,1,spectral,0.28359347581863403,0.5853256583213806,0.9254164695739746,-0.15925389852427752,0.9663789868354797,0.5853256583213806,1.000000238418579,0.9254164695739746,0.9431817531585693,0.28359344601631165,0.5731927132720473,806.7698289900319,288.02917014380745,11.886879307252812,33.29515403300787,0.28209677583091386,0.10723862228973592,3.54488361475627,9.32500079791021,31.818815573964695,11.289395447113991,3.7227441049814414,10.49244033131553,32.198449287215226,11.543007430613619,3.7494744957246455,10.458909008765932,11.56150072251412,2.886895433542823,3.1397281019750496,12.574050413365608,0.9544646044225825,0.30361944776940575,3.0265252380030585,9.51424961506248,sign,sign,0.42700502276420593,0.3075443506240845,0.18987580819447702,0.39556455612182617,17.90588774227471,4.5901159396130975,3.6043456779786243,14.060431140150742
muon,300,L1.o,o,1,spectral,0.3669044077396393,0.6058602333068848,0.9741759896278381,-0.10705433855148205,0.976817786693573,0.6058602333068848,1.0000003576278687,0.9741759896278381,0.9471846222877502,0.3669045865535736,0.6469229805196305,705.3132244417885,181.33287803767573,14.073767112981807,54.74139146701007,0.2077811329530767,0.05495097093717829,4.812758229851885,18.198047105866447,24.705367256640162,6.284630069723059,5.047264644035948,19.841187991810965,24.42419972718411,6.320490265292597,4.9639141919517,19.181998003950635,11.065938722815652,2.2489977711787725,4.243994172191953,20.88209248195371,0.7956252905851525,0.18634455334185346,4.097768181437511,17.496019827988945,sign,sign,0.09466797858476639,0.07447987794876099,0.13604378854514698,0.4728768765926361,15.933641868151707,3.47478022969989,4.60928063783853,21.1359056107753
muon,300,L1.up,up,1,spectral,0.43362751603126526,0.5457669496536255,0.8600292801856995,-0.14407154867055094,0.9838459491729736,0.5457669496536255,1.0000003576278687,0.8600292801856995,0.956492006778717,0.43362778425216675,0.6662412521616646,1747.5206315663563,428.066362313351,20.467502452569384,83.55569594211127,0.2184802166697137,0.05874078148240675,4.577075091149392,17.02395392760267,67.7196103362988,16.642566010647926,6.502326124860342,26.45835931630684,25.72989655447571,6.674998113781072,4.758315938366216,18.34172456392267,12.811134558840482,2.653821536686152,4.332507260864909,20.914870396824966,0.8380774029147438,0.19941030062791137,4.006365696384787,16.837869194220115,sign,sign,0.25404831767082214,0.1678941547870636,0.18884023778546855,,,,,
muon,300,L1.down,down,1,spectral,0.5424743294715881,0.5458627939224243,0.9855227470397949,-0.13370325436178365,0.9854016900062561,0.5458627939224243,1.0000005960464478,0.9855227470397949,0.8552770018577576,0.5424748063087463,0.7503133367574153,1247.0350261640187,294.36605487978346,28.68697615699112,121.5278170477559,0.14754214023003845,0.03636649109833294,6.777728684749385,27.497857666347368,17.783996089248596,4.306955072318531,7.09328269012365,29.289117137965878,43.90878489104634,10.40264035444916,9.972988914126535,42.09525755294264,9.628545909721193,1.9682942429698373,7.211552045322397,35.27763198857994,0.5931046281153367,0.1345428224638029,6.375506257649337,28.105120724722692,sign,sign,0.21107783913612366,0.18014325201511383,0.06384671949028906,,,,,
muon,300,L2.q,q,2,spectral,0.30426543951034546,0.5658794045448303,0.8912222385406494,-0.15337756911629896,0.9668235778808594,0.5658794045448303,0.9999995827674866,0.8912222385406494,0.9539523124694824,0.3042653501033783,0.5914436637586092,679.7146701507381,162.79462454833984,13.640088365323082,56.95131635817301,0.2212337372649682,0.053585045149987146,4.520104370744335,18.661915464817454,24.034786818250037,5.7352969079493725,4.746305735758924,19.89024253915925,25.27861480764468,6.125116100138814,4.830402968091704,19.93527861346603,9.73498377491829,2.0842769616698096,4.000619777946839,18.685601455158,0.7796466011516093,0.18065193458898077,3.823128687770739,16.499625614125485,sign,sign,0.13144280016422272,0.193830668926239,0.18190224171713248,0.38812053203582764,13.874560527577176,3.0159293599977,4.402546704445777,20.253591326278592
muon,300,L2.k,k,2,spectral,0.2626791298389435,0.5551731586456299,0.879928708076477,-0.12030232543373032,0.9670960903167725,0.5551731586456299,0.9999998807907104,0.879928708076477,0.9447309970855713,0.26267921924591064,0.5557002557638857,815.4063320445598,228.41606163161987,11.155121899093777,39.82188015271706,0.2731898823357648,0.0770650524568732,3.660457233045175,12.976048791380839,28.465961916436758,7.994739376240326,3.9566860577001606,14.088123368789017,31.249931511001787,8.707736840987657,3.8696266449217758,13.887140807672525,10.750776045150873,2.568516187742762,3.12748851600814,13.09040946669405,0.9126262352471696,0.2428142935495135,3.0686739653124038,11.533721212309882,sign,sign,0.0,0.04094725847244263,0.18190224171713248,0.32480481266975403,14.468506683443104,3.4362221925810474,3.5637679786868417,15.005549096678484
muon,300,L2.v,v,2,spectral,0.2764512300491333,0.5918624401092529,0.92491614818573,-0.12874222442609928,0.9652495980262756,0.5918624401092529,0.999998927116394,0.92491614818573,0.944547176361084,0.27645111083984375,0.564675811201232,701.1344243158384,216.129627375556,13.830549296181443,44.86693627570066,0.23009480912386926,0.07548480407203396,4.346029929680224,13.24768527135754,26.088286423157733,7.9965838409071255,4.538023887329108,14.804980392019933,26.08891311820426,8.31269269378742,4.634230564777956,14.544268990549376,9.03790275238331,2.182303182972959,3.9152603382647286,16.214860732271802,0.7581563777947954,0.22114715650349148,3.7535621036615376,12.868295904563956,sign,sign,0.7015281915664673,0.4754338562488556,0.18190224171713248,0.3807176649570465,13.635097969359274,3.340362362372168,4.4991234654236685,18.365070184699928
muon,300,L2.o,o,2,spectral,0.3086988031864166,0.5849922299385071,0.9608233571052551,-0.13624376804964822,0.9729654788970947,0.5849922299385071,1.000000238418579,0.9608233571052551,0.9167145490646362,0.3086988925933838,0.5957504638131603,572.3519663676582,153.72491628577714,16.74583692992112,62.34846586284512,0.1777333129684763,0.05014499578244426,5.626408587769611,19.94217414549427,20.72181363492693,5.617364125699289,5.93506880605175,21.893789855426647,20.028128273242896,5.477842740469266,5.858733311441598,21.420743135503265,8.299312558236243,1.7772715014549745,4.761051951554704,22.232651690867257,0.6405984593235279,0.160807449421144,4.686856428672916,18.670733340315444,sign,sign,0.17077051103115082,0.12252137064933777,0.052824153448437515,0.3706204891204834,12.076163501216447,2.72213513985779,5.1705114293923184,22.937855102047575
muon,300,L2.up,up,2,spectral,0.4995515048503876,0.5652845501899719,0.8896327614784241,-0.13463178234770679,0.9844241142272949,0.5652845501899719,1.0000004768371582,0.8896327614784241,0.9672912955284119,0.4995516836643219,0.7136293936848165,1772.842761621604,405.0803151097676,20.89665766374221,91.45467429393908,0.17589327482776088,0.042898482538631925,5.685268398216952,23.310858978207794,52.76675080827555,11.971665217168363,8.632177780510926,38.04750346875218,20.91103080664523,5.0251501147552196,5.920955641665001,24.638723819232172,11.024067273229697,2.1481932030287747,5.800273736982153,29.765762124880055,0.694928718539349,0.15252186459831812,5.175302111578343,23.58000326002298,sign,sign,0.2642393112182617,0.1742575764656067,0.1823141956112614,,,,,
muon,300,L2.down,down,2,spectral,0.4466108977794647,0.556770384311676,0.9752938747406006,-0.1339855295335307,0.9863106608390808,0.556770384311676,1.0000027418136597,0.9752938747406006,0.8752315044403076,0.4466114342212677,0.6898736566351258,1178.5284385329628,260.4093886175725,30.96107205666674,140.11977102651875,0.13588395861442681,0.03059587798528193,7.359240575638405,32.68423093773313,16.24507298504955,3.636733442678652,7.684644820105504,34.326853461893315,39.270469045463756,8.671903214678675,11.411081689771693,51.67476148891058,7.784328480556102,1.5179624483572693,7.3437639935812316,37.659871804853815,0.5239516383923865,0.11098309819597679,6.6356217548637275,31.32679612235809,sign,sign,0.3505556285381317,0.38226020336151123,0.03196787970371601,,,,,
muon,300,L3.q,q,3,spectral,0.3625609278678894,0.6118714809417725,0.9532003402709961,-0.12079693182123197,0.9729856848716736,0.6118714809417725,1.0000003576278687,0.9532003402709961,0.9754500389099121,0.36256086826324463,0.6458443053870601,449.1305358147091,131.35666490031696,22.32068751585802,76.3181856920441,0.1625827487436625,0.05057116717269631,6.150716268209537,19.77412058165379,18.468141590248234,5.410242737355102,6.606492751772732,22.551602483982855,19.00382202825779,5.6802793243904715,6.5701312501670115,21.980891757267013,7.804931911706653,1.783900084691724,5.945958671616319,26.014799248023383,0.5882959672693704,0.1600904455763319,5.532678236822819,20.331333848214857,sign,sign,0.124196358025074,0.07417366653680801,0.15737438515776375,0.4435287415981293,11.245518217355597,2.638577701064216,6.506606863407944,27.73091199327324
muon,300,L3.k,k,3,spectral,0.3195149004459381,0.5959686040878296,0.9439488053321838,-0.11140964058275316,0.9743168950080872,0.5959686040878296,0.9999997615814209,0.9439488053321838,0.959526777267456,0.31951460242271423,0.6105413370872722,497.2547683367271,150.62829436784895,19.636512771985835,64.8241397829913,0.16235396027839546,0.05379546386862274,6.159380158430859,18.588923482908946,18.870557344841206,5.7510480411128455,6.402855245584495,21.009291909712413,18.521441681064434,5.980718133365507,6.631202344027028,20.535899661454312,8.031251424939173,2.023702413851831,5.092345050409446,20.209445401875783,0.6026784240520955,0.17834031874924178,5.105432247086447,17.253158917503,sign,sign,0.007288422901183367,0.0,0.15737438515776375,0.38972923159599304,10.996210433145583,2.687009149939175,5.694989801727539,23.305952000882336
muon,300,L3.v,v,3,spectral,0.2868000268936157,0.5955988168716431,0.9340917468070984,-0.13372498566081414,0.9699156284332275,0.5955988168716431,1.0000003576278687,0.9340917468070984,0.9476491212844849,0.2868000268936157,0.576355600133951,507.4867326876961,140.59562574898217,19.22866232176002,69.40678960416123,0.18741159977119995,0.05356885439948201,5.3358509230416455,18.667570341723387,20.92761750346061,5.722730491246922,5.713203787843381,20.892779028155307,21.203474106003817,5.9214949582995295,5.720717601181588,20.48453783691938,7.30265924317985,1.586502364544915,5.026992724706339,23.139212211010424,0.6195174832426953,0.15865304298771715,4.6885693571838924,18.308193990305394,sign,sign,0.3880356252193451,0.20087175071239471,0.15737438515776375,0.38451385498046875,10.922783225679174,2.3987289836290846,5.619653369105702,25.58949175714415
muon,300,L3.o,o,3,spectral,0.31092482805252075,0.6008843779563904,0.9661182165145874,-0.11030852853282946,0.971447765827179,0.6008843779563904,1.000001072883606,0.9661182165145874,0.9469354748725891,0.31092506647109985,0.6086405867045515,456.1572784187722,109.6419297989387,21.582226381575925,89.79128392295769,0.13816753638724863,0.034629603686493045,7.237597912152505,28.877057962798663,15.956968428475907,3.8982642490119037,7.749788580967857,31.722613915978677,15.738235100241555,3.7564078144029276,7.701482409665559,32.26692807925518,5.993473471708832,1.160505107004505,6.640291092663107,34.294039955608994,0.4849381164385468,0.10832425103965698,6.32525216563229,28.31642814754027,sign,sign,0.2697080969810486,0.24873411655426025,0.1917144310159348,0.4353187084197998,9.441335215890907,1.8979504423963443,7.458687361597105,37.103164591829504
muon,300,L3.up,up,3,spectral,0.5083590149879456,0.5561643838882446,0.8909831643104553,-0.11432311039971133,0.9837426543235779,0.5561643838882446,0.9999993443489075,0.8909831643104553,0.9576685428619385,0.5083589553833008,0.7215847469716482,1367.506213481155,297.3928378167841,26.653472359525978,122.56108563365989,0.1445787014456427,0.03262986166515853,6.916643560565369,30.64675402582799,40.22447454131074,8.688866588392234,11.340940691678904,52.50205829335494,16.78829027505026,3.764248814563601,7.30161150885635,32.564684091038046,9.082950107839338,1.704462690200991,7.163964379162746,38.176213186925416,0.569742060748037,0.1185386329145138,6.382814378640968,30.67825001897629,sign,sign,0.22266408801078796,0.18217545747756958,0.1431091691180691,,,,,
muon,300,L3.down,down,3,spectral,0.2644785940647125,0.5369971990585327,0.9513105154037476,-0.11284219243259663,0.983363687992096,0.5369971990585327,1.0000015497207642,0.9513105154037476,0.8536874055862427,0.26447877287864685,0.5789118061529055,1259.3141477427266,279.06706685690017,27.945885068139276,126.10821059564891,0.13612352228714364,0.03103368019255673,7.34628029688599,32.223105462065355,15.989688623600461,3.6090934760805027,7.615391946529398,33.7391499496212,39.45241971199758,8.705085645507044,11.078862965843303,50.21064346285329,5.931699873808196,1.1504022574527404,5.707180681535854,29.427343965254277,0.48349942234335974,0.10278021182915373,6.0342014612904755,28.386134538106106,sign,sign,0.46147286891937256,0.41572242975234985,0.025897468788789894,,,,,
muon,300,head,head,4,adam,0.3449747232290415,0.3341146028958834,0.6065224867600661,-0.14718447278710378,0.9772472381591797,0.3341146028958834,1.0000001192092896,0.6065224867600661,0.8278986215591431,0.3449747232290415,0.6270070786352928,2591.1032011224056,499.5625380225289,1.0728378147538047,5.564535537627497,2.4722294331964667,0.542231717197829,0.4044932504166251,1.8442302202038972,60.40719750695404,11.552050701730398,0.6526368258495328,3.4127240831360726,238.32259354489403,51.65777356917958,0.44465370229200707,2.051405165916703,25.410310112564854,4.677069275113375,0.8824512104694251,4.7943183216358864,6.219650647857157,1.2769410979738212,0.4053319354710061,1.9742672853506376,sign,sign,0.6247501969337463,0.49731990694999695,0.10105986625522309,,,,,
muon,350,embed,embed,-1,adam,0.4659903599665715,0.37711874154897834,0.6055903508112981,-0.1564357010028805,0.9697761535644531,0.37711874154897834,1.0,0.6055903508112981,0.9378504157066345,0.46598974374624397,0.7054108110056543,2061.397946345225,549.0549454117456,1.5220874432568379,5.714597338403973,1.4303467803075745,0.47701494104287007,0.6991311574001412,2.09637039421398,51.68856651321773,13.774556233975815,0.7615489354433621,2.8576871831008335,137.1345467125406,43.877297503956875,0.8753800999691598,2.7359217645440337,23.90231169468992,6.154675854676022,1.2672153092165055,4.921359957919376,4.224212651723052,1.2458432801327943,0.671429792945634,2.276580266020634,sign,sign,0.1690254509449005,0.0,nan,,,,,
muon,350,pos,pos,-1,adam,0.5039736032485962,0.5949093699455261,0.9597147107124329,-0.12347808574629537,0.9792676568031311,0.5949093699455261,1.0000005960464478,0.9597147107124329,0.9480692744255066,0.5039739012718201,0.7332624070336613,2843.1522305677095,575.917970577888,3.4282353974557522,16.924276746230305,0.8746638873382516,0.20153710988874166,1.1432969973067217,4.961868296109322,82.63200471082114,16.82434148453037,1.4866332167674536,7.301532906006659,93.6854300810544,21.304329609715158,1.2953227307754602,5.6961598580940915,22.16718775235265,4.376366015093221,2.9100963303995115,14.740232309391137,3.105364440152276,0.6623103981888171,1.190009169675703,5.579577444460633,sign,sign,0.05745178461074829,0.0,nan,,,,,
muon,350,L0.q,q,0,spectral,0.36557537317276,0.5952748656272888,0.9256942868232727,-0.1261233400960461,0.9634197354316711,0.5952748656272888,1.0000004768371582,0.9256942868232727,0.9800513386726379,0.3655754029750824,0.6531337006088422,1713.804776730328,411.2095468531152,5.690836862436963,23.71779418322037,0.590028766506889,0.14172095383166428,1.694833427796071,7.056122964180411,67.9884907995776,16.433450644441947,1.742778333801683,7.210224515656042,69.82064937773761,16.450539294074023,1.7966972875233158,7.625681389988672,31.504615788489897,6.359939036448919,1.4852952249810871,7.357563512375288,2.285439490269741,0.5097380635660514,1.4402433473722145,6.457412653579906,sign,sign,0.003971156198531389,0.0687008798122406,0.1800372734276622,0.514761209487915,47.20731882057605,10.056884762792164,1.7257199901389602,8.100581411744555
muon,350,L0.k,k,0,spectral,0.31025081872940063,0.5752946138381958,0.8993545770645142,-0.12846943162065683,0.9604083299636841,0.5752946138381958,0.9999998807907104,0.8993545770645142,0.9620583653450012,0.310250848531723,0.5999761775479348,2740.3774830477055,747.0741117236926,3.439535980511089,12.616722765801171,0.8435660250469137,0.23288257512788635,1.1854435232086273,4.2940090311246575,92.82605457873711,25.388393856131945,1.2401408891790473,4.534252403542811,97.97818344299459,26.293805947402028,1.2568458246197958,4.683364249758883,39.94390533626394,8.887453417110576,0.9941967528801579,4.468332954208262,3.059210717529923,0.7674815785140613,0.9883890785247458,3.939756401667208,sign,sign,0.10003399103879929,0.05204549431800842,0.1800372734276622,0.39635899662971497,57.78942017516279,12.862691546868916,1.1530970565330934,5.1806272474096104
muon,350,L0.v,v,0,spectral,0.313581645488739,0.5649222731590271,0.8969988822937012,-0.1299727462896827,0.9561539888381958,0.5649222731590271,0.9999998211860657,0.8969988822937012,0.9598053097724915,0.31358155608177185,0.6174909645443897,4570.9832464464,1324.9244031784358,2.0248786802343037,6.985822361814389,1.5918686950412808,0.4734074222633933,0.6281924032434932,2.1123450418352085,179.74690892707721,51.845773944994065,0.6387640133504282,2.214565396504795,182.9903560327372,52.849035557621086,0.6713746140200961,2.32464184737923,74.1334096198411,16.330732162031538,0.5414352745812651,2.4578471188502338,5.791834470545934,1.506672098658746,0.5373011734404989,2.0654523702720433,sign,sign,0.27818992733955383,0.1977796107530594,0.1800372734276622,0.45223528146743774,110.84506272864728,25.600135450233623,0.6531952212273305,2.8282453978318833
muon,350,L0.o,o,0,spectral,0.3093666434288025,0.5276035666465759,0.9610377550125122,-0.10775911659235593,0.9637527465820312,0.5276035666465759,0.999999463558197,0.9610377550125122,0.836249828338623,0.3093666136264801,0.6112221026307874,5794.450459093326,1638.8585225069653,1.491816505631164,5.274559528612856,1.8000606321048158,0.5255647731658962,0.5555365445601101,1.9027140223542798,209.92884136616186,59.39509052935533,0.5859739511782482,2.0710942865017423,196.56913956927173,55.87440468142749,0.544541112922878,1.9157247157735455,85.71271009132441,18.901544056923658,0.4619960578937764,2.0950105480445576,6.609899276956293,1.7099650197514225,0.46602337434912744,1.801421391417014,sign,sign,0.24990400671958923,0.23277594149112701,0.17672815099819414,0.4536898136138916,124.67609953175489,29.31042092010277,0.5341918782185581,2.2722621404646315
muon,350,L0.up,up,0,spectral,0.43830040097236633,0.5888707637786865,0.9258226752281189,-0.13821481182688833,0.9837020039558411,0.5888707637786865,0.9999997615814209,0.9258226752281189,0.9770621657371521,0.43830037117004395,0.6910508275190235,4497.467084981585,1160.0977329150185,8.580882004422278,33.26636478982502,0.4928680531077429,0.13602824417090986,2.0289401093781523,7.351412698711247,158.75987988998452,41.14924411476942,2.9857745549144927,11.51956056336548,58.56516411005506,15.800034251750365,2.135466691074861,7.915423170712468,29.365984230869678,6.276554994384087,1.9104571703809934,8.938415291407072,1.944527145068849,0.48017084251020714,1.791015580431922,7.252998526908849,sign,sign,0.24736052751541138,0.22484822571277618,0.16903626525525392,,,,,
muon,350,L0.down,down,0,spectral,0.5464897751808167,0.582204282283783,0.9877495169639587,-0.12188372170506478,0.9852586984634399,0.582204282283783,1.0000005960464478,0.9877495169639587,0.9087260961532593,0.5464900732040405,0.7512287984691987,4709.116362229309,1367.6613073238423,8.102441500444716,27.898237406752468,0.4346204915783389,0.13392047702523946,2.300859290860659,7.467122416671064,52.306134122813674,15.551548083487798,2.4171531750851107,8.129861894947208,139.40910421637398,40.66573496694137,3.3374273785472166,11.441272649042284,27.307301075421844,5.849273836613452,2.561612425465304,11.95887279252803,1.7065347653954568,0.44793652020841845,2.2185054169070626,8.451993642778875,sign,sign,0.49773067235946655,0.41688212752342224,0.06925455717262878,,,,,
muon,350,L1.q,q,1,spectral,0.33284762501716614,0.600963830947876,0.9405065774917603,-0.1304980695782132,0.9677397608757019,0.600963830947876,1.0000001192092896,0.9405065774917603,0.9662192463874817,0.3328476548194885,0.6231534294644703,918.6827156983541,295.7847597384134,10.717727935879616,33.288366226027975,0.2782614461657657,0.09760614830429112,3.5937429816043225,10.245257461566341,32.11278544335593,10.43355777055042,3.748813447880233,11.538235045646797,32.36531325987776,10.892330241068722,3.8212534062172945,11.354417356103127,13.027675254825155,3.2645806072145382,3.2703071717354018,13.050527753164067,1.0039000424314009,0.305837677196998,3.128296005227495,10.268507533697324,sign,sign,0.056812457740306854,0.07162070274353027,0.2090408160604995,0.4494383931159973,19.146106770389643,4.919969519541799,3.6560551260486496,14.227572248918506
muon,350,L1.k,k,1,spectral,0.29786157608032227,0.5670955181121826,0.9000188708305359,-0.09750234297956384,0.9656704068183899,0.5670955181121826,1.0000001192092896,0.9000188708305359,0.9537360668182373,0.29786157608032227,0.590994093573757,940.4584290588493,340.84605517568593,9.879536066307718,27.259499787846714,0.31125832629623473,0.13043926327597755,3.2127658434350015,7.666404225954068,34.332836958671315,12.539750974707019,3.3554586708050165,9.186977931114793,36.286972221459905,14.466078810548014,3.3642436687108885,8.438929315366403,14.213390682099174,3.9382169951997565,2.682419343957402,9.681100395269828,1.1142396019785936,0.39397403446261786,2.673053801037662,7.559945942625765,sign,sign,0.18281292915344238,0.16231001913547516,0.2090408160604995,0.3675740659236908,18.967515796403966,5.185859023491916,3.0753193910336387,11.24812087335542
muon,350,L1.v,v,1,spectral,0.292539119720459,0.5975524187088013,0.9367870688438416,-0.14774481152205543,0.9663738012313843,0.5975524187088013,0.9999993443489075,0.9367870688438416,0.9463198781013489,0.2925390601158142,0.5779593020908391,1425.3178916132701,481.24848843600694,6.8688528262587685,20.343541981694653,0.45583529846708515,0.165724379652324,2.193773381990766,6.034111254160813,50.10454196967611,16.936857816701746,2.393171159704084,7.079751516468864,51.12062922712262,17.858063121170083,2.369472876767846,6.782871332411111,17.076751220145333,4.267782644005049,2.1927468277019853,8.773875145218241,1.4613255037190838,0.4634636615719139,1.9932124067606358,6.284704424182037,sign,sign,0.8045674562454224,0.380954772233963,0.2090408160604995,0.39672115445137024,25.68077854564782,6.607118135419445,2.573735353522884,10.003684858395495
muon,350,L1.o,o,1,spectral,0.3834746778011322,0.5934006571769714,0.976649820804596,-0.11830828889686895,0.9770388603210449,0.5934006571769714,0.999999463558197,0.976649820804596,0.931596040725708,0.3834746181964874,0.6587802226527474,981.554225477259,292.94112576045734,9.90498142113367,33.188499368086546,0.30556785763602057,0.09818256973767311,3.2725937580429476,10.185101757165484,36.079214683515694,10.843794222640874,3.4649084842776494,11.52836124481006,35.25528871517673,10.640647998866399,3.3823093657309413,11.206487915547466,15.895366266694536,3.2660416530827265,3.087990718565751,15.028817361660444,1.1522841894236944,0.3017573762085664,2.8812718868775113,11.002362501936684,sign,sign,0.3071155846118927,0.21935683488845825,0.15055585104600158,0.4709562361240387,22.837069636082834,5.171957518259294,3.284680023576383,14.503689592545362
muon,350,L1.up,up,1,spectral,0.44281205534935,0.5571192502975464,0.879051148891449,-0.14910603015218127,0.9838054180145264,0.5571192502975464,0.9999987483024597,0.879051148891449,0.953041136264801,0.44281187653541565,0.6691686859234935,2432.875952071775,601.0648950789628,15.007492328742801,60.74446783770902,0.30165003666774004,0.0816617879106275,3.3150957293067838,12.245614183672794,91.16246380699876,22.655343442275683,4.9370559925330655,19.86613839596743,35.24007897557223,9.204951095088283,3.4616626576363583,13.252570728701363,17.85055183180933,3.5586039009643016,3.17524686555846,15.927568880898047,1.1586916821764652,0.27384675348038984,2.91052305386999,12.314912667180842,sign,sign,0.2314847856760025,0.21156401932239532,0.20338734714099022,,,,,
muon,350,L1.down,down,1,spectral,0.5652041435241699,0.5592854619026184,0.9861009120941162,-0.1279648034135129,0.9856098294258118,0.5592854619026184,1.0,0.9861009120941162,0.8739709854125977,0.5652039647102356,0.7635351377047888,1434.6985764090646,376.1077135386403,25.547757998750058,97.45434808128266,0.20000741614520987,0.06123657241473178,4.9998146032444,16.330110595142134,24.063109161640558,6.943738095850316,5.245411800286305,18.177660937914467,57.29209246366668,15.177246572845931,7.810382293420809,29.483157065645734,13.520920208818177,2.684627383300016,5.3506803992908685,26.948292039236158,0.8151104552523796,0.20242640577117382,4.720803106522712,19.009258968241483,sign,sign,0.3481714427471161,0.34197187423706055,0.06416764387263516,,,,,
muon,350,L2.q,q,2,spectral,0.30448636412620544,0.5534272193908691,0.8697577118873596,-0.15229943313933292,0.9726189374923706,0.5534272193908691,1.0,0.8697577118873596,0.9524308443069458,0.3044859766960144,0.5881293432271579,877.0615434898948,335.6372687405045,10.338329880957176,27.01532996179383,0.30437089770647313,0.1344308545055168,3.2854652252738443,7.438768455934807,33.55185316534453,12.862148390107325,3.3181173800728523,8.655551447937624,34.84615426412788,14.178684078672392,3.4985538761960195,8.59819905675648,13.71155296389809,3.5642556613068455,2.8424391249314924,10.93475281003391,1.0671027137958726,0.374848790965061,2.7776002155557085,7.907147626723344,sign,sign,0.17981533706188202,0.13152211904525757,0.19736733148494143,0.3643573522567749,18.698591761683375,5.02247515262897,3.21854640584013,11.982594931771043
muon,350,L2.k,k,2,spectral,0.2588057816028595,0.530645489692688,0.8513709306716919,-0.13717969581352152,0.9710728526115417,0.530645489692688,0.9999995827674866,0.8513709306716919,0.9251524806022644,0.25880515575408936,0.5470111517070804,1144.3823040895966,578.2046367987034,7.597195161141112,15.03636454951462,0.44597629043834947,0.2630813821600701,2.2422707309946643,3.8011035769876087,43.907829239685775,22.352639939736026,2.4819145244256315,4.875284504191924,48.27702629118482,26.56758157617009,2.4529165653832483,4.457293832996329,15.702528277877706,5.2662132916262525,2.1096689427485043,6.290504086331604,1.3928247453602132,0.6804813285338588,1.9792609988111436,4.05119667663793,sign,sign,0.5071696043014526,0.3402542769908905,0.19736733148494143,0.3224906921386719,21.052558821995962,6.784795693056469,2.333345361376591,7.240142915826377
muon,350,L2.v,v,2,spectral,0.28269922733306885,0.578581690788269,0.9065590500831604,-0.1493509611981615,0.9656330347061157,0.578581690788269,0.9999996423721313,0.9065590500831604,0.9426226019859314,0.2826991677284241,0.5679566848084814,1206.0085482406755,356.2535484549659,7.860211634240622,26.60880842587117,0.3933127643347431,0.12253887166145423,2.54250493004861,8.160672844572069,41.682359015399705,12.349180156983607,2.7839009391904446,9.396539441124178,43.33622074382938,13.010851839200013,2.784176630616303,9.27346606858432,13.903363912870732,3.0508237684003805,2.602643050703748,11.860892734623999,1.2215297866559451,0.3365159203711899,2.3432270309633596,8.50575393895738,sign,sign,1.0942941904067993,1.2261921167373657,0.19736733148494143,0.3860207498073578,20.83740164561796,4.70245513927472,2.954370888379237,13.09133441744522
muon,350,L2.o,o,2,spectral,0.3258989751338959,0.5840469598770142,0.9662619829177856,-0.1238781735018828,0.9733378291130066,0.5840469598770142,1.000000238418579,0.9662619829177856,0.9155794978141785,0.3258989751338959,0.607642240959951,816.3979460601926,199.88515671132666,11.721030701759606,47.87261619653203,0.2540622444338195,0.06371317956610606,3.936044258158432,15.695343494528032,29.464565682452797,7.151566882237791,4.1976364133930995,17.294326662966967,29.561719525917876,7.216972573668778,3.9643896769085534,16.2386893567809,12.143232415465377,2.2496089801781727,3.435253385095634,18.543258241228468,0.9243025527806266,0.20198261999085423,3.3131204785771997,15.161332772875898,sign,sign,0.40571558475494385,0.3849073648452759,0.06948708172174459,0.4050356149673462,17.655290132672913,3.481835882229359,3.657943952337687,18.548278538110576
muon,350,L2.up,up,2,spectral,0.4989370107650757,0.5618864893913269,0.8875828385353088,-0.12665174143583713,0.9835644364356995,0.5618864893913269,1.0000005960464478,0.8875828385353088,0.9628847241401672,0.49893718957901,0.7096108427238469,2212.122951012963,424.2019128734022,16.646359078679534,86.80722988568796,0.2476681894484831,0.05072910886435841,4.037662641590295,19.71255987800398,79.49979101946445,15.248912835066676,5.716271797731066,29.80162705665378,29.60231670216866,5.913251715544196,4.163499969612587,20.842888248094606,15.972809914475874,2.635800003687601,3.998292135702091,24.229440844056747,0.981474472440648,0.18069718839814952,3.6437163190119763,19.791201975128697,sign,sign,0.4042302072048187,0.2797991931438446,0.19556444554988864,,,,,
muon,350,L2.down,down,2,spectral,0.46602413058280945,0.5528714656829834,0.9750363230705261,-0.11513559158566022,0.9866929054260254,0.5528714656829834,1.0000008344650269,0.9750363230705261,0.8728401064872742,0.46602433919906616,0.7021936206432338,1699.4249445600576,324.2723696827381,21.320732340068066,111.73626791098378,0.1812367890825036,0.0361008387805647,5.517648152604386,27.700210528166142,21.529310561952062,4.231969610869514,5.796964514673772,29.49091341121057,54.31911243787114,10.315321600254938,8.227198760521555,43.32333511641941,10.735757039813635,1.7821869361876512,5.556302661867614,33.47073991299847,0.705901008838963,0.12844024226959908,5.013215806026046,27.552377918854475,sign,sign,0.6628694534301758,0.5928546786308289,0.03245518903714235,,,,,
muon,350,L3.q,q,3,spectral,0.361233651638031,0.6094305515289307,0.9522849321365356,-0.16403244088807822,0.9696698188781738,0.6094305515289307,0.999999463558197,0.9522849321365356,0.9706921577453613,0.36123356223106384,0.6359358314981419,641.0940727466725,157.0402445864055,15.574797179875853,63.581855609987784,0.21920639482500626,0.060046781932798186,4.56190826164767,16.65367287588124,25.113430088719277,6.106254707353391,4.853676733240417,19.9619041712572,25.92334483959171,6.82781511679795,4.792923018238226,18.197416606335306,11.35205947898162,2.268362294090466,4.073084364223585,20.383823204095336,0.8259939970834435,0.19487576206331267,3.880072070864001,16.445945893176564,sign,sign,0.22447514533996582,0.2286648005247116,0.18098244098884908,0.42060890793800354,16.22522196347297,3.298702619808866,4.426115405797985,21.770590796444885
muon,350,L3.k,k,3,spectral,0.35763514041900635,0.5971472859382629,0.9369863867759705,-0.10476291828112905,0.9701910614967346,0.5971472859382629,0.9999995827674866,0.9369863867759705,0.9676823019981384,0.3576349914073944,0.6393824258627877,713.3496880030318,187.89948557084375,13.715098355479926,52.0685892411545,0.23062425685853913,0.06718360888629961,4.336055523339285,14.88457674936559,26.013370460126023,6.836450262975485,4.610485123070177,17.543352601694234,27.10135374661513,7.677923083142148,4.570374447484265,16.132401082230082,11.7665817811431,2.574643494652766,3.890449990072277,17.780053070922992,0.861099584532126,0.221838796676257,3.7420582377874116,14.525343817818477,sign,sign,0.21086536347866058,0.16596747934818268,0.18098244098884908,0.4037211537361145,15.885513995621443,3.3600862035785743,4.303029475771358,20.343476571564402
muon,350,L3.v,v,3,spectral,0.30736520886421204,0.6042516827583313,0.9459471702575684,-0.11733722458972062,0.9726822376251221,0.6042516827583313,1.0000005960464478,0.9459471702575684,0.9578985571861267,0.3073650002479553,0.5943276685580374,860.2212905402149,264.19019163735084,11.508735809241957,37.47322907393222,0.26131154091792685,0.0847152229322333,3.826852011716274,11.804260927771903,28.908885086786476,8.670615628388214,4.1883745232469005,13.964549114199013,30.058234847268665,9.271541944853626,4.0791156214871895,13.224447028240235,10.208791518745784,2.0943295547828895,3.8538115022202404,18.785371236758124,0.8553373024989404,0.22959515504936837,3.5018055963968258,13.045680132290727,sign,sign,1.4824297428131104,1.0501846075057983,0.18098244098884908,0.39532944560050964,15.419999180652473,3.281089459094075,4.1967441201132685,19.723263172294757
muon,350,L3.o,o,3,spectral,0.312985360622406,0.6093566417694092,0.9644660353660583,-0.11884603577921382,0.9712777733802795,0.6093566417694092,0.9999989867210388,0.9644660353660583,0.9542168974876404,0.31298527121543884,0.6071355697319422,596.5992370050361,147.87721974650293,16.73434795000538,67.51343605096484,0.2046008443124312,0.05457196350627092,4.887560411011855,18.324409137415916,23.35793271591075,5.815262472934519,5.285213123452649,21.22890464556432,22.721886499560465,5.653637419222646,5.375423509873648,21.603748847270744,8.750095439465602,1.5535513437449189,4.578476149047708,25.787434340542955,0.7041985795681558,0.1561224946909362,4.345038737717515,19.59852174618706,sign,sign,0.7712110877037048,0.5840529203414917,0.22598968042315754,0.43647921085357666,13.670898193754642,2.610522842483219,5.189592875940975,27.177082965700766
muon,350,L3.up,up,3,spectral,0.5236653089523315,0.560815155506134,0.8958210349082947,-0.12255072541232404,0.9831183552742004,0.560815155506134,1.0000015497207642,0.8958210349082947,0.9638962745666504,0.5236657857894897,0.7313240939100405,2020.4725597804782,374.2021756174049,18.190587074957964,98.21851508642195,0.20364802551945305,0.039639707919013126,4.910440683969417,25.227268368471375,64.85867502347271,11.938117857105922,7.071688863626264,38.419822568600175,23.850761908001967,4.555613562488209,5.172946827461201,27.082789497435687,13.289707802534688,2.0639924718406872,5.043693506856183,32.47551232194316,0.8190265164353955,0.1423285808453779,4.500027400376853,25.895303274318945,sign,sign,0.5041454434394836,0.3430107831954956,0.16197891416659707,,,,,
muon,350,L3.down,down,3,spectral,0.2595117688179016,0.5329586267471313,0.9397448301315308,-0.1011413461488152,0.9842400550842285,0.5329586267471313,1.0000028610229492,0.9397448301315308,0.8657084703445435,0.25951215624809265,0.5761195320267835,1726.9457698617296,379.2084134052027,20.225288582916278,92.10759921926561,0.19287564085725822,0.0430209334392573,5.184702726473494,23.244564473127642,22.41309559412029,4.856159759501825,5.366832874633853,24.770053749050415,58.46890318060548,12.667835456500647,7.580828657710015,34.98961905042357,8.310372971258426,1.3858266836469038,3.99712021702716,23.969490706470378,0.6807448339558937,0.13230524887459758,4.265123780064982,21.945168496025786,sign,sign,0.9529438614845276,0.7901902794837952,0.029919001550878045,,,,,
muon,350,head,head,4,adam,0.3389901381272536,0.3122706780066857,0.5816672691932091,-0.12986968883260508,0.9620817303657532,0.3122706780066857,1.0,0.5816672691932091,0.8436071276664734,0.33899019681490383,0.6267062629307651,4053.613712702147,698.5618323192043,0.640932319938234,3.719201251505593,3.414574207409953,0.7142550003898718,0.2928622836281912,1.400060201824497,108.00322074135258,18.327457743938126,0.3500670835372821,2.0629360070446134,325.7190234914786,66.29318534557932,0.33151797885128315,1.6288508657173648,41.11526339009472,6.473071651348637,0.5359167657327933,3.404003565089646,8.795551430240005,1.6240937393320938,0.28648732651047165,1.5515200591014435,sign,sign,1.334119439125061,0.14083175361156464,0.11180136905061423,,,,,
muon,400,embed,embed,-1,adam,0.469797369150015,0.3656913757324219,0.598963869535006,-0.12058842151413174,0.9787648320198059,0.3656913757324219,0.9999998807907104,0.598963869535006,0.9403730034828186,0.46979733980618993,0.713021632152139,2701.1595060954623,348.17218946997315,1.126387478868944,8.738642367517823,1.8555161783435512,0.27566880393149856,0.5389335282882989,3.6275409713723072,68.56063427821755,8.861156354422926,0.5678572249169624,4.393631029921133,181.03394814220798,26.559668743086956,0.66489045662998,4.531974611962377,33.70789036472512,4.297805371275993,0.905925306261706,7.105214932763091,5.491791479989022,0.7651342032860315,0.5220274013251398,3.74687946585821,sign,sign,0.13917401432991028,0.0,nan,,,,,
muon,400,pos,pos,-1,adam,0.5147116780281067,0.5972689390182495,0.9588149785995483,-0.12648152410290103,0.9814313650131226,0.5972689390182495,0.9999996423721313,0.9588149785995483,0.9516080021858215,0.5147114992141724,0.741221923445429,4633.400221182263,460.2126154420764,2.1119812297108416,21.263333443119507,1.1881153506726776,0.1248695588032358,0.8416688175992,8.008354093313397,98.35407299800445,9.892283502985173,1.2478214019996128,12.40646987358447,126.5117504136688,13.17159211604132,0.9628024581234851,9.247615869568357,29.597383425014648,2.922083009153425,2.2259767430157726,22.546617242502816,4.190400542446706,0.42718501034479456,0.8914480556526316,8.744511922257733,spectral,spectral,0.04068242758512497,0.0,nan,,,,,
muon,400,L0.q,q,0,spectral,0.35677701234817505,0.5897525548934937,0.9246670007705688,-0.11780998666108788,0.9622192978858948,0.5897525548934937,1.000000238418579,0.9246670007705688,0.9790756702423096,0.3567771017551422,0.6487618990354038,2398.241536554101,287.24987916868054,4.028996125744079,33.637980587977644,0.7248448556736186,0.08810141955580778,1.3796058985467323,11.350557612583414,82.58523505086266,9.888108190118244,1.43315419548953,11.969668395913605,85.33368902465531,10.289074142512678,1.4686073838294587,12.180074130597237,39.63503023761368,4.222109342217807,1.1521996766718683,10.816268675948077,2.8280444654353603,0.3251132228040702,1.1561187003311781,10.056665993644653,sign,sign,0.13662856817245483,0.08156905323266983,0.1775578139576613,0.5144876837730408,58.478378679110925,6.355658328958994,1.3823598928210257,12.719086064597146
muon,400,L0.k,k,0,spectral,0.2973778545856476,0.573300302028656,0.9003576636314392,-0.15326735895113763,0.9634062647819519,0.573300302028656,0.9999997615814209,0.9003576636314392,0.9507772326469421,0.2973775267601013,0.586525546653794,3065.4176919101933,399.371843266331,3.0641671355998303,23.51931491117559,1.0417854335476646,0.14148181670819976,0.9598903280650143,7.068044395018464,117.15470171765665,15.226702831477825,0.9837059823904214,7.56866290885898,122.57584829780845,16.406810714441896,0.9928504470401815,7.417619907791348,49.457955996781806,5.641828265817067,0.7696306284886739,6.746812551561379,3.7951895268460443,0.4782366915602377,0.77885518822565,6.180837032056483,sign,sign,0.1924269050359726,0.13315008580684662,0.1775578139576613,0.4035417437553406,73.6049637823674,8.378545256537981,0.874192635806684,7.679724263248849
muon,400,L0.v,v,0,spectral,0.3023044764995575,0.5725222826004028,0.9101791381835938,-0.11455271072872653,0.9502772688865662,0.5725222826004028,1.000001072883606,0.9101791381835938,0.9595538377761841,0.3023046553134918,0.6067635377490233,5937.026241576046,770.0523563292254,1.5799500787847158,12.181256249691444,2.1143128936021434,0.2746207632532086,0.47296740038316165,3.6413891689667137,235.80409538197213,30.311017208208163,0.494066608549696,3.843583634532438,246.83788031457487,31.685884579717722,0.49758526154423194,3.8762651844654843,98.39691265526695,10.687315208318319,0.39325405027292704,3.6206459416409342,7.730236740725104,0.928512111457069,0.39557581601818326,3.2933277541500976,sign,sign,0.330342561006546,0.2265981286764145,0.1775578139576613,0.45572972297668457,151.51613109550595,17.18724244402913,0.4688514579030719,4.13321445783409
muon,400,L0.o,o,0,spectral,0.3230544328689575,0.5536675453186035,0.9645717740058899,-0.12252273083955756,0.9667123556137085,0.5536675453186035,1.0000005960464478,0.9645717740058899,0.8745899200439453,0.32305455207824707,0.6217831936616647,6735.383349311055,835.2440155670088,1.3468111007264165,10.860645384381376,2.3325786130648045,0.2995019064017749,0.42871035104473254,3.338878900840685,269.67149446862464,34.12910198312913,0.45783551322707067,3.61759260861261,254.18092637789252,31.693294283148006,0.4404245092694008,3.5322143783945443,112.53110284941899,12.468432754697792,0.3674626980360135,3.3164539184313773,8.63597147001198,1.0455034067542703,0.3628532391852242,2.997207088146325,sign,sign,0.17988735437393188,0.1632113754749298,0.18099083109510017,0.4160693287849426,165.44262459311818,18.813418194169742,0.42316952458058243,3.7212948796370084
muon,400,L0.up,up,0,spectral,0.4312838613986969,0.5889111757278442,0.9280386567115784,-0.1271465555613741,0.9834104180335999,0.5889111757278442,1.0000003576278687,0.9280386567115784,0.975721538066864,0.43128401041030884,0.6858594580320438,6583.848521090019,810.6121924790303,5.862055101794816,47.61201863306344,0.6611428877223637,0.08378236982997439,1.512532882374139,11.935689568786865,203.74376161691393,25.080142734174174,2.332124372621197,18.94549792927938,78.47371939071833,9.841032428128402,1.5915182540376764,12.69098113279066,39.563808573305614,4.286157942978796,1.3953240663559505,12.879678022473263,2.624289070761791,0.3107992360340539,1.3171239099357206,11.121371872692196,sign,sign,0.17280274629592896,0.15817783772945404,0.17157000801623673,,,,,
muon,400,L0.down,down,0,spectral,0.5557352900505066,0.5736772418022156,0.9830363392829895,-0.13029409879883125,0.985233724117279,0.5736772418022156,1.0000009536743164,0.9830363392829895,0.897438645362854,0.5557355880737305,0.7558310384694934,5505.782332870175,773.9588766938188,6.828550321412882,48.576885479179445,0.5305202039946119,0.07816524011587053,1.8849441475455528,12.7934226542634,64.03641496272857,9.161240735749757,1.9649546512161764,13.734891927597056,176.21950995006057,24.906830975698306,2.607478516743108,18.44829584599125,36.38192756245015,4.1022494022936895,1.9552057859313419,17.340280489446663,2.1849712345035255,0.2837381700702239,1.7433409108436109,13.424875973450163,sign,sign,0.19404266774654388,0.19842486083507538,0.07029626931157414,,,,,
muon,400,L1.q,q,1,spectral,0.2806924283504486,0.5622760057449341,0.8844427466392517,-0.14878624516116745,0.9692848920822144,0.5622760057449341,0.9999998807907104,0.8844427466392517,0.940820038318634,0.2806924879550934,0.5643457889335766,1271.8451360389429,176.84618149367466,7.243279717856251,52.09233244572206,0.3670797079405368,0.05316255637357296,2.7242036515750425,18.81022939837049,41.57268265372621,5.775106480839113,2.723150500360534,19.602871729799727,43.07073908057959,6.052033173027803,2.7959809252282892,19.89826583262714,17.81894695203777,2.0778225236193824,2.0163163816729304,17.291483865989765,1.3460788748605075,0.1752339986232443,2.1128953833606254,16.230433949332742,sign,sign,0.3330516219139099,0.10367696732282639,0.20562892706499883,0.3651905059814453,26.15000629111719,3.153271567712693,2.290048431236176,18.99131730262866
muon,400,L1.k,k,1,spectral,0.2820460796356201,0.5484629273414612,0.8706704378128052,-0.11358972245655719,0.970211386680603,0.5484629273414612,1.0000003576278687,0.8706704378128052,0.9500305652618408,0.28204604983329773,0.5726817369943888,1161.6604121853031,168.75686354623565,7.735493529178722,53.24830298887684,0.395207747601237,0.06000005697543437,2.5303156724469504,16.666656800630967,44.997633874462025,6.57324367241939,2.476703916276119,16.954462909636757,45.6005111457433,6.7947331767648835,2.6667225717022927,17.896789938617403,19.003107011843895,2.41778482624243,1.8997896396759224,14.931810900170644,1.445898842057422,0.2038185934769229,1.996083693663917,14.160313110222392,sign,sign,0.3266320526599884,0.1401984840631485,0.20562892706499883,0.3468073308467865,26.885275839978597,3.3290260484060115,2.022216180218135,16.331455213234086
muon,400,L1.v,v,1,spectral,0.26754626631736755,0.5727221369743347,0.9072625041007996,-0.13123666340624285,0.9682233929634094,0.5727221369743347,1.0000003576278687,0.9072625041007996,0.9288949370384216,0.2675463855266571,0.5499274207247626,1810.5967573875714,310.3175926311841,5.182534130750626,30.238309767180585,0.5629537423182324,0.10345241239860316,1.776345519100534,9.666283602695097,62.54189502941985,10.650633817647106,1.8568289379507084,10.903538936104106,64.32907753273594,11.12489464406473,1.8482862882716231,10.687611500604353,23.760145243237154,2.9012798332058973,1.4413180371053382,11.803730723030176,1.9020923518036317,0.2920044845901388,1.4570588702036955,9.491157428736573,sign,sign,0.0,0.1449955850839615,0.20562892706499883,0.3842322826385498,36.01166442553881,4.510513326149051,1.6991309554568992,13.565758342454565
muon,400,L1.o,o,1,spectral,0.3897537291049957,0.5890865325927734,0.976652204990387,-0.106259609739361,0.978173553943634,0.5890865325927734,1.0,0.976652204990387,0.9308308362960815,0.38975369930267334,0.6633231381227038,1144.4322792554904,133.36306278495968,8.433521078485166,72.3708165398289,0.40514279487266047,0.04813970676426568,2.468265541571109,20.772872691079716,48.01727226291495,5.606253298680755,2.6034690507673695,22.298579029275544,47.26832730299704,5.518652311039329,2.5206381068268517,21.58975422451638,22.705349024223562,2.332002102180301,2.197212023832946,21.392976376266784,1.5755674761577976,0.1746760422927592,2.121735514390383,19.137927706649187,sign,sign,0.28203585743904114,0.14633524417877197,0.15238140816511134,0.46595510840415955,32.06774802022683,3.408969862050592,2.360160133447437,22.201727650725154
muon,400,L1.up,up,1,spectral,0.44338956475257874,0.5558608174324036,0.8784113526344299,-0.15053507702878854,0.9835492372512817,0.5558608174324036,1.0000004768371582,0.8784113526344299,0.9511823654174805,0.4433897137641907,0.6674791195148,3600.626761581134,439.3415475603746,10.117375930198628,82.91702602118212,0.3988366433919118,0.05206820227312131,2.5072933829064454,19.2055886929167,122.75620528775802,15.01811850921258,3.6637383136319506,29.94693458258034,46.79218614241707,5.932526699563911,2.601958848489663,20.52267927970509,25.068321428309684,2.6394945010128863,2.2639679283962613,21.501797298930914,1.5761697142557325,0.18463815990359647,2.134214469521751,18.218791891897663,sign,sign,0.16398705542087555,0.08484642207622528,0.20156126575014668,,,,,
muon,400,L1.down,down,1,spectral,0.5816769003868103,0.5546263456344604,0.9842077493667603,-0.132565259485231,0.9853175282478333,0.5546263456344604,0.9999998211860657,0.9842077493667603,0.8742151856422424,0.5816768407821655,0.7740014703351336,2415.087989530249,299.773710614503,15.05038008762982,121.25143366638332,0.2520839975604408,0.03370993081978258,3.966930986748975,29.664843470969643,30.12009540130089,3.9414778084224182,4.182542924930586,31.962273553778655,76.70823052030828,9.577035328092698,5.835073655236094,46.7366110403572,18.208629399862826,1.9700052397781431,4.0889752866669955,37.794130754952754,1.0614984354293222,0.12790931915392503,3.6747326706342465,30.496002998852408,sign,sign,0.29454466700553894,0.2771798074245453,0.06875417624307749,,,,,
muon,400,L2.q,q,2,spectral,0.31816941499710083,0.579163134098053,0.9027552008628845,-0.15160687302049547,0.9674292802810669,0.579163134098053,1.0000001192092896,0.9027552008628845,0.959335446357727,0.31816956400871277,0.5990731579027216,1122.7059382422804,141.91682417749027,8.451909325356011,66.86317033979662,0.36081231957455023,0.04731206526576843,2.7715243215321306,21.136260139817168,39.90815457660716,4.989884553458953,2.8954650230352263,23.157382595224355,41.97856460617171,5.436054372315062,2.9251818942788645,22.58898250892479,17.765883660352852,1.999379347025678,2.292353688277913,20.369165558757334,1.3274308854345644,0.16141124361568177,2.274423144287586,18.704642010336475,sign,sign,0.11013289541006088,0.04136886075139046,0.20170376897324235,0.38041695952415466,24.629655976606394,2.7823431662211937,2.5718103417783036,22.76599260798818
muon,400,L2.k,k,2,spectral,0.2910440266132355,0.5600361824035645,0.8855710625648499,-0.09043763758970003,0.9674940705299377,0.5600361824035645,1.0000001192092896,0.8855710625648499,0.9450017809867859,0.2910439670085907,0.5780871762579081,1177.9255984660233,151.208976875941,7.789653968339891,60.68179946768718,0.4348938592052185,0.056804409067722925,2.2994119094641152,17.60426938016514,47.492433079944426,6.1806966775417065,2.386761188197971,18.339857450080455,50.71280134150235,6.553348769660996,2.385201068892977,18.457773608250346,19.643907258406323,2.276163074584796,1.8964475209100398,16.366858612705943,1.5243471687459338,0.19102738917962714,1.9112291923389813,15.25109472876161,sign,sign,0.9244197607040405,0.2027910202741623,0.20170376897324235,0.36102184653282166,26.509811161265727,3.0381853049355074,2.117093927300122,18.47279036345021
muon,400,L2.v,v,2,spectral,0.25381335616111755,0.5724064111709595,0.9121173024177551,-0.0931754032880896,0.9689726233482361,0.5724064111709595,0.9999996423721313,0.9121173024177551,0.9196189045906067,0.2538132667541504,0.5337203280405972,1306.771538076987,234.286050364155,7.176699497469838,40.029300191147236,0.43646771386364597,0.08555154484733538,2.2911193900691007,11.68885546317844,48.28434675733137,8.581150192751206,2.4179889042766325,13.605520482335372,48.57027608616761,9.01119480953409,2.423523794239267,13.062776055296904,18.049861965174106,2.253734825210734,1.7999088212757093,14.415229959845876,1.4657281478561046,0.2376498655997457,1.8351164969812983,11.318255524498218,sign,sign,0.5679106712341309,0.4332258403301239,0.20170376897324235,0.38916143774986267,27.147723840992306,3.496219630061209,2.1233299004591366,16.48740063849397
muon,400,L2.o,o,2,spectral,0.32725778222084045,0.5914828181266785,0.9647638201713562,-0.10880913124793212,0.973440408706665,0.5914828181266785,1.000000238418579,0.9647638201713562,0.9361584782600403,0.3272577226161957,0.6114238249572328,997.0522670380757,131.28523837307787,9.719504997442048,73.81526371341657,0.3364911729676451,0.04531050877631838,2.971846867777221,22.06994062580977,39.53720393595148,5.173767183379067,3.123381440477722,23.86844336147351,39.14193419772297,5.121875569032013,3.0613787405594284,23.39539170802847,16.79157748904434,1.786327063618715,2.494643290756812,23.449790901902066,1.2454469840977058,0.1498434065511782,2.4741191084971805,20.564029161495927,sign,sign,0.16071149706840515,0.16993148624897003,0.05730327318299606,0.4035823941230774,23.463496725560468,2.6042341258363226,2.78585330864789,25.099840040057842
muon,400,L2.up,up,2,spectral,0.5010588765144348,0.5669217109680176,0.8913609385490417,-0.13148991129961451,0.9835595488548279,0.5669217109680176,1.0000025033950806,0.8913609385490417,0.9649111032485962,0.5010594129562378,0.7102092919333999,2905.2037016405816,358.8078561032147,12.78870091932593,103.54784773528576,0.3318421712551927,0.04330316473891324,3.013488308651586,23.093058196193564,106.35205778417152,13.055915308334361,4.291189188490082,34.955557673216305,39.7811235085151,5.091729332205255,3.104704199452372,24.256713811283458,22.27047486337943,2.338828278852178,2.879849004201529,27.422109369172727,1.3425193426081268,0.15705328668836774,2.6660545722508164,22.789907216635505,sign,sign,0.15077131986618042,0.13272437453269958,0.2028691671445253,,,,,
muon,400,L2.down,down,2,spectral,0.4604353904724121,0.5516069531440735,0.9659367799758911,-0.1243802573999554,0.9865583181381226,0.5516069531440735,0.9999998211860657,0.9659367799758911,0.8740191459655762,0.4604354202747345,0.6938565844929495,2006.4559983523095,275.7186929767191,18.016898108374303,131.1123046862202,0.23351731668317852,0.03589030190137734,4.282336896422984,27.862675101868934,27.69660044636546,4.071537415059675,4.464082444931936,30.366884847870647,72.45998522502602,10.030585423994102,6.175792078133346,44.61332851659069,14.494559112060545,1.6275296451541093,4.066058297836417,36.211765805036165,0.9299062713153275,0.12253500868346034,3.760396360536987,28.537282494734704,sign,sign,0.19465142488479614,0.16767172515392303,0.03873057318669978,,,,,
muon,400,L3.q,q,3,spectral,0.38737472891807556,0.6166518330574036,0.9640840888023376,-0.1107800200030189,0.9714206457138062,0.6166518330574036,0.9999995827674866,0.9640840888023376,0.9758663773536682,0.38737475872039795,0.6603240323804423,881.3407906307156,98.9596918727212,11.463469908821889,102.09433196100635,0.320661336566582,0.036754074462725585,3.1185536537544087,27.20785647266519,37.118176456950344,4.162902539912527,3.3245912150296966,29.643442810287894,37.587838339078694,4.2916958784122805,3.323173181028723,29.105253456934257,16.78298957923349,1.7385532244620219,2.954417019008195,28.52023702528168,1.2067846735769792,0.13178050836069397,2.757595015383794,25.25277403991274,sign,sign,0.0,0.0,0.18806016533764594,0.46782252192497253,24.019178572296195,2.5112692148284257,3.2200681295431632,30.798526482849137
muon,400,L3.k,k,3,spectral,0.37999868392944336,0.6065816879272461,0.952714741230011,-0.11744805964421112,0.9718785285949707,0.6065816879272461,0.9999993443489075,0.952714741230011,0.9724809527397156,0.3799985647201538,0.6560877216003762,1048.2194770027475,112.98868420532484,9.481062499827935,87.95778484277312,0.3402786204180076,0.03747718502963812,2.9387663060361557,26.6828830275827,39.43844558962022,4.268058002242205,3.0920966852085234,28.572125030488536,38.64594239490552,4.220184827515572,3.22097364527182,29.49576073993036,17.457648329081305,1.8506848785499403,2.7861608486610705,26.282062844912986,1.274019219273852,0.13834584878457806,2.595309894581908,23.900064329487353,sign,sign,0.2511975169181824,0.25935429334640503,0.18806016533764594,0.42613086104393005,23.973372856809483,2.5367835211122074,3.0322773835368992,28.655939979036695
muon,400,L3.v,v,3,spectral,0.29135045409202576,0.5962753295898438,0.9356973767280579,-0.14350166184916502,0.9708219170570374,0.5962753295898438,1.0000003576278687,0.9356973767280579,0.9512730240821838,0.2913501262664795,0.5763848839332169,1062.068092171411,189.73648958714674,9.198445063937845,51.48917333327645,0.3284198989174123,0.06465478953780128,3.0448835802100365,15.466763789296772,37.84037058239485,6.740715150388179,3.165118691435697,17.768035223131218,37.489781123626706,6.908333103445234,3.2478969850742185,17.625517655162792,14.71904366146063,1.811463905571014,2.533647076278585,20.587140502101818,1.1494645941101431,0.18364137793850238,2.527088075749386,15.817776483057136,sign,sign,0.5973353981971741,0.48713770508766174,0.18806016533764594,0.3956655263900757,22.12543752888473,2.8313422585236427,2.8220725747270197,22.052999868217864
muon,400,L3.o,o,3,spectral,0.299259215593338,0.596961498260498,0.956243634223938,-0.11225318951425245,0.9709750413894653,0.596961498260498,1.000000238418579,0.956243634223938,0.9447243213653564,0.299259215593338,0.5928590316203805,744.9755435389308,108.37258482958174,13.128776202555818,90.24992070531707,0.26483068727468934,0.04129965798402463,3.775998350906187,24.213281349821234,30.385835127631115,4.47736619817801,4.0281659091002355,27.337318361511816,30.714416518996174,4.442287583296303,3.9370669164421996,27.221270768119894,12.480162140538194,1.3479574939476087,3.069286023209465,28.41720706871979,0.9640651392759358,0.12527103123482514,3.099192291252809,23.85087133440102,sign,sign,0.19787345826625824,0.18178683519363403,0.22019230297741366,0.4325159788131714,19.45660749289937,2.2130096119787828,3.5333075253961184,31.06456352526631
muon,400,L3.up,up,3,spectral,0.531491219997406,0.5615628957748413,0.895448625087738,-0.11227026568868981,0.9837065935134888,0.5615628957748413,0.999999463558197,0.895448625087738,0.9629875421524048,0.5314911603927612,0.7356919688997325,2609.746072503841,333.7066123679509,14.101979623707562,110.28425740908246,0.27117410166512074,0.03737274845067738,3.687665811070409,26.757450415452976,84.02699342624184,10.739018113656854,5.456219214214329,42.69195667543237,32.367223511813,4.352333335407742,3.8082477278448357,28.320993797218005,18.65463891913208,1.9709242231187198,3.6468606455041814,34.517242079770995,1.1131874529469148,0.13445824596517778,3.3306664886319326,27.57477697616285,sign,sign,0.17447718977928162,0.14977948367595673,0.17072076495131183,,,,,
muon,400,L3.down,down,3,spectral,0.25285854935646057,0.5310689806938171,0.9366025328636169,-0.10973004386236429,0.9833509922027588,0.5310689806938171,1.000001072883606,0.9366025328636169,0.8612772226333618,0.2528587281703949,0.5708563486346576,1978.289373760272,301.8336639274582,17.593046386634207,115.30899590813941,0.2414509450180575,0.04344490585676994,4.141632466208896,23.017683043909223,27.696968037647814,4.655683354103289,4.328456603754824,25.75027446849068,72.55362603153552,11.171320089154142,6.077903505423857,39.473753725525064,10.741507503242989,1.3188445617696918,3.013163394061671,24.541115870683303,0.8670482805088908,0.13053754402989362,3.318080736625581,22.039147577512672,sign,sign,0.344974160194397,0.3577353060245514,0.033118213416604404,,,,,
muon,400,head,head,4,adam,0.3069164276123047,0.2947640639085036,0.5435822120079628,-0.11464150592936018,0.9620211124420166,0.2947640639085036,1.0000007152557373,0.5435822120079628,0.8016166687011719,0.30691648629995494,0.5919809352793716,5085.1707619928075,738.4656863361777,0.482272302446275,3.320989799656456,4.4398774785076025,0.8598176712848337,0.22523160156930105,1.1630381052315741,124.97570872281445,17.501635473395016,0.28271769083448717,2.018830973495508,407.0858198216276,76.95777173781288,0.25205234031170426,1.3332887800249875,49.010939910938866,6.341112581186965,0.40704323658654173,3.146068036811735,11.05570663689748,1.8156798191482906,0.2152908535299375,1.310909827345422,sign,sign,0.6895542740821838,0.34779947996139526,0.1110011012872205,,,,,
muon,450,embed,embed,-1,adam,0.40389163677509016,0.3332570589505709,0.5421321575458233,-0.13312089293206153,0.9792050719261169,0.3332570589505709,0.9999997615814209,0.5421321575458233,0.9062058329582214,0.403891607431265,0.6618760838841772,4257.21639318765,700.8052259118127,0.6512938207476583,3.9564469954704053,3.273586506871514,0.742285508865713,0.305475282074368,1.3471901978923464,107.99145558572845,18.288821664105846,0.32630905889128003,1.92678297638162,328.7706356377119,67.74462348665656,0.35281236839676905,1.712229556364711,47.57329467062007,7.0029901481478865,0.5518422607641112,3.74882070767663,8.934460627376904,1.6867095851371656,0.29786042274478963,1.577759587611965,sign,sign,0.4965682625770569,0.0,nan,,,,,
muon,450,pos,pos,-1,adam,0.49006783962249756,0.5900999307632446,0.9594156742095947,-0.1157149689162269,0.9820656180381775,0.5900999307632446,0.9999997615814209,0.9594156742095947,0.9492989182472229,0.4900677502155304,0.7241590720457219,5897.259213332139,645.6804085655407,1.6394390878677625,14.973657458655286,1.6546262073558147,0.1922285886483233,0.6043659632222775,5.202138602863552,147.63481726568682,16.292128655396013,0.8318173759637282,7.537701726787837,179.803775380547,20.599308507458293,0.6757937161134312,5.898754392248162,39.92024891649932,4.064773228948995,1.5713497217614214,15.432268541044118,5.714517346997488,0.6222519182880436,0.6386423930077845,5.865041032596037,sign,spectral,0.0,0.0,nan,,,,,
muon,450,L0.q,q,0,spectral,0.3475693166255951,0.5852246284484863,0.9157246947288513,-0.13694550980332354,0.9642916917800903,0.5852246284484863,1.0000004768371582,0.9157246947288513,0.9754322171211243,0.3475693464279175,0.6402633998691352,3375.8929698045386,437.567240646417,2.8402323172749036,21.91279287346831,1.0244411249784842,0.13703087959915936,0.9761424570476519,7.297628678749961,116.70836932344703,15.020185775250715,1.0043218117498331,7.80368250294404,121.37656156578043,15.966550436760832,1.0286609060336427,7.8198058050185555,53.80863722073025,5.881784126621336,0.8267981920759041,7.563841687220107,3.940229130214064,0.4805616656341264,0.818918319237791,6.714488581749129,sign,sign,0.01814383640885353,0.03915487602353096,0.17971568731833631,0.5147015452384949,82.39376232802661,9.414616809857469,0.9645190355122231,8.441166940500757
muon,450,L0.k,k,0,spectral,0.26129719614982605,0.5547411441802979,0.8718870282173157,-0.12907436735579214,0.9561320543289185,0.5547411441802979,0.9999998807907104,0.8718870282173157,0.9414015412330627,0.2612971365451813,0.5530666061594737,5210.469885381767,1053.869751366602,1.744349186577069,8.624290520212794,1.8013648080924842,0.4247347680259329,0.555134571463977,2.354410225088175,189.01524360583295,38.47256641688738,0.590436715488128,2.900808290315391,199.10832000833483,42.41328481547577,0.6051951885927611,2.841076747582262,70.98188393356783,9.609791603045972,0.47119112123151663,3.4804119443320674,5.947901042024938,1.109324133640659,0.468615906129473,2.5125938865401367,sign,sign,0.18692080676555634,0.0774078518152237,0.17971568731833631,0.3518954813480377,105.74433433765088,14.688028998543443,0.5408520090771924,3.8937855910224815
muon,450,L0.v,v,0,spectral,0.29038554430007935,0.5756022930145264,0.9107033014297485,-0.12337772587888174,0.9516098499298096,0.5756022930145264,1.0000005960464478,0.9107033014297485,0.9602031111717224,0.29038551449775696,0.5970221565564008,9919.77266365236,1742.7450457714324,0.9506939612946456,5.41138704805526,3.181894296632107,0.5786410222073504,0.3142783835103836,1.7281882162998587,356.7850074528896,62.66271888622329,0.32672343329448866,1.8602771257765567,370.33509118347393,63.883247444130284,0.3318778078448136,1.9239159427120405,143.34158474861968,17.569240043133956,0.2593062229246572,2.115593209378739,11.458736662203455,1.7459242816867733,0.2625772747161926,1.7233300871129629,sign,sign,0.23869287967681885,0.20009993016719818,0.17971568731833631,0.4447069764137268,221.68333350327367,28.758535087747656,0.3144330856245068,2.4237873859805195
muon,450,L0.o,o,0,spectral,0.2997712790966034,0.5328155755996704,0.9576432704925537,-0.11433826550748116,0.9643563032150269,0.5328155755996704,1.0,0.9576432704925537,0.8398299813270569,0.299771249294281,0.6021765783095732,10717.877951739772,1758.8588998008638,0.8144942898148944,4.963246563788239,3.5120923494519247,0.618250655804145,0.2847305538978933,1.617466945828504,407.4197259109411,67.98374217400583,0.30086500684024703,1.8030537111255958,383.96817457509655,63.374333896250185,0.27996653037409164,1.6962424849442699,166.26685793104463,19.929754924513844,0.23077799046201466,1.9252987053324622,12.858164921925894,1.9096922015249551,0.23601975846347636,1.5891466576305422,sign,sign,0.2094934582710266,0.16100822389125824,0.18813788835653483,0.41971176862716675,246.24501216060003,31.896524371926294,0.26454607042803263,2.0423275454715544
muon,450,L0.up,up,0,spectral,0.41011661291122437,0.5749968886375427,0.9048766493797302,-0.1232426304824158,0.983298659324646,0.5749968886375427,1.0000009536743164,0.9048766493797302,0.9726024866104126,0.41011694073677063,0.6704677701364835,10041.2747426226,1507.2904615315224,3.752809982760006,25.000487335043037,1.0287949117805744,0.17545554625509527,0.9720119551753778,5.699454790790212,322.0407910972228,48.67131904737174,1.4386278300457735,9.51888819843768,120.99785185354602,19.77041164303588,1.0288870122819818,6.296941132734859,59.343043599013505,6.992193994434898,0.8846016952707747,7.507651677284081,4.032193790039856,0.5816675482201383,0.8379917454798209,5.809065887494889,sign,sign,0.23079098761081696,0.19719938933849335,0.17695916820624893,,,,,
muon,450,L0.down,down,0,spectral,0.5422157645225525,0.5639247298240662,0.9810312986373901,-0.1044308138217297,0.9858834147453308,0.5639247298240662,1.000001072883606,0.9810312986373901,0.8859447836875916,0.5422162413597107,0.7462013520265749,7158.887313693235,1205.9712277553463,5.162446267740436,30.64531743641855,0.844502763997542,0.1570727389693747,1.1841300177041416,6.366483957974282,101.6590760999931,17.946042679368407,1.2352267111110846,6.997197569910456,275.37228428928273,46.964989986413414,1.6472381395199864,9.65833761232081,56.85418165015971,6.5960820258352255,1.2207308942184802,10.521951627348232,3.4185227734574437,0.5141787371774591,1.1000714088295362,7.313836398908259,sign,sign,0.3505428731441498,0.275288850069046,0.07394163696920093,,,,,
muon,450,L1.q,q,1,spectral,0.291291743516922,0.5829159617424011,0.9058826565742493,-0.15444812873985914,0.9664586782455444,0.5829159617424011,0.9999997019767761,0.9058826565742493,0.9487947225570679,0.2912917733192444,0.574269779924529,1597.5002238970703,289.00477436851565,5.978399861434295,33.04614997470414,0.5799871336863817,0.11284680397380349,1.7241756651062352,8.8615686644428,66.43033428621175,11.938698261862523,1.7454824108204294,9.712363734990184,67.5775207715264,12.606706047391588,1.7971319915375694,9.63342240477104,28.176889537324666,3.628551203842948,1.3232598628558006,10.275546599804045,2.1341156395109957,0.34562729625003735,1.3561300440330375,8.373581506965042,sign,sign,0.22172412276268005,0.1433933973312378,0.21855503137133558,0.38125964999198914,41.27540812450773,5.652371147844689,1.5236369446705151,11.126080556269502
muon,450,L1.k,k,1,spectral,0.27240416407585144,0.5671420097351074,0.8857208490371704,-0.12623378176868294,0.9655218124389648,0.5671420097351074,1.000000238418579,0.8857208490371704,0.956687867641449,0.2724042534828186,0.5639697830586733,1932.6799155412375,360.7584786921643,4.807860118367198,25.756995985751793,0.5866814159635109,0.11666278716740286,1.7045030082915988,8.571715648998248,67.25714139954982,12.497739034471111,1.6856539888196416,9.071422307991535,67.33392606371065,12.984395537295361,1.8186381548914712,9.431016384734454,29.521950496173567,4.069677921608515,1.1810783579806343,8.567689504683209,2.2010733423107776,0.37371681467410994,1.2912924397687724,7.605302343115021,sign,sign,0.12696939706802368,0.11421263217926025,0.21855503137133558,0.3520161509513855,40.75821357345023,5.719439468174447,1.3150751275800274,9.371567478473088
muon,450,L1.v,v,1,spectral,0.24474041163921356,0.5703076720237732,0.8909521102905273,-0.0918373097825066,0.9658962488174438,0.5703076720237732,1.0000008344650269,0.8909521102905273,0.9177280068397522,0.2447405606508255,0.5223662563258838,2950.6442872736857,613.0253587470869,3.16673918938261,15.242307296283446,0.9495854445823576,0.21167313213027675,1.0530919994301753,4.72426908602441,103.09770583567929,21.237943045073656,1.1061533250696325,5.369722947045976,108.60818526846857,22.90553261394726,1.0815868489572513,5.128419707820323,38.2343499108017,5.085722747632635,0.8193360760584628,6.159750301202494,3.1414237755873935,0.5742687874615029,0.8380152301823091,4.584196504978126,sign,sign,0.2139924317598343,0.15308324992656708,0.21855503137133558,0.36244407296180725,58.901002021041805,8.303966857265465,0.9595751767077957,6.8063782519984315
muon,450,L1.o,o,1,spectral,0.39372944831848145,0.5976073741912842,0.973060667514801,-0.11973103918592132,0.9774401187896729,0.5976073741912842,1.0,0.973060667514801,0.9485878944396973,0.39372947812080383,0.6635965797378197,2099.4314818993585,301.77862308328764,4.663738399260303,32.44497280394753,0.6534678957452,0.10020082016103495,1.5302970605153028,9.979958231807663,77.30267880339511,11.119085613354144,1.611221853755788,11.201619429236743,75.13325969929797,11.077591846643458,1.6160519452268058,10.96079835484024,35.715740615606975,3.7493202186747223,1.4110688597268821,13.441735153413932,2.5169857297858935,0.3227989973911584,1.3286991187061705,10.360368985006415,sign,sign,0.22965829074382782,0.24603547155857086,0.16664585168278787,0.47841036319732666,51.19182106876725,5.858147050341861,1.5134290515844324,13.22520389863945
muon,450,L1.up,up,1,spectral,0.44133204221725464,0.5543519854545593,0.8762046098709106,-0.15558539036520969,0.9832010269165039,0.5543519854545593,1.0000022649765015,0.8762046098709106,0.9494667053222656,0.44133260846138,0.6653550269409093,5220.741232172647,680.6912046903176,6.958784222988776,53.37223614528477,0.6390354323011894,0.09590822665038146,1.5648620004926137,10.426657857222764,195.10619827086725,25.43903204819043,2.29934653142638,17.634977596791774,74.19881017834969,10.665984179837633,1.6379203115134517,11.394329508849887,39.23683359551002,4.145485340644066,1.4397332482384873,13.627010890425668,2.4924356939379617,0.3169059267620523,1.345342510291264,10.580993948212805,sign,sign,0.1683017760515213,0.11917242407798767,0.21452344236684426,,,,,
muon,450,L1.down,down,1,spectral,0.578537106513977,0.555510401725769,0.9838456511497498,-0.1261152053696507,0.9850924611091614,0.555510401725769,1.0000017881393433,0.9838456511497498,0.8722402453422546,0.57853764295578,0.7704574210003946,4217.460049577337,624.6769788324507,8.63219313509526,58.2796083754268,0.42793199724907105,0.07706924302822382,2.336824062158895,12.975367978807432,51.19846826911183,8.556326307920218,2.459687713414333,14.718027201767422,127.90226121897555,19.271788362902804,3.4916271327733086,23.173096196660776,29.597402491063978,3.272629725856992,2.5020037042542254,22.62792215197928,1.7505224850755727,0.2489946027735645,2.2181164991734232,15.594164544406864,sign,sign,0.372977614402771,0.3203274607658386,0.08624910013024836,,,,,
muon,450,L2.q,q,2,spectral,0.3326078951358795,0.587069571018219,0.9184454679489136,-0.1515265204620565,0.9713402390480042,0.587069571018219,1.0000003576278687,0.9184454679489136,0.9558942914009094,0.3326076865196228,0.6089875926296163,1962.056947949769,367.13904209942496,4.9022776131005275,26.1986515968457,0.6480284104634988,0.13329878149886196,1.543142771954433,7.501946727370544,69.43390053420516,12.823888892761625,1.6931357592325804,9.167345481589257,72.79642469412086,14.195113404993508,1.6807758047655592,8.619478112536598,28.830335774333474,3.6735063788363376,1.4767023932507737,11.589424774503268,2.2319175672889884,0.37340452694975107,1.3750976812312012,8.219248696712453,sign,sign,0.3269650936126709,0.1329825520515442,0.2193633237641595,0.405124694108963,39.90095904695449,5.300596768303067,1.6815855972985465,12.658363007914334
muon,450,L2.k,k,2,spectral,0.28960558772087097,0.5615514516830444,0.8952229022979736,-0.0501914646196866,0.974181592464447,0.5615514516830444,1.000000238418579,0.8952229022979736,0.9485375285148621,0.28960561752319336,0.5767643433094876,3142.2498875441793,738.4680018564136,2.927984505893516,12.45884582845327,1.2262132724162482,0.3186959556183118,0.8155190136280964,3.137787664981339,115.15216313051614,27.456764904424436,0.995105331753632,4.173417075646651,129.82102652379288,32.459992993589985,0.9352321954383135,3.740382928421403,36.73737242227395,6.25127705859017,1.0090410060409263,5.929910781563032,3.52868496840484,0.8179416044891501,0.8237375038814131,3.553689079886171,sign,sign,2.5948476791381836,0.4521922469139099,0.2193633237641595,0.3604869544506073,48.875884515069906,8.03944617976954,1.138650331680411,6.922434813271324
muon,450,L2.v,v,2,spectral,0.2646166980266571,0.5678409337997437,0.9001801609992981,-0.11378390978011754,0.9681651592254639,0.5678409337997437,1.000000238418579,0.9001801609992981,0.9314461946487427,0.2646167278289795,0.5448250853415284,2327.5252167681833,473.22209960587605,3.9971665150391407,19.659914165300908,0.764719193542831,0.16429757430831674,1.3076698569388925,6.086518578430157,84.99247842126296,17.03737073212958,1.3556853823794868,6.762960225465957,85.72240476537094,17.50693528149783,1.3908279083090087,6.810164714611236,29.147462564774575,3.7825840704938676,1.1620545386013545,8.954445038332503,2.4686953124250413,0.4391543209659129,1.1122258940372085,6.252350756627377,sign,sign,0.48733001947402954,0.13351255655288696,0.2193633237641595,0.37190914154052734,42.990397027121794,5.710251294648201,1.35002495531894,10.163844957240052
muon,450,L2.o,o,2,spectral,0.3411978483200073,0.6041612029075623,0.971483588218689,-0.12713049098840423,0.9769148826599121,0.6041612029075623,1.0000003576278687,0.971483588218689,0.933527946472168,0.34119799733161926,0.6195598957128781,1601.3894039894794,210.56164470862606,6.181243065414045,47.0103525365937,0.5214131744804379,0.07238152214161207,1.9178655365283375,13.815685661754953,60.53921085039893,7.922324028344817,2.0540389863898065,15.696139017678146,61.04502835756476,8.16551105063397,1.9574333956981442,14.633692417715872,27.049276194192675,2.689762313781484,1.6145842763226748,16.23687558015238,1.959664303628168,0.23248325696222225,1.5933266007153044,13.430581213641421,sign,sign,0.09474966675043106,0.06703130900859833,0.08616192630147781,0.4318322241306305,38.05847290881756,4.014134193608281,1.8021559437223365,17.086449992337794
muon,450,L2.up,up,2,spectral,0.5109753012657166,0.5670183300971985,0.8933440446853638,-0.14214745366974757,0.9829828143119812,0.5670183300971985,1.0000011920928955,0.8933440446853638,0.9662776589393616,0.5109755396842957,0.7160094238257966,5017.991123127183,578.0998084938606,7.405376448352909,64.27975366064257,0.5187422776902436,0.06630321851748268,1.9277418384819327,15.08224207591397,172.98049282897117,19.85659932460752,2.6441834185958637,23.034767605552567,61.286025697239715,7.593759657393886,2.0181360911743527,16.287523693722672,34.43630611725075,3.3016346337011995,1.8993000145337895,19.80984692896324,2.0809738694880453,0.2303458678497749,1.7340257783087598,15.665409444342787,sign,sign,0.2377425581216812,0.13675351440906525,0.2268350847482104,,,,,
muon,450,L2.down,down,2,spectral,0.4893297553062439,0.5615896582603455,0.9725074768066406,-0.11441783697113372,0.9862937927246094,0.5615896582603455,1.000001311302185,0.9725074768066406,0.8884533643722534,0.48933008313179016,0.7159581416959029,3482.881135533273,400.24639017614305,10.56721099903824,91.95420807556292,0.35142050608835,0.043203511132751886,2.8455974935360673,23.146297258791545,42.35238223441788,5.113415304060502,2.939172496655688,24.34399508532021,113.45782397940633,13.011102106543937,4.00931470923645,34.96153660417496,23.093972492145312,2.2382195040840114,2.7121471051449553,27.983962487406764,1.417325710073023,0.15590823608545953,2.545781956374374,23.14311488349852,sign,sign,0.22434110939502716,0.21031680703163147,0.04826846758943022,,,,,
muon,450,L3.q,q,3,spectral,0.3563331663608551,0.6056181192398071,0.9401944279670715,-0.15252207768057302,0.975472629070282,0.6056181192398071,0.999999463558197,0.9401944279670715,0.9646845459938049,0.35633236169815063,0.6253706719588045,1463.378975081956,167.66203862551595,6.780504185574552,59.18123951592543,0.48196224109537333,0.05593400360513713,2.0748502232985335,17.878202865963885,55.394398977688176,6.304912238043703,2.1725100190771602,19.087480084754667,57.40486206679743,6.557351435466315,2.151030721814534,18.83071589229623,26.260164443135746,2.5495462721091515,1.7368749729184658,17.88970175005836,1.8571166398019356,0.19802552596833706,1.697077408496715,15.91547695146699,sign,sign,0.09939806908369064,0.06700542569160461,0.2028101726335828,0.42274951934814453,37.20387094187248,3.7776539667188174,1.9220546605722968,18.929175134922783
muon,450,L3.k,k,3,spectral,0.359498530626297,0.5829523801803589,0.9319884777069092,-0.10767202667379427,0.975352942943573,0.5829523801803589,0.999999463558197,0.9319884777069092,0.9562171697616577,0.35949841141700745,0.6383856885982762,1787.6157875046763,207.61705013093902,5.342922043783983,46.0034076722088,0.5269603352862456,0.06266703862973745,1.8976750176367558,15.95734353216535,60.47721076644624,7.042804692582174,1.9725533574486698,16.93849685653376,61.77204794469659,7.280406725010458,1.9814107157183936,16.811670330041398,27.833231167807053,2.905873083927554,1.653268498125186,15.835448748703403,1.994704138177066,0.22478349646281906,1.6129015089587686,14.31271140906134,sign,sign,0.35888513922691345,0.30484089255332947,0.2028101726335828,0.4114169180393219,37.981496925206756,3.9516058235385993,1.822943048039144,17.521511219943534
muon,450,L3.v,v,3,spectral,0.290644109249115,0.5944111347198486,0.936068058013916,-0.14675731798024505,0.9708049297332764,0.5944111347198486,1.0,0.936068058013916,0.9472095966339111,0.2906438708305359,0.5742032172337905,1548.7767766178436,265.77218539541406,6.288079843576471,36.64353369695415,0.5336732633447239,0.0950425947231523,1.8738056947665644,10.521598267733328,60.44556085358892,10.217336552796924,1.9822251582047683,11.726804809320122,62.02072219243495,10.40327430207778,1.9548761137117063,11.654295066018356,22.75083054011933,2.5318704799378695,1.6352121507912118,14.693656265034477,1.811177344449827,0.26379533305962827,1.5977465780871523,10.969877180312253,sign,sign,0.5293561816215515,0.29866287112236023,0.2028101726335828,0.37999477982521057,34.271298210986735,3.996591709715408,1.8126548809962924,15.543753400981819
muon,450,L3.o,o,3,spectral,0.31279969215393066,0.6036441922187805,0.9568484425544739,-0.1142589523420865,0.9748558402061462,0.6036441922187805,0.9999998211860657,0.9568484425544739,0.9446125030517578,0.3127997815608978,0.6025563688435093,1278.8283067743675,159.48708455140542,7.7337249988301044,62.0119583546889,0.442291382350045,0.05913319137855085,2.260952532859052,16.910973310816296,50.381190196901805,6.323434713780069,2.430998556570511,19.368682716067404,50.17971822078937,6.292867807443916,2.4095472170374213,19.213878964309163,20.301756072395754,1.9021064995302372,1.9721620545302798,21.04948012963357,1.5634313210282107,0.17653844759028245,1.9423257145348665,17.201311664357608,sign,sign,0.434285432100296,0.15586262941360474,0.2461584386834018,0.44109809398651123,30.747847982394813,3.048344095786261,2.340631058868389,23.609332056850338
muon,450,L3.up,up,3,spectral,0.5327363610267639,0.5598273873329163,0.8973800539970398,-0.11937113189518633,0.9830176830291748,0.5598273873329163,1.0000008344650269,0.8973800539970398,0.9593616724014282,0.5327364802360535,0.7347441483532192,3981.205740785512,439.69792742697643,9.21551159247829,83.44102932425844,0.42728110302007116,0.05045262327691881,2.3403816068553183,19.82059146808546,133.90439151691467,14.705208886846377,3.4312436092765934,31.24461482879473,50.69563897621651,5.896009225671928,2.42226543638187,20.827357856345337,29.390313500468807,2.7394557813735534,2.32016135075004,24.89190368899639,1.7455188466819558,0.18401475469198714,2.12136332662399,20.12273240523655,sign,sign,0.2317289263010025,0.13337504863739014,0.18460894949336368,,,,,
muon,450,L3.down,down,3,spectral,0.25292766094207764,0.5426414608955383,0.9419008493423462,-0.11033901515804334,0.9829882383346558,0.5426414608955383,1.0000022649765015,0.9419008493423462,0.8731791973114014,0.25292807817459106,0.5727907824827698,3617.308166969147,464.14514519056263,9.83121955325332,76.61946085130158,0.39161787430372513,0.05410655701570508,2.553515379640038,18.48209015935423,44.37384335085663,6.037618420328952,2.7169904522929462,19.968686379695317,111.41147837678028,14.077676234783452,4.0127620200093554,31.757212026144774,17.109518070085716,1.7912817591077717,1.8922086884587743,18.073526726294755,1.3866420589017545,0.17040311025251711,2.0817798259607083,16.940321451718646,sign,sign,0.2558441758155823,0.15893694758415222,0.03605022461483405,,,,,
muon,450,head,head,4,adam,0.3428405174842248,0.314274421105018,0.584303225003756,-0.11796791275584195,0.9623787999153137,0.314274421105018,1.000000238418579,0.584303225003756,0.8538439869880676,0.34284063485952526,0.6341560916392858,7164.64082713521,805.9418425426692,0.3649538402107543,3.2443571552811092,5.861995340543963,0.8634591189622682,0.17059041850514065,1.1581326972612325,191.46546813891865,20.580267429335354,0.19836323486639265,1.8454429591671593,562.8207318978918,83.63451595230984,0.19418621976828787,1.306781405858716,61.99569471550888,6.580917188329012,0.35945453533081984,3.3862504266115816,14.719306883516058,1.9122083124153009,0.1732261056607799,1.3334155033751516,sign,spectral,0.14043375849723816,0.03742276132106781,0.11487722456923619,,,,,
muon,500,embed,embed,-1,adam,0.4297732720008263,0.3406731238731971,0.554777585543119,-0.11581306808835645,0.9794187545776367,0.3406731238731971,0.9999998211860657,0.554777585543119,0.9143455624580383,0.4297733600323017,0.6879978333370063,4250.878351101058,313.2692139937314,0.6667799349964547,9.047810202893787,3.4417404385916366,0.3503222183807319,0.2905506208350989,2.8545144119270818,107.66579710447375,8.053040439283505,0.334930349564136,4.477879296916968,361.15965201478974,33.49198628945885,0.32405677473029626,3.4944547923532525,59.382967683772215,4.212185355703352,0.47042544276530673,6.632010822489508,10.251261648722867,0.8722463153853203,0.26984489374497533,3.171409912037925,sign,sign,0.0,0.06982886046171188,nan,,,,,
muon,500,pos,pos,-1,adam,0.4871973395347595,0.5826334953308105,0.9579082131385803,-0.11999425113614404,0.9803301095962524,0.5826334953308105,0.9999997019767761,0.9579082131385803,0.9373836517333984,0.48719725012779236,0.7201310594371705,8107.780412338249,452.67143722952926,1.1773712042044577,21.08784960218226,2.3609754090819677,0.14462762265353335,0.42355362877989994,6.914306434894202,200.24525762199448,11.232684258263554,0.6123103874609355,10.915667926082412,253.81828745797267,15.238540230590937,0.47272049868251587,7.873792739084569,52.57263017416982,2.8880068695076258,1.1861924970055766,21.59318252282452,8.069045069480309,0.4668104720908017,0.4497723200975616,7.774532361317737,spectral,spectral,0.00828147865831852,0.0,nan,,,,,
muon,500,L0.q,q,0,spectral,0.33783289790153503,0.5852652788162231,0.9163476824760437,-0.13350824270653838,0.9631689190864563,0.5852652788162231,1.0000001192092896,0.9163476824760437,0.9731824398040771,0.33783289790153503,0.6327243590759054,4476.329312604154,281.6924769656871,2.142153907471678,34.04061915822137,1.313408077334466,0.08411630612952667,0.7613780792628965,11.88830281811754,146.50254341402405,9.221700931437487,0.8006175225604015,12.719183177701462,154.62419191223339,9.825251119331304,0.8056136025960793,12.678286873486018,70.2079759610247,4.074000387043183,0.6159217377922525,10.614289261807244,5.092316848136506,0.3121966163139362,0.626184898523176,10.213858005404255,sign,sign,0.012871240265667439,0.0,0.17784124533915593,0.4905298352241516,104.40783450981051,6.154820537611368,0.7443524967707495,12.62688844051425
muon,500,L0.k,k,0,spectral,0.27253884077072144,0.5694289207458496,0.8856135010719299,-0.11927947389809856,0.9577949643135071,0.5694289207458496,1.0000005960464478,0.8856135010719299,0.9555410146713257,0.272538959980011,0.5665033757399071,6042.137046537193,493.9823195309637,1.5440767671509272,18.886350925187735,1.8420875688368665,0.15978344302837597,0.5428626808864844,6.2584744520047515,204.57293868898662,16.691466675441433,0.5541227928956265,6.791406072421079,215.08241990872565,17.89761090658162,0.5686622362247643,6.83383109155379,89.22699064924895,5.85702354502384,0.39096908068959485,5.95609599972915,6.792580655336101,0.5127087245381527,0.42031132693568946,5.5684611006644955,sign,sign,0.0,0.002336222445592284,0.17784124533915593,0.39473554491996765,132.12912344350363,8.780948969651874,0.46234053596727614,6.95695305380846
muon,500,L0.v,v,0,spectral,0.2987542450428009,0.589337170124054,0.9224121570587158,-0.11884158242819753,0.9528838396072388,0.589337170124054,0.9999995827674866,0.9224121570587158,0.9641215205192566,0.2987539768218994,0.6032836383848893,12893.314775169329,935.4662629998757,0.7488919927641875,10.321804833825187,4.075425157995438,0.29940558487171287,0.2453730700478259,3.3399496645861135,451.3503538335558,32.534824118330704,0.26159003776267287,3.6289962925293198,466.32169418042355,33.662739061838614,0.26464038917030847,3.665998610504171,195.3186338791883,11.7535266262162,0.19578539423809993,3.2535371682222256,15.174641742320683,1.013586697849567,0.200357925222683,2.9996050085694117,sign,sign,0.08308037370443344,0.15379974246025085,0.17784124533915593,0.4218135178089142,298.9589715697686,18.648455806310878,0.23743803261290716,3.806440103071801
muon,500,L0.o,o,0,spectral,0.31417426466941833,0.5462088584899902,0.9594798684120178,-0.10237389913221906,0.964436948299408,0.5462088584899902,1.0,0.9594798684120178,0.8745929002761841,0.31417423486709595,0.6158144552093591,14497.359271469608,1066.8106432164057,0.6172907610223571,8.388635784996243,4.484083743504523,0.3301215822787802,0.22301100006184382,3.0291869834657543,526.9138635021692,38.0477182254531,0.2330806449852172,3.2278788028497,485.52741802670124,35.778836323384496,0.2305696590531064,3.128885753117246,227.14486034468518,13.95855888895642,0.17704253577194898,2.8809780710818647,16.98827965604655,1.1542818627922151,0.18268535518541956,2.688693293201967,sign,sign,0.05331984907388687,0.12569065392017365,0.18860475126963602,0.4433273673057556,320.7551783467608,20.743756919418,0.21349840982453808,3.301268944967027
muon,500,L0.up,up,0,spectral,0.4189614951610565,0.5837336182594299,0.9205321073532104,-0.13505017528336838,0.9825695157051086,0.5837336182594299,1.0000028610229492,0.9205321073532104,0.9744099974632263,0.41896212100982666,0.6775936680880511,14649.688498996356,960.8103486729611,2.611356986114133,39.81593917997168,1.3487242780744406,0.09176077390181135,0.7414435087137623,10.897934035440924,406.7588918763545,26.600036399377103,1.1587022395274695,17.718488497101475,160.66600778818307,10.795516641484033,0.7762966254798945,11.553359030174901,80.76892410239074,4.721621555810432,0.6639576353880877,11.357781055931868,5.3986903622199325,0.3432453656224162,0.6325344034249337,9.948735597203099,sign,sign,0.00028482903144322336,0.0,0.17859564262900596,,,,,
muon,500,L0.down,down,0,spectral,0.5533572435379028,0.5672208070755005,0.9811922311782837,-0.12294457548938431,0.9854193329811096,0.5672208070755005,0.9999998211860657,0.9811922311782837,0.8893319368362427,0.5533571839332581,0.753136030080513,10603.745899619162,772.3042672250285,3.505684044525727,48.133079655338335,1.0742441235222975,0.081767394911376,0.9308869364881466,12.22981143363954,130.1619161393893,9.661239149135579,0.9648951806788421,12.999637381096965,362.35299599518765,26.524175977770504,1.2566142868767767,17.166902830148913,76.50839055883078,4.5520747975057025,0.9257771471351608,15.559876033291015,4.498264546118834,0.3036309035144867,0.8437849112733166,12.500597623620001,sign,sign,0.0,0.0,0.07402422910603607,,,,,
muon,500,L1.q,q,1,spectral,0.3320528566837311,0.5894547700881958,0.9264734387397766,-0.1597984474184454,0.9693088531494141,0.5894547700881958,0.9999992251396179,0.9264734387397766,0.9589816927909851,0.3320528566837311,0.6151826536920801,2387.499800664452,152.70052048726467,4.045079689823321,63.24554050181154,0.7412610371600906,0.04791904118577126,1.349051380025047,20.868514903352253,84.1897200625751,5.34931368139541,1.408587652632042,22.16893740427588,85.57496318600708,5.532822701778421,1.4344108616259117,22.185720254110176,36.65322350417034,2.1225508213099333,1.1595912709092873,20.02437708412204,2.7196602692133727,0.16857433536941233,1.1399681410007543,18.39144763320438,sign,sign,0.0,0.0,0.2204966172785643,0.434232622385025,53.62267784222044,3.159791147627572,1.3165096406894392,22.34159444109811
muon,500,L1.k,k,1,spectral,0.3095678389072418,0.5766491889953613,0.9040662050247192,-0.12440173156730816,0.9725732207298279,0.5766491889953613,0.9999997615814209,0.9040662050247192,0.9547814130783081,0.30956777930259705,0.598511088728121,2414.464706760185,158.74630137550238,3.913008248183268,59.51521535076206,0.8262360943480438,0.055601191549324275,1.210307523989845,17.985221786017174,91.24605506555314,6.026190104853865,1.2682244088254333,19.202924605706624,96.39866243089891,6.384332656054321,1.2677771432941636,19.14248950642142,39.84286625235593,2.396837516806926,0.9945238205116996,16.532067479575254,3.018000773377613,0.19376559834406204,0.999438735650327,15.566782250894153,sign,sign,0.002220319816842675,0.0,0.2204966172785643,0.36399781703948975,55.331284241621795,3.3226879502633646,1.0823092198713797,18.023226971188965
muon,500,L1.v,v,1,spectral,0.2845097780227661,0.5842615365982056,0.9149474501609802,-0.14436480438888677,0.9704582691192627,0.5842615365982056,0.9999998807907104,0.9149474501609802,0.9423061013221741,0.28450965881347656,0.5658123916170035,3628.160199905765,297.58548142030503,2.638400866608269,32.16736572610172,1.1867248050765513,0.09979028417939757,0.842655244512399,10.021014460615874,131.9344858669687,10.715561118754103,0.8876623337032012,10.929271208731832,136.47273893741817,11.095576961751952,0.8838042081396811,10.870564134250625,51.303151408273536,3.2312030955749393,0.7098442643884811,11.27049173172971,4.070408044598533,0.30104648194180966,0.700547773559293,9.472010018946236,sign,sign,0.0,0.0,0.2204966172785643,0.39310649037361145,78.02628447703849,5.127912411283621,0.8269220129361288,12.582440386404457
muon,500,L1.o,o,1,spectral,0.4033905565738678,0.6069669723510742,0.9785311222076416,-0.10830091865194802,0.9760674834251404,0.6069669723510742,0.9999996423721313,0.9785311222076416,0.9492346048355103,0.4033905565738678,0.6722928273385494,2688.147672552167,182.23409647714792,3.6994049756048186,54.57017686175453,0.8534242716326692,0.05884682805494744,1.1717497095073846,16.99326328070555,102.16492679039591,6.894949573946162,1.2259783036848662,18.165757747651387,98.57651398683291,6.713992660798899,1.2325656944530887,18.0968367940527,49.25728487575093,2.778040575761516,1.048250860186453,18.586478430863515,3.3600871322999697,0.2106620998128747,1.0083503303740253,16.083315285235365,sign,sign,0.0,0.0,0.15103602496303545,0.5181659460067749,68.51263307021226,4.1297954374103805,1.162138297962653,19.279684912210396
muon,500,L1.up,up,1,spectral,0.44074293971061707,0.5554822683334351,0.8782358169555664,-0.14425271840023024,0.9829159379005432,0.5554822683334351,0.9999991059303284,0.8782358169555664,0.946039617061615,0.4407426416873932,0.663630310511449,8641.47916083916,570.570034965035,4.21271465913769,63.80301050988574,0.8705170738924116,0.0608496095645045,1.148741519174292,16.433944491792754,270.7680642110728,17.905108210933694,1.660671244932074,25.113321460222654,102.26668381671331,6.974302872780658,1.1840911083116263,17.362749108084955,56.060801636841965,3.18898985591456,1.0063193520765379,17.690576680714788,3.4634825598390866,0.21875867661713805,0.9656431311945983,15.288482247377445,sign,sign,0.0,0.0,0.2154829501333075,,,,,
muon,500,L1.down,down,1,spectral,0.5820329785346985,0.5581571459770203,0.9831528663635254,-0.13236499120560152,0.9858213663101196,0.5581571459770203,1.0000011920928955,0.9831528663635254,0.8782925009727478,0.5820333957672119,0.7731106562153011,5141.817479925561,358.948472420702,7.114096690822166,101.90706892291074,0.5416468467607806,0.0406702602892678,1.846223601361697,24.588020459676752,64.16885563700049,4.727975352885593,1.9611315434144725,26.6167984183179,168.6973875551593,11.748113890276292,2.6656355917249295,38.27727281995826,40.1044213005733,2.3655509620283293,1.8576572011960089,31.49383303284607,2.310803669672304,0.15406349432706026,1.6860942773003185,25.289786269080484,sign,sign,0.0,0.0,0.08586530323402868,,,,,
muon,500,L2.q,q,2,spectral,0.32034972310066223,0.5807986855506897,0.9052901864051819,-0.1397581996936882,0.9739089608192444,0.5807986855506897,1.0000004768371582,0.9052901864051819,0.961771547794342,0.32034921646118164,0.598765133965694,2017.3526615411702,160.11403251364516,4.716976781240041,59.43142843055651,0.7003095472526241,0.05675710732583002,1.4279406596129498,17.618947193632973,79.64880433815951,6.248973069612322,1.4548510153133194,18.543389860864316,82.41075420726925,6.494367032690054,1.4938190931738473,18.95592865293961,37.57832184379734,2.369199710383506,1.0911817719300858,17.30743914747327,2.675758557634807,0.19097894546484606,1.127750176224178,15.800627538083564,sign,sign,0.0,0.0,0.22224264338058694,0.3673115074634552,51.72474630845528,3.373139624767201,1.2442410975000893,19.079570451871763
muon,500,L2.k,k,2,spectral,0.27586251497268677,0.5538462400436401,0.886029064655304,-0.1220795625868889,0.9720615744590759,0.5538462400436401,1.0000003576278687,0.886029064655304,0.9339698553085327,0.275862455368042,0.5604108316289927,2461.5573839308204,274.26918394761145,3.686372235769102,33.085076005506615,0.8342450073130458,0.10405149459053536,1.1986890528103862,9.610629444229335,92.28885017944862,10.189628975824723,1.2288778119497479,11.130112837764012,94.44488271337936,11.084747150252912,1.2657979770306456,10.784922728414653,40.42786704353092,3.1226583417082248,0.8734174794129136,11.307803117482555,3.0304564397235527,0.30581889740701285,0.9319697900393042,9.235184208036623,sign,sign,0.0,0.0,0.22224264338058694,0.35937976837158203,55.381412256957624,4.1372571928624975,0.948924797481198,12.702327402033198
muon,500,L2.v,v,2,spectral,0.25989776849746704,0.5667002201080322,0.8998546600341797,-0.1069962397272346,0.967849612236023,0.5667002201080322,1.0000007152557373,0.8998546600341797,0.926024854183197,0.25989773869514465,0.5389019520305675,2207.3094351039463,218.82138565933354,4.206395468885749,42.43102829402985,0.8885932856782,0.09343312505566576,1.125375052201197,10.702849922444049,101.03607610891721,9.84014120552897,1.1400026695435903,11.705258499711057,101.32855271708894,10.064329414993647,1.1697707917174176,11.77735509718747,39.495819143608855,2.7058554409284463,0.8422898051767784,12.294420946727616,3.077581010559874,0.26769063022289596,0.8824776208027931,10.145653457370951,sign,sign,0.0,0.0,0.22224264338058694,0.35776057839393616,58.437523264809286,4.167250599067327,0.9743086419223721,13.662769390971171
muon,500,L2.o,o,2,spectral,0.33178678154945374,0.6003128886222839,0.9650962352752686,-0.13844576301909295,0.9742597937583923,0.6003128886222839,1.0000004768371582,0.9650962352752686,0.9349520802497864,0.33178678154945374,0.6108097167209319,2080.752476435133,143.2096798376698,4.726908403847391,68.67920086363023,0.6916045546302029,0.04844724331691958,1.4459136657534781,20.641019145209462,81.66623152368581,5.598482410007109,1.5126486898003377,22.065322183458914,78.85856331260544,5.4243023142447795,1.5175760405064715,22.062536219210475,37.568451738847564,2.138397119064315,1.1304356102545994,19.8600696236943,2.6572757504164803,0.1682194437631019,1.1584379346027431,18.29924628877907,sign,sign,0.0,0.0,0.07654254872096597,0.4347517490386963,53.08617100801071,3.1680528511221,1.2449728798618849,20.861660555086612
muon,500,L2.up,up,2,spectral,0.4975268244743347,0.5641830563545227,0.8846383094787598,-0.13790946475078558,0.9824259877204895,0.5641830563545227,1.0000030994415283,0.8846383094787598,0.966033399105072,0.49752768874168396,0.7031825047402523,6654.958289926136,426.8628228124731,5.555902707492458,86.61869529334331,0.7391301932083911,0.049494878586925535,1.3529458120236557,20.20417319915776,225.60625456033586,14.391761920769422,2.007634120498165,31.4718112310817,88.14334065863557,5.816781001980148,1.4028544205549665,21.25785293332438,50.76779644850052,2.8171421309351214,1.2544081284706219,22.60572366237053,3.020116677204559,0.18416140138806777,1.173404096759336,19.2429969310205,sign,sign,0.0,0.0,0.2295672576701301,,,,,
muon,500,L2.down,down,2,spectral,0.4744592308998108,0.5555697679519653,0.9705783724784851,-0.09903570702000764,0.9868856072425842,0.5555697679519653,1.0000009536743164,0.9705783724784851,0.8827213644981384,0.47445952892303467,0.7060553447955339,4460.863180626253,306.5606663581675,8.162057171049234,118.76872772047312,0.5092136900387425,0.03620212308615493,1.9638139610862255,27.622715698040228,61.00554144253372,4.319120314549592,2.0364384732864416,28.763734888038538,151.943263916088,10.391102972720876,2.97448749602116,43.49426040811377,33.44656146860738,1.9528491363040723,1.8157562923280088,31.09856430502226,2.0659463136274363,0.13409856431858783,1.7223556453492312,26.53491716593585,sign,sign,0.0,0.0,0.046493069407552205,,,,,
muon,500,L3.q,q,3,spectral,0.3523041903972626,0.611073911190033,0.9516670107841492,-0.1595425713844223,0.9751561284065247,0.611073911190033,0.999999463558197,0.9516670107841492,0.9622093439102173,0.35230374336242676,0.620840245863656,2126.020681478427,139.71719160781484,4.709189824990464,71.65786003658482,0.6934371786261051,0.045608830650775686,1.4420909267361153,21.925566809970157,80.5987821326528,5.215172442994616,1.5113550621631677,23.35749751554224,82.44820927802989,5.414513527310757,1.4938201459922695,22.746788866492953,37.80341720215758,2.180714502744359,1.1928794921081052,20.678966024809775,2.6708258533793368,0.16514272703577879,1.171487646354404,18.946274831225093,sign,sign,0.0,0.028907472267746925,0.20937136419126312,0.424329936504364,52.87056024966959,3.082218056439244,1.3555563108846234,23.2524176726294
muon,500,L3.k,k,3,spectral,0.3438571095466614,0.60504549741745,0.9452681541442871,-0.07990574046985177,0.9716585278511047,0.60504549741745,1.0,0.9452681541442871,0.9650411009788513,0.34385713934898376,0.6244352934788613,2477.2296615431255,167.43931183447648,4.001673960060859,59.20393079187487,0.7219179437447906,0.050433768906971724,1.3851989809433465,19.827984734683685,84.52575173156184,5.696436799151331,1.431449247736055,21.240352170412,85.65013233186264,5.878240038935561,1.4422074731499328,21.01398719805615,39.45267776445832,2.3753868051638682,1.11560757599389,18.52906908112553,2.778753991863161,0.18098888840281727,1.1325061434601562,17.38756447824273,sign,sign,0.007906978949904442,0.02136392518877983,0.20937136419126312,0.4029592275619507,54.12342354614602,3.242317707920839,1.21809633095228,20.333461918021985
muon,500,L3.v,v,3,spectral,0.27795490622520447,0.5980517268180847,0.9383438229560852,-0.13459318506444384,0.9733190536499023,0.5980517268180847,0.999999463558197,0.9383438229560852,0.9403363466262817,0.27795425057411194,0.5597083989125151,2125.1983447096372,210.48588778434396,4.610618823687373,46.55171705490612,0.7130983322167012,0.07413656818327131,1.4023303917282341,13.488612813667356,81.18686271525351,7.854243418142535,1.4794020278826814,15.292117005304563,82.70337462019252,8.126087098840152,1.4553584170043856,14.811932348761516,32.832710458955795,2.1398416412882253,1.0836210612952817,16.6265651935419,2.5382235784350047,0.21267427362032296,1.1113097540588666,13.26325263831757,sign,sign,0.0,0.0,0.20937136419126312,0.35587078332901,48.94288424881265,3.3535841231939267,1.21698405646771,17.760911198381557
muon,500,L3.o,o,3,spectral,0.3143523931503296,0.6055135726928711,0.9571892619132996,-0.13527516846448917,0.9742267727851868,0.6055135726928711,0.9999998807907104,0.9571892619132996,0.9541940689086914,0.31435251235961914,0.6031779044731619,1591.0154439590303,130.46776055288495,6.235473334132805,76.03973834577043,0.5506009744761035,0.04782965982235722,1.816197077642679,20.907526511892026,63.9359782303598,5.302801826844967,1.916295471126834,23.104809405596583,63.67878010389587,5.160398367607538,1.9180147707138655,23.668103142381533,27.792613202863503,1.675901985883972,1.4477624761243844,24.0092218085901,2.0625104263265746,0.14934839784239692,1.4738470767539509,20.35391746099484,sign,sign,0.0,0.0,0.25906697587773214,0.45045211911201477,42.08367918532004,2.6828009387704452,1.7014248757248995,26.68935201012182
muon,500,L3.up,up,3,spectral,0.5287477970123291,0.5599482655525208,0.8955139517784119,-0.12854108435736866,0.981920063495636,0.5599482655525208,1.000000238418579,0.8955139517784119,0.9575015306472778,0.5287479162216187,0.732091811994833,4967.887803395423,325.3589799256075,7.386795149876111,112.78855601170319,0.5971996034689994,0.040527158861517504,1.674482421973827,24.674817246272045,182.75817426155155,11.967481646478108,2.508796912439972,38.31241666833716,71.46496641950482,4.781943346400586,1.7149689150263339,25.629788361065337,42.47839192141005,2.352553974790731,1.593274373511656,28.768620827238433,2.489355816546123,0.1528083263963812,1.4821144976285574,24.1446944186044,sign,sign,0.0,0.0,0.18881630199911886,,,,,
muon,500,L3.down,down,3,spectral,0.2325185239315033,0.5236367583274841,0.9382935762405396,-0.10447384144231209,0.9818901419639587,0.5236367583274841,1.0000020265579224,0.9382935762405396,0.8430705666542053,0.23251868784427643,0.5533322419153345,5085.46077273785,404.1677166915168,6.748072618653745,84.90796562047701,0.5347409836413601,0.044777606313909875,1.8700680463059538,22.332636978124448,61.52219628590479,5.056635532172856,1.9521666164298699,23.75128224975727,158.6622556520647,12.49096218318725,2.720572251749252,34.5571561098755,23.858344644430996,1.5332848020337884,1.2474629746685997,19.410876271213887,1.926638200241246,0.14343551832456528,1.4474016343661567,19.441623054279866,sign,sign,0.0,0.0,0.0374821500982844,,,,,
muon,500,head,head,4,adam,0.2901052915132963,0.2795242016132061,0.5427116980919471,-0.10041467321255737,0.9738266468048096,0.2795242016132061,1.0,0.5427116980919471,0.7850567102432251,0.2901036482590895,0.5827308968381971,9059.376494572703,678.7448785057028,0.2567109733009906,3.4263851280055517,7.165448788856216,0.6305288307439244,0.13955859981236776,1.5859703018181706,221.45396484646216,15.914877629290771,0.15929387581944718,2.2165586941775692,685.9589215611913,60.9396333111605,0.14649165679255444,1.6489639574632877,77.70653129879904,5.227029428833423,0.24266742618912515,3.6075641442433506,18.301350079463965,1.4557475980546402,0.12802340357786693,1.6094830796039545,sign,spectral,0.0,0.12979674339294434,0.1181224664438048,,,,,
muon,550,embed,embed,-1,adam,0.4330276195819561,0.35306358337402344,0.57303953904372,-0.10920951890443331,0.9856635928153992,0.35306358337402344,0.9999996423721313,0.57303953904372,0.923345685005188,0.43302759023813103,0.6889972316977608,8008.1406572738415,409.4743488555643,0.36681286448231104,7.173804712998099,5.401999475177893,0.29304071328027625,0.18511657525460987,3.4124938858433995,188.92853965776982,9.688482805284629,0.1971516325977697,3.844520425584585,564.9264774818972,30.276117501128265,0.2092099634052846,3.9036791185745554,82.5878251718939,4.079937367286273,0.34081046709056584,6.898830236589807,15.547805193449953,0.8118533292710617,0.17817752148631047,3.4122781714872548,sign,sign,0.6251662373542786,0.03034215047955513,nan,,,,,
muon,550,pos,pos,-1,adam,0.48971620202064514,0.5898531675338745,0.958911120891571,-0.11177519002763825,0.9812552332878113,0.5898531675338745,0.999999463558197,0.958911120891571,0.943539559841156,0.48971593379974365,0.722710777650366,12329.649685726066,535.4626628694308,0.7838141831444824,18.048231869402148,3.3480682510513615,0.15315452673396862,0.29867953356213,6.529349702442742,283.06764332503536,12.371012387148973,0.4336088082422861,9.921631280688414,362.08079931079885,16.375123495626152,0.3335527978549344,7.37539864611872,74.43691655543189,3.204834665828482,0.8421042952401485,19.559089217339505,11.524844266979647,0.5125056373891174,0.3160331757151432,7.106718185327379,spectral,spectral,0.051358290016651154,0.003833298571407795,nan,,,,,
muon,550,L0.q,q,0,spectral,0.33276817202568054,0.5741391181945801,0.9063103795051575,-0.10932091177219072,0.9632392525672913,0.5741391181945801,1.0000004768371582,0.9063103795051575,0.9782996773719788,0.3327682316303253,0.6268910641087343,6667.075191253295,319.46711090265086,1.4109178376810392,29.4449569031425,2.0558053612046594,0.09813756597896152,0.48642760433856375,10.189782748958088,232.39375907473715,11.124086988718263,0.4991860755578742,10.428516847657875,242.9449129297461,11.58762604032308,0.5154351955491433,10.806558501962314,110.31081729912768,4.880115171754898,0.3861301956260253,8.728141849992836,7.969802709151807,0.3686775387349713,0.39641303821413343,8.569368551017773,sign,sign,0.13579022884368896,0.08741982281208038,0.17662577489593873,0.46919143199920654,166.87007984934934,7.540112768833083,0.457530735147634,10.12560324338928
muon,550,L0.k,k,0,spectral,0.257018506526947,0.5593283176422119,0.869314968585968,-0.11558524183038021,0.9540994763374329,0.5593283176422119,0.999998927116394,0.869314968585968,0.9540807604789734,0.2570182979106903,0.5543707050456821,8135.129710820729,441.628608487785,1.1264768334376647,20.750546907794963,2.9559476347801725,0.16633618272179287,0.3383006232418464,6.01191461023818,318.23039881956726,17.33239141383806,0.3496596063473306,6.419905558454263,334.88070278128964,18.352549782118682,0.3646741550858086,6.654243622338256,137.92709245320995,6.43951010644204,0.23851988026080165,5.108828627157348,10.634394319333648,0.5472069037266493,0.2627186762395009,5.105662920473388,sign,sign,0.24033598601818085,0.10927218198776245,0.17662577489593873,0.342416375875473,201.72070386255942,9.53974651733791,0.27948070573928974,5.909700491021697
muon,550,L0.v,v,0,spectral,0.285434752702713,0.5770236849784851,0.9097403883934021,-0.11342787226566342,0.9481706619262695,0.5770236849784851,0.9999996423721313,0.9097403883934021,0.9612153768539429,0.28543466329574585,0.5922243916088268,19363.98602437829,1190.1015920193508,0.4882236561617759,7.943822710669712,6.1970630667408715,0.3789614819444011,0.16136670413103382,2.638789666013722,692.2842684223892,42.15209775557753,0.16820658077312658,2.7625379498211884,710.8983084893507,43.04913438711925,0.17307055983682618,2.8580265315187896,297.3086235093365,15.330977016761253,0.12288791515900355,2.3831251499438886,22.948259428093696,1.3015552992537363,0.13005877364412552,2.293119992824262,sign,sign,0.05381709337234497,0.00681340554729104,0.17662577489593873,0.4213603138923645,459.41864828888697,24.56115329581967,0.1479342490769895,2.7671238368985516
muon,550,L0.o,o,0,spectral,0.29885387420654297,0.5453094244003296,0.9625020027160645,-0.08594644279046426,0.9648432731628418,0.5453094244003296,1.0000001192092896,0.9625020027160645,0.8554021120071411,0.2988539934158325,0.5994361540121999,21440.82309345125,1296.9114065954598,0.41669807033219036,6.888943657939355,7.100330085539381,0.43865210642876656,0.1408385394991568,2.2797111983586955,824.4205024642065,50.13882423623247,0.1494386129158708,2.4571827964531017,771.8188471291642,46.60846511871821,0.14186161784488094,2.3491756284620005,356.260059338211,18.24666672358278,0.10737465149529848,2.09645412461524,26.733238212155637,1.5240598373733276,0.11300419112653655,1.9821846139349855,sign,sign,0.09585503488779068,0.09467514604330063,0.18894383365799144,0.4093663692474365,513.6282207279623,27.799335324801593,0.12553113519888398,2.319348029902015
muon,550,L0.up,up,0,spectral,0.39832669496536255,0.5741056203842163,0.9059747457504272,-0.12857353893835566,0.9820429086685181,0.5741056203842163,1.000001311302185,0.9059747457504272,0.969209611415863,0.3983270227909088,0.6610584454657467,22040.948259886347,1295.087767043135,1.7070311809576386,29.051765366761316,2.14478008081678,0.13303445624396484,0.46624888036136664,7.516859462847246,716.5185207100241,42.12868427884584,0.6473790368524794,11.010528284101605,255.22551515046146,15.543177064351216,0.48607534473226494,7.981561925699441,124.40615521607258,6.221786126227099,0.40983398508517715,8.194732079652189,8.54522623030958,0.4803513744578438,0.3898697909690133,6.935601189762192,sign,sign,0.060128726065158844,0.0339837409555912,0.17627041139866037,,,,,
muon,550,L0.down,down,0,spectral,0.5179727673530579,0.5582724213600159,0.9814053773880005,-0.11220992148857489,0.9860270619392395,0.5582724213600159,1.0000009536743164,0.9814053773880005,0.8725777864456177,0.517973005771637,0.7266206615888577,14493.758714678195,905.0246774626611,2.524323891855429,40.4264572197364,1.7108212189395273,0.11277710944285797,0.584515168858017,8.867056077377102,207.546887109061,13.281075848631865,0.6052602862680073,9.458562674996292,577.5479591936847,36.22508201805144,0.7735458493938375,12.332886546330796,122.2067790325438,6.007255028791867,0.5425275525927544,11.036745472100156,7.154938405428107,0.4090914804847167,0.5118057570585411,8.951393128398747,sign,sign,0.18167465925216675,0.12000232189893723,0.07415532485327254,,,,,
muon,550,L1.q,q,1,spectral,0.3248719871044159,0.5981081128120422,0.934661865234375,-0.1426947082478366,0.9710959196090698,0.5981081128120422,1.0000003576278687,0.934661865234375,0.9565828442573547,0.32487189769744873,0.607155486500102,3362.9201167210654,179.55759330877726,2.913956615141716,54.57526546070875,1.127538908661612,0.06146919682059313,0.8868876718541522,16.268316642342285,129.4733359400075,6.923989316705451,0.9240259230320181,17.278582227351723,132.3252480398651,7.191122299857097,0.9253155076501622,17.0269116501293,57.216650841404174,2.8167857909884417,0.7267748350742028,14.762791729422778,4.1887503013596135,0.219962207192079,0.7304974550935183,13.91089621360916,sign,sign,0.043531596660614014,0.03667984530329704,0.21811015700588698,0.41871774196624756,82.91016655141912,4.1178328636241925,0.8367640119053786,16.847756062214017
muon,550,L1.k,k,1,spectral,0.31074824929237366,0.573013424873352,0.9115830063819885,-0.09178223897557714,0.9721572399139404,0.573013424873352,0.9999998211860657,0.9115830063819885,0.9535051584243774,0.3107481598854065,0.601758799260596,3431.9237490971404,188.75501706581315,2.735565426124293,49.7377611417428,1.2462780327517187,0.06834843922445251,0.8023890294993942,14.630909389197921,140.12172118321732,7.639417095639958,0.8327233196366836,15.273760203967495,143.39013294353032,7.8714352115501,0.8511649844580682,15.505261365707868,62.74613740816977,3.118486313066893,0.6339158669796878,12.754832986779682,4.630542466715164,0.24385475861726139,0.6549283629585516,12.436392935418182,sign,sign,0.03876326233148575,0.04584192484617233,0.21811015700588698,0.38884788751602173,86.04021481602081,4.288606940647795,0.7022622441290117,14.08914250670735
muon,550,L1.v,v,1,spectral,0.2525893747806549,0.579384446144104,0.9067568182945251,-0.09094777872931992,0.9691040515899658,0.579384446144104,1.000001072883606,0.9067568182945251,0.9226312637329102,0.2525891065597534,0.5295595212082344,5779.3346368068815,358.00916730038745,1.6425134314198044,26.515060598043874,1.9087987799350092,0.12174384940549376,0.5238902515002938,8.213976129117537,215.30590644860814,13.166231274409425,0.5390696179967688,8.815345129725085,214.3928088856802,13.297828713402284,0.5508431106977323,8.88090862824756,84.3649756374636,4.161557829971161,0.38323314842937733,7.7690750799771875,6.644964225670201,0.3769123591831387,0.4016292557609834,7.080723068615343,sign,sign,0.0,0.05482533574104309,0.21811015700588698,0.3861130177974701,128.92878064163114,6.610999970365619,0.45682681866461394,8.909109810745754
muon,550,L1.o,o,1,spectral,0.38436251878738403,0.607059121131897,0.9738451838493347,-0.1267684698067576,0.9767006635665894,0.607059121131897,0.9999992251396179,0.9738451838493347,0.9422276020050049,0.3843625485897064,0.6533580362730083,4969.172066753537,270.5869132564346,2.0015520708509023,36.75734543451162,1.4519825845697536,0.08040945748703282,0.6887129610001033,12.436338415799934,172.87561241683647,9.340869557321698,0.7210512910991422,13.344815786985071,170.19595667365138,9.337698818290999,0.7086251366587953,12.915937363539209,82.25521985231205,3.7636206294330865,0.5981187704443353,13.07209089458735,5.693386748092844,0.2877126978335362,0.5783407734138546,11.444464286874453,sign,sign,0.0027695002499967813,0.0471663624048233,0.15543881178976274,0.47066596150398254,116.85006172013351,5.661540458710696,0.6582404378633112,13.585602072784905
muon,550,L1.up,up,1,spectral,0.4324876368045807,0.5577881932258606,0.8784024119377136,-0.14726146862507183,0.9826385378837585,0.5577881932258606,0.9999998211860657,0.8784024119377136,0.9478520750999451,0.4324877858161926,0.6556536685175581,11827.22965294169,634.4412098959699,3.0907666549078905,57.617958072496585,1.3932147821338974,0.07809647921665246,0.7177642916294861,12.804672262009431,442.30768347122057,23.7075690565847,1.0168080992456296,18.970398603023156,162.8629196565072,8.934208394771188,0.744952048438519,13.579833853416647,87.54988804503937,4.081997245742049,0.6323071193707023,13.561600897386924,5.469429522717285,0.2808072480003377,0.6041374918352826,11.767101658359952,sign,sign,0.10430115461349487,0.06750176846981049,0.21130826915075768,,,,,
muon,550,L1.down,down,1,spectral,0.581409215927124,0.5526003241539001,0.9831183552742004,-0.12258830703541346,0.9847371578216553,0.5526003241539001,1.0000009536743164,0.9831183552742004,0.8686636686325073,0.5814093351364136,0.7711607998816304,7668.4105702364395,439.7539174779787,4.722649434592465,82.353364926109,0.8510543379256418,0.05386763103523337,1.1750142254273879,18.564041790147456,101.18486653451782,6.223666274097373,1.2436558329814011,20.219456496058392,249.57165810360434,14.410732537042879,1.7820765455475434,30.862816806612443,63.429490726038246,3.0881038226641047,1.1732779904614457,24.099068453869734,3.626460775739265,0.20135248567785274,1.0716806529861322,19.3015141535962,sign,sign,0.19617867469787598,0.18357598781585693,0.0975579962383303,,,,,
muon,550,L2.q,q,2,spectral,0.31162694096565247,0.5939744114875793,0.9301021695137024,-0.15952434565269158,0.9712932705879211,0.5939744114875793,1.0000005960464478,0.9301021695137024,0.9494591951370239,0.31162700057029724,0.5876412168284095,3834.4596479370834,290.4528278701115,2.5379525803715484,33.50518853328031,1.2755837133874512,0.10604993499466325,0.7839552869414093,9.429525780442683,143.3118670386275,10.75917286932052,0.8307272814027675,11.065263021958724,146.1747979085661,11.777365299033729,0.831407183155867,10.319012265630414,63.02008422030584,3.672316803948675,0.6329452617510164,10.861879797380919,4.651890267371588,0.3309091258448704,0.6366282936962371,8.949662406008299,sign,sign,0.12266628444194794,0.10715416073799133,0.21876677059148766,0.3761317729949951,86.91072156109455,5.157867670431086,0.7220396930952133,12.166460004859228
muon,550,L2.k,k,2,spectral,0.24904824793338776,0.549808144569397,0.8680689930915833,-0.12386707122119733,0.9725218415260315,0.549808144569397,0.999998927116394,0.8680689930915833,0.9359576106071472,0.24904762208461761,0.5322243942496665,4597.056735981468,422.2453391461366,1.9595269664866966,21.33370295771901,1.6871497509931543,0.18294659570050106,0.5927149777473734,5.466070157181149,184.60119279372455,17.370384887099107,0.6019074385932132,6.396682159774454,194.89825805985834,20.111612487819027,0.6146928933603929,5.956885566996456,70.38100219301475,5.0411431698934,0.4529370069107718,6.32359752586806,5.698829102571191,0.5316895821602028,0.47066581821404935,5.044755722927673,sign,sign,0.3641383945941925,0.33084836602211,0.21876677059148766,0.30698058009147644,95.33118564281322,6.48812195386276,0.5011755201932455,7.363865367347317
muon,550,L2.v,v,2,spectral,0.21720090508460999,0.5471704602241516,0.855384349822998,-0.07542297762951422,0.9704192280769348,0.5471704602241516,0.9999997615814209,0.855384349822998,0.9114530086517334,0.21720030903816223,0.4904532071217265,4749.236626199865,394.6841652656941,1.887638272402902,22.713961210674704,1.5628640360960488,0.13729635822383127,0.6398507729945383,7.283512647517883,176.4105615701502,14.402809877385007,0.620649896484826,7.601933074827393,178.57388758292277,15.118279260648498,0.6533205200746203,7.716882529818906,66.83019426840458,3.792241558266843,0.4160052839562866,7.331208604809336,5.292480076153355,0.3897475734081965,0.4670264770626443,6.341869696008108,sign,sign,0.3979698717594147,0.20245517790317535,0.21876677059148766,0.32776764035224915,100.08741558544813,5.904781398944553,0.4913652089953995,8.32875436942402
muon,550,L2.o,o,2,spectral,0.3149973154067993,0.588733434677124,0.9536551237106323,-0.14099175461550018,0.9759355783462524,0.588733434677124,1.0000004768371582,0.9536551237106323,0.9215763807296753,0.3149974048137665,0.5915887581242771,3860.529238483234,231.59741460357256,2.498571568270196,41.649033994014225,1.2159835430871828,0.0762284449775181,0.8223799429869922,13.118468796419583,143.47364588586362,8.634316253246311,0.8508033310317391,14.13752429893521,137.43196465861604,8.278242836330076,0.8583285338779667,14.249615415448895,63.55597775820107,2.9911718244649053,0.6343962134333878,13.479557175914564,4.60486681357909,0.2516652895018627,0.647449891096957,11.846768868559868,sign,sign,0.0,0.020668422803282738,0.07039529082087854,0.4061202108860016,87.46713051630208,4.349691641626173,0.7183991399903148,14.44615308795547
muon,550,L2.up,up,2,spectral,0.48816004395484924,0.5630670785903931,0.888006865978241,-0.13399582796352694,0.9829320311546326,0.5630670785903931,1.000000238418579,0.888006865978241,0.960698664188385,0.48816004395484924,0.6954648753489149,10532.511284049246,540.2588211023403,3.5035484954461187,68.30275160932518,1.1466354394516274,0.0617907919684005,0.8721169815724727,16.183644950366944,374.70495912092343,19.241035474097117,1.2133800322459392,23.629680221365227,135.61233100921797,7.166812663314335,0.9067717375033889,17.158175439072426,80.23874447205559,3.4941402083222615,0.7787322857073241,17.882654146558185,4.702365618891577,0.22767091810128753,0.7453532174481605,15.394690603826515,sign,sign,0.003731049597263336,0.03380957990884781,0.23581549259323653,,,,,
muon,550,L2.down,down,2,spectral,0.4859120547771454,0.5538172721862793,0.9716799259185791,-0.10063701238980138,0.9862534403800964,0.5538172721862793,0.9999992847442627,0.9716799259185791,0.8726149797439575,0.48591190576553345,0.7116526189637754,7686.446330753712,398.73412408417187,4.721943950194864,91.02548931161512,0.7939653674857812,0.042724863293267065,1.2594998795865884,23.40555844216945,94.49402173435593,5.0098321621483555,1.316221155950209,24.826187084128314,247.03968735643383,12.732134081473077,1.8085307442293055,35.09065069296027,53.84975482386092,2.383612566703856,1.1550050580586462,26.093476794672718,3.246159543299041,0.15861243415651216,1.1048457000392804,22.611754444903138,sign,sign,0.27074840664863586,0.24875277280807495,0.05276573405887725,,,,,
muon,550,L3.q,q,3,spectral,0.3590289056301117,0.6008158922195435,0.9396032094955444,-0.15258805868995273,0.9714735746383667,0.6008158922195435,0.9999995231628418,0.9396032094955444,0.9663869142532349,0.35902872681617737,0.6289579610229926,3495.2538997676734,210.1419404801416,2.8163240383708055,46.84342190632448,1.0837353376209737,0.06748019559607844,0.9227340739465508,14.819155669740766,125.38862433714897,7.517678761957667,0.9591716270213314,15.998184362976236,127.254886606545,7.814263688042973,0.9720453832698007,15.829709613420178,59.11214689013907,3.001587348044574,0.7774321705363646,15.310460544086352,4.159260341093066,0.23616178448137545,0.7620949176901831,13.421947900073311,sign,sign,0.18910875916481018,0.06882372498512268,0.21266650074019008,0.4367542564868927,84.2481305587481,4.367948865711094,0.8608058781811363,16.60305288370995
muon,550,L3.k,k,3,spectral,0.3447963297367096,0.5926761031150818,0.9389156103134155,-0.11631848490760144,0.9727992415428162,0.5926761031150818,1.000000238418579,0.9389156103134155,0.9518724679946899,0.34479641914367676,0.622440920093318,3404.23491715002,210.36013410274288,2.8524486440456704,46.16086272646508,1.1408167752379619,0.07382482487284706,0.8765651593876589,13.545582263702485,130.08237033322095,8.029443015447876,0.9238853644214756,14.967563489634351,136.86593590353715,8.738997141978214,0.8902118346612753,13.942066111688867,62.1657550385807,3.3417951780141117,0.7099396443203517,13.206654408790856,4.406959955378493,0.26281164339600566,0.7118071645596792,11.935946328828793,sign,sign,0.26229721307754517,0.20197533071041107,0.21266650074019008,0.4164775609970093,83.03952774568903,4.349938911532248,0.7977075317279376,15.228088959652535
muon,550,L3.v,v,3,spectral,0.28065672516822815,0.5978632569313049,0.9292198419570923,-0.13832422347468398,0.965836226940155,0.5978632569313049,0.9999994039535522,0.9292198419570923,0.9489293098449707,0.2806566655635834,0.5596277856751176,3808.719800200125,280.61589775713253,2.571833087077661,34.90675930998113,1.1661830940886428,0.09068972601931785,0.8574977711669187,11.026600783208254,134.2594140647415,9.701838437765,0.8858979506133808,12.25954653166827,135.05545776203613,10.04414112448156,0.8993561139466908,12.092915676393952,54.39007518527846,2.75599238558887,0.6604891254473222,13.034888405347614,4.135653894563764,0.2644214821966667,0.68195904825694,10.666102354570208,sign,sign,0.22811566293239594,0.05464926362037659,0.21266650074019008,0.3802300691604614,80.136477979332,4.258645847177979,0.7639731608054368,14.375959066484668
muon,550,L3.o,o,3,spectral,0.30588454008102417,0.5983180403709412,0.9519495964050293,-0.09264033194146226,0.9738852381706238,0.5983180403709412,0.9999993443489075,0.9519495964050293,0.9489904642105103,0.3058844208717346,0.5941215465654666,3233.19189385438,179.62160868704206,3.031939673011877,54.5749636978097,0.9824999350919374,0.057044135323976966,1.0178111047461114,17.53027438613106,114.23139555977453,6.381986545673929,1.0666905340929922,19.092730369737346,114.39134149768402,6.275080948121828,1.0618878826716498,19.357643418974906,48.27033176867203,2.0886637391581386,0.8111236913372565,18.745578310303063,3.5915148692465313,0.18008727942495809,0.8336832878428772,16.626304390242616,sign,sign,0.26901376247406006,0.19210802018642426,0.2363513953946366,0.46265479922294617,72.69202155633235,3.292701083147551,0.9735505253363107,21.4927969429512
muon,550,L3.up,up,3,spectral,0.5243051648139954,0.560780942440033,0.8976147770881653,-0.11335651446054251,0.9820865988731384,0.560780942440033,0.9999991059303284,0.8976147770881653,0.9550676345825195,0.5243049263954163,0.7270569381588575,8551.025836931214,403.1941047492032,4.297886656478551,91.15048908418503,0.9666775829719259,0.04696638618085744,1.0344701517293489,21.29180435725983,305.4278233269056,14.37041383105441,1.5047049769832008,31.98089987332116,115.73546488494014,5.549244651665203,1.0562765471076436,22.029783312919612,68.6756934714913,2.773902192561935,0.9772166422530915,24.19372635364282,4.013817871013714,0.17797163898238028,0.9128810016893405,20.588325755950002,sign,sign,0.15643095970153809,0.11932574212551117,0.19340373521079543,,,,,
muon,550,L3.down,down,3,spectral,0.2489100843667984,0.5348933339118958,0.9309272170066833,-0.11951844123525657,0.9813300371170044,0.5348933339118958,0.9999991059303284,0.9309272170066833,0.8762549757957458,0.2489100694656372,0.5715751973096898,7061.1725977391125,371.8566981916159,4.964440260598366,94.2695659422718,0.8604625710036398,0.0467841325182381,1.1621645608174842,21.374749345635372,98.92413394325122,5.291629933072607,1.2045461408356832,22.518332779115088,262.47598563047194,13.746861946017573,1.7092708368339853,32.6359971729688,38.85460537106114,1.7407892249434023,0.8199923548467705,18.302318797897126,3.1069973858755926,0.1544100537008808,0.9271194718709612,18.655247546753525,sign,sign,0.538498044013977,0.5077234506607056,0.038966317586658056,,,,,
muon,550,head,head,4,adam,0.33345735990084135,0.29906246478740983,0.5661925682654747,-0.14547758200307703,0.9632620215415955,0.29906246478740983,1.0,0.5661925682654747,0.8015645742416382,0.3334575359637921,0.6179022595239799,13733.820548116631,711.4274183456389,0.18117316287290983,3.497475136419871,10.448756445393878,0.6822958837715907,0.09570516886158541,1.4656397961427037,313.8387808249579,16.007648557596298,0.11726567647413304,2.2990582785996714,977.0187229699612,63.24027365027517,0.10501361242192302,1.6223880698290314,135.00952871355688,6.387210882722498,0.1605422544773622,3.3934583519437362,27.824916830657717,1.5963084786864674,0.08928743781261184,1.5563505201718684,sign,sign,0.5253002643585205,0.077231764793396,0.11786047533007013,,,,,
adamw,50,embed,embed,-1,adam,0.27374437772310695,0.4065568190354567,0.6390217707707332,-0.0866512984167116,0.9747314453125,0.4065568190354567,1.0000001192092896,0.6390217707707332,0.940692663192749,0.2737444070669321,0.5876349696179223,2607.1444115300637,1462.3294531450513,1.2974167136333923,2.3131263116530265,2.449573463144478,1.5576098426089524,0.4082343862125309,0.6420093734990256,56.842586765839584,31.949445919036126,0.7307270387113979,1.3000668370073178,169.2255272619637,105.25953327568696,0.7115277631977913,1.1439216681049458,15.77351218029353,8.576794823715442,1.128054700096021,2.0745960370652674,4.989186507791791,2.9872899699301527,0.4735680921404107,0.7909240681723577,sign,sign,4.940158367156982,1.0251933336257935,nan,,,,,
adamw,50,pos,pos,-1,adam,0.19653329253196716,0.5895894765853882,0.9213436841964722,-0.03349097865542572,0.9660826921463013,0.5895894765853882,0.9999995827674866,0.9213436841964722,0.9475206732749939,0.19653324782848358,0.4991121285227457,3521.7784224033053,1380.279053602956,2.74288522041174,6.998464520025744,1.1821784060204028,0.48527687145506704,0.8458956598046911,2.0606784324360263,76.74229571543053,29.96457087423009,1.5367274392527186,3.9357143498614704,105.44387354725842,41.37175657039931,1.1502104588830577,2.9315324325865,11.60193306499816,3.8437851397045772,2.1682817333808804,6.544658096752152,2.6043824241999363,0.958935933494061,0.9658207377255558,2.6230809237641655,sign,sign,0.47868889570236206,0.3839358985424042,nan,,,,,
adamw,50,L0.q,q,0,adam,0.11141759902238846,0.5819194912910461,0.8772364258766174,-0.1585543906640825,0.9110093116760254,0.5819194912910461,1.0000001192092896,0.8772364258766174,0.9479851126670837,0.11141712218523026,0.4135600530122398,983.4375695223433,568.3792341160513,9.694737358817049,16.774309075770738,0.29784704168598597,0.16831594083761162,3.35742840871849,5.941208623692232,19.503634234206633,11.117370055144205,5.757196897964417,10.100074204172971,24.198481871424733,13.795872154139898,5.014450702573867,8.79553630721158,1.3713512827060652,0.6965927431207493,10.399565467350861,20.47316395997135,0.5195074459057916,0.286398016856326,4.011901192188408,7.2773288183268505,spectral,spectral,7.672938823699951,6.368918418884277,0.09244983948213217,0.1616514027118683,2.547360427146657,1.368282446788215,9.24010209009554,17.20249387277839
adamw,50,L0.k,k,0,adam,0.07090897858142853,0.43189966678619385,0.6737147569656372,-0.055566183853603235,0.8884906768798828,0.43189966678619385,0.9999998211860657,0.6737147569656372,0.8658487200737,0.07090868055820465,0.3424447722692135,819.4662914100882,505.7595430643613,8.635186358243761,13.991321049031596,0.2770322610125457,0.1776976956212379,3.6096872527809305,5.627533985120225,15.19916495975826,9.37704595318451,5.673699122282118,9.196445162169157,23.291456424919375,14.645319702854797,4.758338600537611,7.567512244053633,1.2017821546619551,0.6585637428184222,7.552406495524366,13.78203317454227,0.465881833694649,0.285819379306274,3.704401810105554,6.038126288786148,sign,sign,5.168776988983154,3.967792510986328,0.09244983948213217,0.11932622641324997,2.2803991196126847,1.2398336704189354,7.398466347902192,13.607838332491347
adamw,50,L0.v,v,0,adam,0.10393374413251877,0.5631352663040161,0.8584928512573242,-0.06088128479370403,0.8677236437797546,0.5631352663040161,1.0000009536743164,0.8584928512573242,0.9211702942848206,0.10393363237380981,0.4021887610989275,4263.0987905828115,2752.742254864883,2.164249213155966,3.3517152529697607,1.7749142859720461,1.1867833323559915,0.5634080257158208,0.8426145922433235,92.8732951887698,60.53940444057451,1.1831935621276954,1.8151332339055744,132.43972406661683,86.43877968926816,0.8902902697769796,1.3640844779660415,7.49497902996037,4.209223331822513,1.7749918745839741,3.1605656981371815,3.0131583083514206,1.9155172692799387,0.6726841607039661,1.0581496185014767,sign,sign,6.042725563049316,3.858680486679077,0.09244983948213217,0.19558842480182648,15.945271855308873,8.846600266841042,1.80651101825296,3.2560880368499054
adamw,50,L0.o,o,0,adam,0.09446556121110916,0.5276062488555908,0.8849127888679504,-0.03965178330270591,0.879880964756012,0.5276062488555908,1.000000238418579,0.8849127888679504,0.8378376960754395,0.09446510672569275,0.39381127640523084,5720.2137987274255,3949.6884878850096,1.5111849111606799,2.1886031791532186,2.9235061726469853,2.1445081286564425,0.3420551144289749,0.46630750662861326,215.06992341987012,151.7809733127626,0.5266605166077483,0.7462650588074294,143.3161598895323,98.49103454850815,0.7482982043359174,1.0888628146639836,12.659214355143263,7.15610552828035,0.9551613907053911,1.689688999262419,4.977851595953661,3.336219445728854,0.39870292479024544,0.5948901212177089,sign,sign,4.9080986976623535,4.189881801605225,0.05328840065055908,0.22005532681941986,24.568691661350734,14.119147894819172,1.2034404550840196,2.0941035318855237
adamw,50,L0.up,up,0,adam,0.22485409677028656,0.5566007494926453,0.8684868812561035,-0.12236791435313676,0.9800967574119568,0.5566007494926453,1.0000014305114746,0.8684868812561035,0.9537827372550964,0.22485415637493134,0.5284531707564869,4379.295924101814,2687.388823915475,8.32950943506551,13.573542612863566,0.5038861908404747,0.32228160306882486,1.9845779636141387,3.102880899776086,114.68106106030015,69.95315337533027,3.8774081709037964,6.356615273900447,38.93624193625873,24.155842478232444,3.1354898238127973,5.054023285615729,4.30042623195992,2.0627852139883847,6.69267095529738,13.952658542858439,1.1004847644115774,0.637222829556445,2.4200572577929784,4.179442445680495,sign,spectral,4.533487319946289,3.9616594314575195,0.09327329988426113,,,,,
adamw,50,L0.down,down,0,adam,0.13086460530757904,0.5577787756919861,0.9329240918159485,-0.10026088143253475,0.9614302515983582,0.5577787756919861,1.0000019073486328,0.9329240918159485,0.8633297085762024,0.1308647245168686,0.4414619313405415,7570.121562927814,4995.162614512805,4.828798261677079,7.317997964179449,1.1084887602896891,0.7509130753047001,0.9021308498313464,1.3317146021766357,73.11889979234738,47.61777607250555,1.633152086417735,2.5077669223907977,178.9293323953951,118.33699359562726,2.470387637809079,3.735305396564926,5.274940429346157,2.922262659892535,3.175521119626269,5.732094163902151,1.9939553426358592,1.2640865717788794,1.11578615571069,1.7600280044804049,sign,sign,8.632502555847168,7.202305793762207,0.014656897730863885,,,,,
adamw,50,L1.q,q,1,adam,0.04604719951748848,0.493854820728302,0.765049159526825,-0.0005144907425855827,0.7455704212188721,0.493854820728302,0.9999997615814209,0.765049159526825,0.8536399602890015,0.04604633152484894,0.31516390917994747,92.14863979026941,66.5288284376115,87.8072362351562,121.62122154909531,0.03876489001953258,0.029215655317964422,25.796532921350945,34.22821602658116,1.8701628811390116,1.348670494888346,52.362440409357376,72.60950157253995,2.690447900439187,1.9690188315095534,40.61253700514167,55.49256978574613,0.08617728000293931,0.05592435446974985,68.3943788668834,105.39310813907888,0.05224829790460588,0.037524032012835905,30.399585002210575,42.32824907591396,sign,sign,7.7457275390625,8.053142547607422,0.04007505337912056,0.07683578878641129,0.1720008896827547,0.11458394908372718,77.34099015852188,116.09583386317537
adamw,50,L1.k,k,1,adam,0.041604265570640564,0.43987706303596497,0.6878588199615479,0.05031383866266448,0.744996190071106,0.43987706303596497,0.9999989867210388,0.6878588199615479,0.8403691053390503,0.04160349443554878,0.30709799654112163,69.18778723837256,48.18825163975001,104.1649991775452,149.55815070153557,0.03499017000651817,0.025667713925792767,28.57942635130819,38.95940984896858,1.6298980130598208,1.1446358983898088,54.019287249629066,76.92046796621946,2.338969008433829,1.6472288140062226,45.98917091057369,65.30194504173608,0.09612664019069575,0.062107059797288165,55.39924334663775,85.7445699313489,0.05187582143745791,0.03627891910358796,29.834274890531685,42.66051897847728,sign,sign,8.420327186584473,6.303617477416992,0.04007505337912056,0.07038409262895584,0.1558183421865195,0.10059790850950888,74.53378864970428,115.44704612998561
adamw,50,L1.v,v,1,adam,0.04606587812304497,0.5512633919715881,0.8062495589256287,-0.021561636230552295,0.7568334937095642,0.5512633919715881,1.0000005960464478,0.8062495589256287,0.8706378936767578,0.046064939349889755,0.3056000521500798,689.7924050990202,464.5809185433992,13.093648679367474,19.440960774670252,0.5807236166205088,0.4010250624367363,1.7219905776622275,2.493611222127053,26.31520733924459,17.73487412248443,3.92168460662575,5.819040091840441,26.418896768945753,17.99103165214176,4.218255264982138,6.194289051643034,1.7902506469535469,1.1460322873975917,3.2936359164540105,5.145085260774671,0.9056839839609171,0.6108018704613786,1.700513008795812,2.5214844142834703,sign,sign,3.8815999031066895,3.640568733215332,0.04007505337912056,0.12386705726385117,4.621296495363159,2.8506318528767407,3.9169169202186613,6.349902537491165
adamw,50,L1.o,o,1,adam,0.047183774411678314,0.5138811469078064,0.8027506470680237,-0.04882577908770935,0.7834904193878174,0.5138811469078064,1.000000238418579,0.8027506470680237,0.8047494888305664,0.047182921320199966,0.30149175746179624,1275.353210203684,855.2962166299321,6.601644660927188,9.843874610029289,1.073397811224801,0.7442277505649477,0.9316212758786311,1.3436750210664317,39.00089925190443,26.163629495333648,2.6346080422668616,3.927287031909435,39.10808023221178,26.411974249666315,2.6339297137236852,3.9000467589663006,2.514024669620347,1.484541385914348,2.4023334304800867,4.068276954879769,1.4793360056243343,0.9828610563199378,1.0270982115058465,1.5459187805059993,sign,sign,5.1635894775390625,5.133615493774414,0.025410895002693303,0.1202603280544281,7.19060563795248,4.42134929231034,2.445181575941329,3.976690205490131
adamw,50,L1.up,up,1,adam,0.09493347257375717,0.5332536101341248,0.8371304869651794,-0.04655335802170146,0.9466717839241028,0.5332536101341248,0.9999998807907104,0.8371304869651794,0.9032292366027832,0.09493136405944824,0.3945297702684787,3568.378248745773,2286.2319563991437,9.793611034938186,15.28598552562997,0.4431402818795305,0.29228186349735136,2.256621484621803,3.4213545405282133,84.59477577320422,53.95991769814708,5.06663449850926,7.943133118249546,31.975157937745113,20.620992148805044,3.615723885093945,5.606584855416662,1.8648559920982548,1.0938614112773624,6.516044935696569,11.108797986506604,0.7746425496336325,0.4879546873172238,2.5667398818504186,4.074775748655369,sign,sign,8.675209999084473,8.178827285766602,0.04008690657654308,,,,,
adamw,50,L1.down,down,1,adam,0.11302780359983444,0.5251060128211975,0.9185290336608887,-0.03558751787438463,0.9475836753845215,0.5251060128211975,1.0000005960464478,0.9185290336608887,0.8054570555686951,0.11302778869867325,0.41155531912259435,6513.1323369362735,4497.111346899194,5.283686232059238,7.652322791602295,0.9363784999522882,0.6757256855169957,1.0679448493289854,1.4798913486340988,58.08167795482222,40.485225400220955,2.024247928925965,2.904064758101905,178.04731776290595,122.75792180920075,2.3162045777085516,3.359408552811317,3.5460934411760245,2.1442150332580003,4.079859404572842,6.74725363411594,1.5646867312387804,1.063232277789503,1.3255751143663461,1.9507588661825592,sign,sign,11.357123374938965,10.897257804870605,0.010262304609024664,,,,,
adamw,50,L2.q,q,2,adam,0.03503786399960518,0.47865012288093567,0.7498522400856018,-0.14751882493520552,0.6751262545585632,0.47865012288093567,1.0000007152557373,0.7498522400856018,0.7836722731590271,0.035035792738199234,0.2852987862866468,73.11919587913403,53.94316066364192,107.25232299113911,145.37901592716557,0.02631623096132929,0.01987116258171606,37.999389681797545,50.32421787821626,1.7802109115495517,1.2965459478137311,53.9155704013813,74.02829563641983,1.5923363552725118,1.1648636522670872,62.99551638836284,86.11312643254814,0.059867154636132694,0.03821361412421914,74.91336371451247,117.36262147911177,0.03580119586548459,0.025347299291742276,40.16115051915551,56.72467111270948,sign,sign,3.220724105834961,10.567434310913086,0.039330763877265425,0.05573435127735138,0.14635066151088655,0.09960227500857066,70.38989113958809,103.42742804892325
adamw,50,L2.k,k,2,adam,0.0485982708632946,0.5540838837623596,0.8589338064193726,-0.1665695725118851,0.726409912109375,0.5540838837623596,1.0,0.8589338064193726,0.883074939250946,0.0485972985625267,0.33180637957759235,64.42242704569657,43.8248502852577,140.9153732305545,207.14526786680884,0.029574863944079075,0.019697559062215167,33.81249705462132,50.767711717044655,1.3090702031757542,0.8803063990905133,83.98596725749383,124.89234127488747,1.9120052784436095,1.293625568879439,59.1178243587965,87.37736400961275,0.09165477648986589,0.061540276590794855,67.86966686920748,101.08142978787548,0.0446981641729291,0.03008766352430312,37.41091830992054,55.577574746744936,sign,sign,5.902092456817627,7.78921365737915,0.039330763877265425,0.115340955555439,0.21280166262661981,0.13808599328681861,74.94772886356559,115.50050032321646
adamw,50,L2.v,v,2,adam,0.03791641443967819,0.5373361110687256,0.7876576781272888,-0.20177531464298792,0.7280052304267883,0.5373361110687256,1.0000001192092896,0.7876576781272888,0.8398150205612183,0.03791525587439537,0.2863915829282332,1155.446927714122,787.6305125225304,7.619315636735324,11.177467992643527,0.6678506435061663,0.4570178281320195,1.4973409532996227,2.18809870787014,27.60791830888881,18.877408637753415,3.6518574733623543,5.3407851011213525,33.11855125430176,22.566638262099307,3.2458038942109004,4.763506260140489,1.4780453590512692,0.9723696309638452,3.28359444139875,4.991210513542276,0.9162158126240553,0.6228693591320268,1.5753095210943215,2.317217040528575,sign,sign,10.478659629821777,8.657244682312012,0.039330763877265425,0.07602575421333313,3.2292472422468195,2.0525678232744826,4.415162500571017,6.946251016590112
adamw,50,L2.o,o,2,adam,0.05902477726340294,0.5540210008621216,0.8670734763145447,-0.036450053782606795,0.7852722406387329,0.5540210008621216,1.000001072883606,0.8670734763145447,0.8522533774375916,0.05902433022856712,0.3340445086589635,1516.459672371905,1072.2318327327491,5.9857048911346755,8.465594660616123,1.0111715101884533,0.7340554412789259,0.9889529746513868,1.362296383419391,43.24560774314448,30.598572925591924,2.5663971617061088,3.6271431755379724,45.74298480801242,32.38322985732899,2.3848122891382375,3.368670536960746,2.1147543340791515,1.3217920485322463,3.5726014265521533,5.7158570133085576,1.3358134806824928,0.9319835431843912,1.2602643567641003,1.8063388879561606,sign,sign,10.044938087463379,8.549332618713379,0.021764816477399963,0.15490272641181946,5.027306801295821,3.2641813496810324,4.1115340027601155,6.3323512518245275
adamw,50,L2.up,up,2,adam,0.09355784952640533,0.5299807786941528,0.8237740993499756,-0.06359116492052364,0.9373128414154053,0.5299807786941528,1.0000009536743164,0.8237740993499756,0.9184679985046387,0.0935579314827919,0.39562561829141024,2888.4687578816597,1874.2411199096202,12.024648083080635,18.531671268729227,0.35388867664454576,0.23190351153310573,2.8257500724690923,4.312142352064211,71.60158989946224,46.28892718697282,5.890544322541016,9.111732859211472,26.865936502986244,17.43580046152945,4.3759466116331405,6.742673160775618,1.5380436669110376,0.9230193827983426,7.786133501982947,12.974173181653617,0.6305724807838928,0.4002959324902223,3.1619326268985173,4.9808842378472855,sign,sign,11.90548038482666,12.389313697814941,0.03930901801617638,,,,,
adamw,50,L2.down,down,2,adam,0.11401846259832382,0.48040300607681274,0.9201818108558655,-0.07632485923816767,0.9472171068191528,0.48040300607681274,1.0000042915344238,0.9201818108558655,0.7359381318092346,0.11401868611574173,0.4074920618768005,4044.856425771706,2807.8587193163034,7.783636325297583,11.212704966123113,0.6259554186709498,0.45608471390841426,1.5975647174005898,2.1925845375629787,38.38903664933663,27.035849488835133,3.0681486713365103,4.356558939943469,117.32159499125434,81.5113327189428,3.2116876992203904,4.622674061600293,2.3831265455156383,1.46104050604934,6.12405159219462,9.989038534550696,1.044166906612025,0.7166401143691945,1.966764678553348,2.86563722747575,sign,sign,11.680668830871582,11.077902793884277,0.009290598004898183,,,,,
adamw,50,L3.q,q,3,adam,0.029289955273270607,0.45332273840904236,0.7154067754745483,-0.22645499097101462,0.6302276253700256,0.45332273840904236,1.0000004768371582,0.7154067754745483,0.7574172616004944,0.02928701974451542,0.26844664577858773,49.6966625291647,33.29144041689122,149.45147959855538,223.0975786294113,0.01623731820238364,0.010796622954764032,61.586554157099535,92.62159853381802,0.9567948232084961,0.6331911707910004,95.70710986255789,144.6199370505242,1.004315523573626,0.664493578236126,96.5328198252787,145.89969363167054,0.03938938762265011,0.0244831905911791,95.18085183217411,153.1301834664588,0.022433574776447165,0.014499549480803694,60.30638818658594,93.30551067620044,sign,sign,4.996072292327881,4.3223466873168945,0.03920473443065114,0.043241795152425766,0.09382546042647229,0.06001523722816681,90.28104068078537,141.1418266573184
adamw,50,L3.k,k,3,adam,0.027908988296985626,0.4686485528945923,0.7045754194259644,-0.19524427004210498,0.6651065349578857,0.4686485528945923,1.0,0.7045754194259644,0.7883409857749939,0.027906382456421852,0.26277918983940773,45.52667964331262,30.5785334188848,168.6557849327557,251.1022286596317,0.015189091106344066,0.01020802044296788,65.83672406720423,97.96218626196834,0.771595283496189,0.5168111924433315,116.88206967502657,174.50406455044472,1.1336031158858595,0.7566960006732021,89.01496896499306,133.35295295524983,0.04018271193571795,0.026028722271930316,88.90266712984496,137.24647050570155,0.021873778684024982,0.014445046327091017,60.54391196611827,91.68015809878395,sign,sign,5.140153408050537,4.177745342254639,0.03920473443065114,0.04453359916806221,0.0912047726334807,0.060147828358717445,98.60608168786462,149.52069768810995
adamw,50,L3.v,v,3,adam,0.023308750241994858,0.5603353381156921,0.7820383310317993,-0.201851052693936,0.6702210307121277,0.5603353381156921,0.9999988675117493,0.7820383310317993,0.7927154898643494,0.02330634742975235,0.2412428241547571,1068.9805300266476,728.1269041499249,8.588121038517556,12.60842598640907,0.5911945421837975,0.40168996235269766,1.691488666011497,2.489479352819167,32.477539484266295,22.165738956992207,3.0821579455107453,4.516019365124453,32.42776297452898,22.10023213757027,3.1290343025615552,4.591245108694691,0.91105854098027,0.6143394061010241,3.274780443751798,4.856463159429194,0.6854033590134321,0.46758673075907636,1.773827274595657,2.600131894983004,sign,sign,16.414112091064453,16.50995635986328,0.03920473443065114,0.04321911185979843,2.820714836545757,1.8827956920405924,3.1428862013099335,4.708522424969907
adamw,50,L3.o,o,3,adam,0.058976419270038605,0.5194001793861389,0.8541444540023804,-0.04448233541205293,0.7813932299613953,0.5194001793861389,1.0000001192092896,0.8541444540023804,0.7816798090934753,0.05897532403469086,0.32570505978854597,1266.3186424743074,929.2388544325443,6.720151037526211,9.15787420905811,0.8688870098862036,0.648764930489102,1.1508977667191245,1.5413905287010388,28.965487341289982,21.42387500948901,3.7745089120753472,5.103207989398757,34.38607504240179,25.37263435847223,2.9097538884733445,3.943422434988713,1.6727205641408094,1.1535011338318815,4.512995984840604,6.544407255717548,1.1193184711080193,0.8259129948266916,1.4664732923727668,1.9874377250643314,sign,sign,12.776639938354492,15.37993335723877,0.02800646229087638,0.13258029520511627,4.885440299360388,3.4357043138881718,4.215150659046856,5.9937832293484385
adamw,50,L3.up,up,3,adam,0.0890084058046341,0.530853271484375,0.8222988843917847,-0.08442884346250024,0.9270275831222534,0.530853271484375,1.000002145767212,0.8222988843917847,0.9252943992614746,0.08900660276412964,0.392183967637626,2615.267160150348,1793.7300173933809,13.302656237231217,19.395338017789467,0.3550642790308986,0.2441830658255359,2.816397494269451,4.095296872395297,74.7642073258991,51.11130143792575,5.631264529741749,8.23725902029545,29.487327731668252,20.115253830802306,4.0165621036683925,5.887953694330529,1.4672476318478205,0.932635636879902,7.764938987436677,12.216012224103329,0.6180907981885052,0.4134224949219888,3.197723489871856,4.780783553188083,sign,sign,16.26447105407715,15.201208114624023,0.039000428470147584,,,,,
adamw,50,L3.down,down,3,adam,0.12584403157234192,0.49509695172309875,0.9332571029663086,-0.08716669575741731,0.9346621036529541,0.49509695172309875,1.000002384185791,0.9332571029663086,0.7493394017219543,0.12584421038627625,0.42540844850486764,2576.0358297260536,1826.824287120503,12.59558328098857,17.76124505070406,0.5396713815521075,0.3978291037432213,1.8529839053346888,2.5136481337756584,35.039531316395056,24.983678699880425,3.4092039673999124,4.7813979124002755,99.03198433495969,70.4665859652599,3.8741198235912013,5.444591481568105,2.1273256455818648,1.3111622664059104,7.571976092563625,12.285328324462792,0.9133962506282164,0.6335700048160707,2.3472006096182874,3.383879003110322,sign,sign,11.933037757873535,12.174099922180176,0.011329513759350892,,,,,
adamw,50,head,head,4,adam,0.1453797853910006,0.33758175189678485,0.5233973576472356,-0.06561315801892775,0.9252734780311584,0.33758175189678485,0.9999998211860657,0.5233973576472356,0.8997825980186462,0.14537981473482572,0.46301024901063775,5277.3065473259985,2876.157459785625,0.5322185002128411,0.9765390855862931,7.459342566554518,5.26191777271826,0.1340600478210732,0.19004474497317633,122.15891136097021,66.41633780739261,0.27849649172577656,0.5122358348894623,579.1502008293164,392.54975030486304,0.19886408116834886,0.29339509821861154,31.481288951684864,17.638226691231488,0.3001683035038176,0.5357502918044735,12.318131728257242,8.060378359093576,0.15112978816185627,0.23096144569207375,sign,sign,8.23498821258545,1.295649528503418,0.03870604638975218,,,,,
adamw,100,embed,embed,-1,adam,0.3231687692495493,0.4158861306997446,0.6564275888296274,-0.12570004628806564,0.9735419154167175,0.4158861306997446,1.0000003576278687,0.6564275888296274,0.9358751177787781,0.32316891596867486,0.6168436823591412,1101.0121997435876,589.7538741183666,3.1427195886001145,5.86714688834312,0.9847200967365287,0.6463961304493968,1.0155173647232147,1.5470395172889324,26.080555534348573,14.15952569687122,1.6360001694646231,3.013363172422783,91.98433802365328,58.396856016142905,1.3023088239747915,2.0513435696361624,9.07796065106422,4.718417409355086,2.3139535789352985,4.451912095847189,2.255964007072524,1.3500579347269903,1.0993789240027512,1.8370761867977656,sign,sign,0.7509778141975403,0.21983976662158966,nan,,,,,
adamw,100,pos,pos,-1,adam,0.24439381062984467,0.5839840769767761,0.910971462726593,-0.09688953750233242,0.9691004753112793,0.5839840769767761,1.0000008344650269,0.910971462726593,0.9653740525245667,0.24439387023448944,0.5553464374525618,1563.6202372976595,587.6553348749757,6.1191297534774,16.28164427235754,0.4930735995029186,0.24054517112960172,2.0280964859468362,4.157226810120595,38.456564362738014,14.41225712592338,3.032105159710683,8.090637449096521,47.47555559790935,22.349142415150798,2.6027684598300103,5.528976299304269,6.277382525912065,2.199979767716297,4.983353373939802,14.21941049143718,1.2268136626876256,0.519030027971477,2.2813331406752244,5.392309722543146,sign,sign,0.11754697561264038,0.0,nan,,,,,
adamw,100,L0.q,q,0,adam,0.14496275782585144,0.5339381098747253,0.8390981554985046,-0.10939074792198666,0.9041953086853027,0.5339381098747253,0.9999998211860657,0.8390981554985046,0.9301759600639343,0.144962340593338,0.45887235636416845,602.7787577763921,325.38029710934785,14.512857129302969,26.885592243612766,0.22864449584694568,0.12554339535347944,4.373601111550326,7.9653718012840935,14.265706852562259,7.684782823774583,7.52886380000986,13.97626535020986,17.94911998116841,9.860043609513088,6.633334838315185,12.075253173658446,1.3984741361610056,0.6869047573332018,13.268193449219572,27.01280661434368,0.4412784778920546,0.23540928232743333,5.2406186947444295,9.82362385189589,sign,spectral,2.6016483306884766,1.3350015878677368,0.11404391554845413,0.2163475602865219,2.214298592864463,1.1298064986361633,13.729102116199186,26.907555881374282
adamw,100,L0.k,k,0,adam,0.13209320604801178,0.5512734651565552,0.8720600008964539,-0.10399253631651373,0.8816401362419128,0.5512734651565552,1.0000008344650269,0.8720600008964539,0.9131298661231995,0.13209281861782074,0.4449377621962153,566.2479721469011,353.759742593814,15.950722823572109,25.531634512453817,0.23352365606832884,0.1481152310818615,4.282224984403411,6.7515057510347365,12.628449903527567,8.012887835429458,8.83906425313258,13.930518236034128,18.17798187576305,11.068930848783896,6.4297909230291435,10.559341679924831,1.3549784807776806,0.7280951816092787,12.478378386598864,23.222148169517983,0.4396179252791403,0.26503180997126674,5.100670194308615,8.460667602874556,sign,spectral_head,0.8985939025878906,0.6478787064552307,0.11404391554845413,0.21225214004516602,2.0220902764367445,1.1112255300964988,14.774114728144164,26.884365887586206
adamw,100,L0.v,v,0,adam,0.1238667443394661,0.5570362210273743,0.868108868598938,-0.15125306645965597,0.8570069074630737,0.5570362210273743,1.0000005960464478,0.868108868598938,0.9255742430686951,0.12386635690927505,0.4362054184099608,1523.619781290945,1317.4241994838317,5.989999314382582,6.927519206712816,0.6059929719948856,0.5399912470058615,1.6501851378812484,1.8518829732726998,37.57766444173344,32.14869087670559,2.957020794971425,3.456375116698089,38.520764976903465,33.18239392818999,3.075575035538056,3.57037238992405,3.57949867831931,2.326572821681773,4.429375900829974,6.8147212221534845,1.159169380944158,0.922481979574126,1.8964763499209136,2.3830680329689997,sign,sign,1.6499621868133545,1.0563421249389648,0.11404391554845413,0.19046950340270996,6.644551304870154,4.587654807611157,4.731412660357827,6.852763663495846
adamw,100,L0.o,o,0,adam,0.09509268403053284,0.5473656058311462,0.8796926140785217,-0.10244690937811063,0.831637978553772,0.5473656058311462,1.000000238418579,0.8796926140785217,0.8823959827423096,0.09509269148111343,0.4047306327217954,2249.7061375743583,1812.39584734823,3.9863153396589266,4.948167421073548,0.7952008760293737,0.6776911165843869,1.2575441860826626,1.4755988590475466,57.97574456246787,46.37612127549533,1.942202820366119,2.4279877554474965,51.47363984908565,42.076580664462114,2.1942626579771964,2.684312365866992,3.9776782069426533,2.498181349531179,3.0600425364569976,4.872290200976303,1.4683646429702268,1.1201341621185597,1.3891061366537016,1.820955386752477,sign,sign,1.8600752353668213,1.6798137426376343,0.06340586583391725,0.2078416496515274,9.248636439299222,6.222735772372541,3.123138577667256,4.6418125903137355
adamw,100,L0.up,up,0,adam,0.2405584454536438,0.5437238216400146,0.8493709564208984,-0.1404167524238823,0.9798629879951477,0.5437238216400146,1.0000015497207642,0.8493709564208984,0.9504095315933228,0.24055859446525574,0.5360539961084262,1424.3198215085818,769.4861605142601,25.017895445180606,46.308154978623094,0.17598000436617622,0.101166888503382,5.682472581600679,9.88467239147455,42.98190044182177,23.128305589226922,10.117698966711112,18.80284433331184,13.079410010094731,7.284313127038552,9.301063270442135,16.700602777822002,1.5621601341086917,0.6594817887420572,19.71085111013096,46.69045656640884,0.4064493425009865,0.2086775367061579,6.6466913552448,12.94601888535001,sign,spectral,1.6956428289413452,1.3857898712158203,0.10099619422089053,,,,,
adamw,100,L0.down,down,0,adam,0.12462151050567627,0.5563475489616394,0.931976854801178,-0.17662832742046086,0.9007985591888428,0.5563475489616394,1.0000008344650269,0.931976854801178,0.8619457483291626,0.12462157011032104,0.4394294275152432,2762.5159807669165,1505.1790178289998,13.198400741424102,24.22355914935577,0.34617491118939003,0.1887758495937027,2.88871550809161,5.297292193981923,24.95990583831226,13.34918742401632,4.779386516412321,8.93635197599612,74.20632219957024,39.966337319513265,5.947151267753937,11.042198328468341,2.0976948572233995,0.9101401004743911,7.6043299530505735,17.526492709012196,0.6749787231998238,0.33842445987600145,3.280970184279511,6.543809116672883,sign,sign,2.069484233856201,2.023198127746582,0.020200844349257247,,,,,
adamw,100,L1.q,q,1,adam,0.05863789841532707,0.45879191160202026,0.7135351300239563,-0.03848224549445989,0.6498706340789795,0.45879191160202026,1.000000238418579,0.7135351300239563,0.885290265083313,0.058633700013160706,0.3523561319606441,34.75681102825476,15.976436284800135,216.2697456212784,470.4958318419842,0.01381044661016083,0.0063131192746108695,72.40897174772348,158.40033981937043,0.7768346837044893,0.3559205317175048,117.57005519826869,256.60923859137546,1.1574169935300216,0.5326964466826571,97.90521010500854,212.72369026739614,0.059290639521375796,0.02667998722093012,126.59084955505261,281.3214401311725,0.024033923100965658,0.010953077484099493,73.88571659346185,162.124629670964,sign,sign,0.37184011936187744,1.5183556079864502,0.0488776615543098,0.08491632342338562,0.07934269359070606,0.03759318656701718,169.28148083983436,357.27880212846924
adamw,100,L1.k,k,1,adam,0.05225859582424164,0.49363890290260315,0.7699866890907288,-0.016895526181827325,0.6625401377677917,0.49363890290260315,1.0,0.7699866890907288,0.8626474738121033,0.05225426331162453,0.3381842633254567,33.76630633821539,15.510801127295323,239.52219422954227,521.4288880877778,0.012238180907758352,0.00578525480348669,81.71149025637082,172.85323360300646,0.7200248734423067,0.3312276284008273,136.8817937252975,297.5545750197664,0.958683655848435,0.449998746272464,115.17759374986791,245.37596507234068,0.04563209857934808,0.020308101931633894,146.58764124956815,329.38093961380025,0.020427436376623868,0.009433593266217923,83.43398230897228,180.6673573015079,sign,sign,1.3307478427886963,1.5195741653442383,0.0488776615543098,0.08948299288749695,0.09311541258989088,0.04126313226742804,141.6960798311973,319.754904943731
adamw,100,L1.v,v,1,adam,0.06158342957496643,0.47589313983917236,0.7742352485656738,-0.16953117021548203,0.6731373071670532,0.47589313983917236,1.000000238418579,0.7742352485656738,0.8529340028762817,0.06158159673213959,0.3592972912431758,194.1753963809853,110.86678143253495,40.15458883280296,70.32794767177108,0.13832217523915535,0.07763361359043146,7.229500524334622,12.88102140516401,6.874461989746964,3.8830493073260777,14.415980765362267,25.521723772456898,6.2467201224303865,3.5223662171000387,17.477260102648486,30.99494647607886,0.5676112088973525,0.3056010097745833,13.88746096834754,25.79401983839303,0.23608077351835766,0.13078491107235563,7.670021141561837,13.845209735244584,sign,sign,2.461197853088379,2.636423349380493,0.0488776615543098,0.12242880463600159,1.0759619492066692,0.5670222601933277,16.524771619746726,31.35683857652359
adamw,100,L1.o,o,1,adam,0.07658828049898148,0.5254372954368591,0.891473114490509,-0.02269973336009934,0.7507551312446594,0.5254372954368591,1.0000004768371582,0.891473114490509,0.8152270317077637,0.07658696919679642,0.3717346742977747,238.57624774888185,140.2498523636067,36.083913338677476,61.38163073511642,0.20299147768501824,0.11974590346307165,4.92631753924595,8.35102035156925,11.037762957714545,6.396533559640933,10.338014966613509,17.839124518122688,6.6061781249403655,3.8644697646215325,15.795677634643816,27.00216754543898,0.8204436423449817,0.4178607479405207,11.94878149484904,23.46069081514612,0.3461242618556298,0.19384991194372564,5.412580309888069,9.664308565887698,sign,sign,2.0932095050811768,1.8981986045837402,0.0227136686282103,0.11939321458339691,1.452747525304839,0.7999223141909797,12.913741835632461,23.452785553450155
adamw,100,L1.up,up,1,adam,0.09490373730659485,0.4959416389465332,0.7966031432151794,-0.1290217320806375,0.8528825044631958,0.4959416389465332,0.9999996423721313,0.7966031432151794,0.8957626223564148,0.09490209817886353,0.4109229499064604,837.180447681916,474.24642173312213,38.823208712047034,68.53405689645925,0.11914848472920696,0.06901434350796515,8.392885940974125,14.48973635830816,18.27143838861456,10.2603371412999,22.322315334534434,39.75120931304011,9.235300964453344,5.286612936826786,12.415146631705673,21.688294004448657,0.6303110523971313,0.32842735412319124,19.272513672488202,36.98741357179285,0.22802970095298788,0.12665125691576437,9.081809808417443,16.351376410758483,sign,sign,2.8815417289733887,2.5150721073150635,0.047757433221451526,,,,,
adamw,100,L1.down,down,1,adam,0.11853833496570587,0.4973655939102173,0.9427853226661682,-0.08922510775592185,0.862154483795166,0.4973655939102173,1.000000238418579,0.9427853226661682,0.7670697569847107,0.11853832751512527,0.43792852635933205,1285.718298902954,675.6494418223597,25.35186097165464,48.24299339992632,0.2409584915967717,0.1334192472491919,4.150093369990107,7.495172241159799,17.71104047154242,9.603734266749703,6.813632518945965,12.565583131457407,47.3903316878252,24.55499042883455,8.287338399808426,15.994293164740297,1.5140689998086883,0.6922768236317275,10.02128023131739,21.917402430194425,0.46944733102951386,0.240984247807055,4.701318612245988,9.158364062888117,sign,sign,1.7196515798568726,1.4937505722045898,0.009841031063224988,,,,,
adamw,100,L2.q,q,2,adam,0.05890887975692749,0.5497434139251709,0.8585450053215027,-0.03402260334412266,0.6436917781829834,0.5497434139251709,0.9999998211860657,0.8585450053215027,0.8887306451797485,0.058904875069856644,0.35731067640864955,27.193864336253064,17.37155367396633,331.2142762197452,518.4911069438899,0.008340173650577093,0.00532956637328917,119.90155877832008,187.63249224137357,0.5481177487842536,0.351388584206674,200.49297970171733,312.7414082880872,0.6434849240757974,0.39826966304074135,176.78350855910352,285.6293942011116,0.03706185689587636,0.021037313789123695,203.452670195344,358.42664246241014,0.014705654648563545,0.008904694092079442,122.45172179363325,202.22286281803557,sign,sign,1.6087591648101807,1.2696003913879395,0.044991225249554116,0.08256574720144272,0.06438459552169831,0.038180644709482035,208.6455067062494,351.8420565948558
adamw,100,L2.k,k,2,adam,0.05696307495236397,0.49329710006713867,0.808830976486206,-0.09413642543279643,0.6555765271186829,0.49329710006713867,1.0000007152557373,0.808830976486206,0.8594607710838318,0.056959688663482666,0.35097728605853895,32.77620041839372,17.99979059784316,246.5868399732005,449.01520623625777,0.011973092648305154,0.006478164035059948,83.52066960722065,154.3648339010427,0.739136121471316,0.40669719456810743,140.06941615050283,254.56375498281608,0.9137238066560596,0.4983325197946768,120.3985032428299,220.7581771786783,0.04891194602715287,0.027418769431497993,149.06945079868694,265.92283617902484,0.020102552010406595,0.01110617645091324,87.98957663050477,159.2640859260734,sign,sign,2.5366063117980957,1.977909803390503,0.044991225249554116,0.08100364357233047,0.07301773512556962,0.04008944899043311,181.80029526429834,331.12567370349063
adamw,100,L2.v,v,2,adam,0.06396201997995377,0.5019081830978394,0.7997959852218628,0.008520164526102603,0.6895995736122131,0.5019081830978394,0.9999997019767761,0.7997959852218628,0.8809364438056946,0.0639604777097702,0.36185598094462046,166.6386755103881,94.57551290977327,49.34786985487273,86.94918397873391,0.09160136148723279,0.053825147870476764,10.91686505244962,18.57867078011835,3.8373847939222867,2.1495727880689866,26.678035069753726,47.62522426624287,5.453457246744174,3.195552445554953,20.67676699481762,35.28650107557429,0.357915057213654,0.19541701334137498,22.874518905332287,41.89571113971878,0.15728812335259265,0.08959994832998354,11.594260731142565,20.353131291391758,sign,sign,0.6564540266990662,0.7959989309310913,0.044991225249554116,0.10081802308559418,0.6422756497526597,0.3274600370066362,26.653836423682638,52.27847118051522
adamw,100,L2.o,o,2,adam,0.0905352383852005,0.5509892702102661,0.9192694425582886,-0.17233322902308512,0.7613866925239563,0.5509892702102661,0.9999998211860657,0.9192694425582886,0.8443667888641357,0.09053449332714081,0.40112688039081484,227.03665063257256,147.84353453365978,39.7618982572757,61.06055453557704,0.14885511115804334,0.0988591186316844,6.717940777487579,10.11540295955628,8.159654748432573,5.23251986252798,14.42052296024707,22.487537885926514,7.247433098511529,4.6452307975875025,14.912721167002774,23.26664781236276,0.7549939455476289,0.3895843470590143,15.349143634390378,29.745831938032754,0.26445509322335886,0.15920216713632568,7.64422498732619,12.69803211857417,sign,sign,1.3546404838562012,1.5027790069580078,0.04668069060514421,0.151340514421463,1.2829749630208556,0.7283744999940348,17.122998265913544,30.160828072916498
adamw,100,L2.up,up,2,adam,0.09232049435377121,0.4469616711139679,0.7246307134628296,-0.15002346909530695,0.8509104251861572,0.4469616711139679,1.0000011920928955,0.7246307134628296,0.8844437599182129,0.0923188254237175,0.40461151057873973,587.9811778108975,331.8200460270923,49.81805742010626,88.27700565062719,0.08871444952480922,0.0511327812230126,11.272134330419789,19.556948950839374,13.949487117758114,7.826828149994922,26.59674310324003,47.40246217022274,6.277339257093529,3.590495855060502,18.03452014189019,31.530130054313517,0.4865681507918669,0.25033764466451736,24.2864925467656,47.204381840120156,0.16905390712876936,0.0932326248929484,12.061922880923275,21.871262263047246,sign,sign,2.708721160888672,2.9302592277526855,0.04393518374275739,,,,,
adamw,100,L2.down,down,2,adam,0.12075293809175491,0.4392593801021576,0.9499335289001465,-0.10022296125243413,0.8567736148834229,0.4392593801021576,1.0000003576278687,0.9499335289001465,0.6753383278846741,0.1207529678940773,0.4418374168248278,782.4747419314201,405.5555906291675,36.79007281860359,70.98238416517744,0.15155459261236987,0.07797039365275567,6.59828475264727,12.825385518526572,12.954206308654094,6.568045086756461,9.386255614748796,18.512584809198536,22.7899002521756,11.607446683617203,15.172213131733407,29.788913384799677,0.9758966676330864,0.4353261864451224,15.838131641467108,35.50528401853983,0.30051609076279284,0.14576621811337376,7.409656643353338,15.27597462001249,sign,sign,1.453455924987793,1.4068719148635864,0.006253959126539211,,,,,
adamw,100,L3.q,q,3,adam,0.03775559738278389,0.3202371597290039,0.5330172181129456,-0.13092158357186867,0.6293941140174866,0.3202371597290039,0.9999999403953552,0.5330172181129456,0.7798023223876953,0.03775063157081604,0.3006794040545363,32.882591400571364,20.37732072469533,159.5605881873663,257.4806421259018,0.013550326730527494,0.00861149837177598,73.79895409772357,116.12380299261692,0.7125921484007002,0.43800454910783965,95.74369303897033,155.76597105538116,1.0290150123905704,0.6665354893822361,97.00023426649443,149.75151189344183,0.04822707839217213,0.030725443052684993,100.20754113560211,157.28713605681207,0.021699756962957974,0.013872187862381511,69.8316392191488,109.2350834931923,sign,sign,0.1627822369337082,0.4765768051147461,0.04401415539686053,0.04974360391497612,0.06571806094397788,0.040206611413178696,111.16326504546974,181.69733708509472
adamw,100,L3.k,k,3,adam,0.03205425292253494,0.2862829267978668,0.49871087074279785,-0.15639950089744237,0.6457884907722473,0.2862829267978668,0.9999998211860657,0.49871087074279785,0.6885077357292175,0.03204861655831337,0.27855142520071063,45.32364826758599,32.846590933184075,103.48812710230821,142.79897363466108,0.017652432441183547,0.01494637351690433,56.64940650632613,66.90584977386435,1.0827002485150703,0.7827492949925062,58.9590623467836,81.55228227409552,1.2735023948618782,1.0309051936713085,69.20206081190618,85.48699794545675,0.0615937158129013,0.042233884531107636,66.61303543607735,97.14816478845138,0.028336533708886703,0.022010668955097828,49.54072445378215,63.77872527686773,sign,sign,0.9576634764671326,1.6399383544921875,0.04401415539686053,0.03752541542053223,0.08162167503736462,0.0563018109920126,78.80353996723655,114.24280707262257
adamw,100,L3.v,v,3,adam,0.05484848469495773,0.43158310651779175,0.7030893564224243,-0.00531702151740332,0.6862174868583679,0.43158310651779175,0.9999998211860657,0.7030893564224243,0.8236690759658813,0.05484577640891075,0.3375784340307899,230.7859084251096,135.43411150713519,30.63903539622771,52.21031495314952,0.11968087877959746,0.07409388077995395,8.355552126481713,13.496388779471449,6.203356774091585,3.7086009098991974,14.507538563304571,24.2666816431635,5.81468375535932,3.511172152617648,18.131620937503207,30.026907579861312,0.4673220371890003,0.2614407610463998,15.02305793919842,26.85352510777228,0.2025068409551639,0.12097430719321539,8.401141867994642,14.0632233370556,sign,sign,3.6267435550689697,3.215402841567993,0.04401415539686053,0.08370662480592728,0.6953203753815649,0.378427127344532,18.836991481588,34.611007091234534
adamw,100,L3.o,o,3,adam,0.09282409399747849,0.5420080423355103,0.9188441038131714,-0.16508822101224307,0.7648553848266602,0.5420080423355103,1.0000004768371582,0.9188441038131714,0.8450650572776794,0.09282327443361282,0.401953733772994,374.2459724149098,255.88651009904416,23.728404365511388,34.70389963967925,0.19081623465813494,0.13033123116680953,5.24064673338069,7.6727616848587,12.68921418831854,8.47945741631593,9.268662625015619,13.870232435129658,10.033867611310283,6.748951124121432,10.780322356417626,16.027427868745182,0.7957511823773653,0.44876197617247693,14.931157128198118,26.47614229789236,0.32131208995545746,0.20481341498698563,6.304525790410554,9.89056482468991,sign,sign,0.42910236120224,0.34983667731285095,0.021082581936605695,0.14463181793689728,1.2698183603908555,0.7695247295273325,17.00285094020123,28.056970067899005
adamw,100,L3.up,up,3,adam,0.07556488364934921,0.38355445861816406,0.6238643527030945,-0.14308287874158288,0.830516517162323,0.38355445861816406,1.000001072883606,0.6238643527030945,0.8461872339248657,0.07556354254484177,0.3702247609225418,561.2918777224273,332.3687543904486,44.78351816170531,75.62872462575369,0.10878896865436997,0.06753705476230705,9.192118330128471,14.806702430288894,15.390223514258063,9.062811004353172,20.754640001690905,35.24497514408686,7.8494600340766825,4.811039886608868,13.79865181454145,22.513213046489224,0.4819598049159156,0.27071239609300457,20.068700575876438,35.72908796958956,0.18588642831781474,0.11149207484180307,10.037395075968258,16.734960964122156,sign,sign,5.0104522705078125,3.5392091274261475,0.04351379281686229,,,,,
adamw,100,L3.down,down,3,adam,0.12427180260419846,0.4458464980125427,0.9545848369598389,-0.09115040874242875,0.8427013158798218,0.4458464980125427,1.000000238418579,0.9545848369598389,0.6877027750015259,0.12427185475826263,0.4468636332532659,767.85335935322,414.1671186354766,38.05283357536107,70.54880694057871,0.1354707636465309,0.07263310470126708,7.38166827661628,13.76783000715009,10.657763796557353,5.6151364908320875,11.464586893014827,21.76026519219178,20.72522198139635,11.07337872441323,16.989145936137206,31.797324878314317,0.8574212939125117,0.3942964894553478,18.551899407321493,40.34221460184144,0.2642281702353817,0.13331407983152768,8.523130266654846,16.892822707713872,sign,sign,3.1389987468719482,3.0643222332000732,0.011070571389210193,,,,,
adamw,100,head,head,4,adam,0.1759040979238657,0.36472244262695314,0.6011029170109675,-0.07579542084308322,0.9240610599517822,0.36472244262695314,1.0000001192092896,0.6011029170109675,0.8870277404785156,0.1759040979238657,0.5080272628606638,3368.912638616049,1247.3012453443014,0.9007329806874482,2.4328450997566495,3.223494707580996,1.6844516332410102,0.31022235490490957,0.5936650833275723,78.53247254576956,28.618948313217103,0.49752272326509894,1.3652384838917506,257.937436945598,127.08139397325937,0.44018251916334583,0.8934396077299965,19.89961892360695,7.842956088470699,0.5745722225281412,1.4578391289488115,6.326476648914711,2.927921022770092,0.3228715395439088,0.6976415141113166,sign,sign,0.7750142216682434,1.3176475763320923,0.042467698181164824,,,,,
adamw,150,embed,embed,-1,adam,0.31225524315467246,0.37395756061260516,0.5886009803185096,-0.13372042726792577,0.9756132960319519,0.37395756061260516,1.0000005960464478,0.5886009803185096,0.9330354332923889,0.312255125779372,0.6052477795208021,852.3394232725324,485.3756081674227,3.650337904529895,6.4101426852576235,1.007800184188566,0.6515902184498856,0.9922607792055544,1.534707808268547,19.473073440887898,11.0791853450482,1.9647162445538775,3.4532379890009572,93.93453470479473,59.67933744706199,1.2714017888814833,2.0011705989089403,8.76624592062082,4.68731501077775,2.3153128982386697,4.330112698309509,2.19853324788526,1.3308565370770769,1.1068902875907498,1.8285480299583954,sign,sign,2.848491907119751,0.8196584582328796,nan,,,,,
adamw,150,pos,pos,-1,adam,0.28165704011917114,0.5818448066711426,0.9107840657234192,-0.10238769879742271,0.9676735401153564,0.5818448066711426,1.0000001192092896,0.9107840657234192,0.9721323251724243,0.28165706992149353,0.5887823861432582,1098.5995421154773,490.8958576763064,8.677361447050341,19.41948615664621,0.37231374161919145,0.19598345866023337,2.6859070923901216,5.102472045576761,29.073845733677924,12.91864881677903,4.0098018501059824,9.024191466616887,36.01108317473062,17.42651611032107,3.4554066873885727,7.140436839717685,4.8631620558450805,1.592338660702437,7.413305280793554,22.64097822886955,0.9271243904050666,0.39182902170118655,3.2005174235332383,7.572889196392729,sign,spectral,0.5226540565490723,0.1978798508644104,nan,,,,,
adamw,150,L0.q,q,0,adam,0.12870700657367706,0.4936637878417969,0.771100640296936,-0.10111254190701813,0.875182569026947,0.4936637878417969,1.0000001192092896,0.771100640296936,0.9282904863357544,0.12870703637599945,0.43912996636927726,448.89481923443617,250.44135538594387,18.018001441393174,32.295734414692255,0.18017903668237165,0.10559842191374348,5.5500358844305415,9.46983961584317,10.988285139967575,6.186084280950379,8.9823735642793,15.955308313847322,13.273503651953687,7.512429225375025,8.951757227526556,15.816612534548694,1.0774243657838065,0.5181281419118785,15.290631316653398,31.796185955059016,0.3444692918538352,0.18998573942138222,6.424594848229411,11.648640811449814,sign,sign,1.1971009969711304,0.9404879212379456,0.1268636882565974,0.1670282781124115,1.6681490901537892,0.8359512484149982,16.034711325359055,31.997427073638978
adamw,150,L0.k,k,0,adam,0.08720731735229492,0.389514684677124,0.680911123752594,-0.060284712099925475,0.843112051486969,0.389514684677124,1.0,0.680911123752594,0.7540114521980286,0.08720683306455612,0.36334363579391704,802.7498337824982,449.3671784410696,7.949934494136719,14.201768397704454,0.3904735733443736,0.2175148320418379,2.560992774581602,4.597387638410124,19.157792565569366,10.636085298422316,4.5494084739685015,8.194426933870139,25.71794485530007,14.397092507251942,3.752767432404605,6.703677553834774,1.580474836091933,0.7753948729494764,7.062774025998126,14.395938134892832,0.6639615315699855,0.3588222981338331,2.7578964943925466,5.103186702308545,sign,spectral,3.3461620807647705,1.301448941230774,0.1268636882565974,0.12337473779916763,2.612860192149957,1.3189169234428608,7.188677232662842,14.241237064734037
adamw,150,L0.v,v,0,adam,0.11203110963106155,0.5325051546096802,0.8403624892234802,-0.0912739249625506,0.8365537524223328,0.5325051546096802,0.9999998211860657,0.8403624892234802,0.8916205167770386,0.11203049123287201,0.4150197960011699,1266.1127988445494,750.4524028459055,6.890827153068044,11.625739913736359,0.46647817195462116,0.2884608299245837,2.143722646219222,3.466674561837423,25.152593790429883,15.056078561773527,4.276552927974076,7.144383458101106,33.04157675171297,19.895342681355384,3.4540550835408985,5.7363890622710265,2.148768849128417,1.0682946304961038,6.6735783470711025,13.423241917583143,0.8383844787665664,0.4843541827302583,2.4947599175991226,4.318261445321053,sign,spectral_head,3.9997878074645996,2.463101863861084,0.1268636882565974,0.17832686007022858,3.8620157656252534,1.9303259489418778,6.759826350551963,13.524428842202116
adamw,150,L0.o,o,0,adam,0.08522601425647736,0.5033866167068481,0.8681924343109131,-0.07381124908912962,0.8036651015281677,0.5033866167068481,1.0000004768371582,0.8681924343109131,0.8110836148262024,0.08522521704435349,0.38540845815013375,1322.8466880074936,697.2290067171798,6.234650169890496,11.828948951732965,0.49422271792834543,0.26375989308918685,2.023380230331991,3.791328791974531,37.575981747649344,19.71636861170419,2.957437874494092,5.636364067865307,31.946420265968097,16.792354133257298,3.249775775608573,6.182498408138065,2.068324306352554,0.9137075065524003,5.274284936202971,11.939194604342585,0.8476208428113708,0.42413975973174844,2.291515947227823,4.579473237155118,sign,spectral_head,2.934140920639038,2.2960445880889893,0.0567325203730006,0.1753949373960495,4.5445784616710085,2.0669058105502054,5.462650381592076,12.010921417465942
adamw,150,L0.up,up,0,adam,0.2556806206703186,0.5479042530059814,0.8704043626785278,-0.1363306699609277,0.979664146900177,0.5479042530059814,0.9999998807907104,0.8704043626785278,0.9469060897827148,0.2556806206703186,0.5564300799501128,1281.0322768257518,634.5265181877949,28.0300924298133,56.58936560689621,0.11195332629447269,0.05921552445241881,8.932292714201221,16.887461354737066,33.20266555944585,16.79177397993487,13.422025797703578,26.53960410757832,9.417646311011442,4.769579090206209,12.869880168516369,25.411881677581604,1.1507635413529167,0.4647142449956392,28.439488999381275,70.42419600350838,0.2685816551734202,0.12913768393386618,10.440896682970209,21.71506586755042,spectral,spectral,2.1290719509124756,1.67436945438385,0.11356943847566696,,,,,
adamw,150,L0.down,down,0,adam,0.1353103220462799,0.5563809871673584,0.9367461800575256,-0.15309909499266006,0.9085134863853455,0.5563809871673584,1.0000005960464478,0.9367461800575256,0.8728060722351074,0.1353103667497635,0.457572467911134,2270.725720929849,1340.8279801319952,16.0578550015581,27.194379081655555,0.23050454034699333,0.14603318147950098,4.338311924533384,6.847762857147779,18.848895193878427,11.047400465550238,6.36130180650081,10.853549794023081,71.10923414402406,42.91217027329043,6.284369595083454,10.413752232487804,1.4840464666120812,0.6752414846248064,11.670610887850057,25.64968125579837,0.4619177161310184,0.2573947353186807,4.992277050654221,8.95908461638272,sign,sign,2.115076780319214,1.9370851516723633,0.02283385665954138,,,,,
adamw,150,L1.q,q,1,adam,0.05154763162136078,0.4165040850639343,0.6996006965637207,-0.04875267775403458,0.6445688605308533,0.4165040850639343,1.0,0.6996006965637207,0.7990826368331909,0.0515412874519825,0.33449029418478304,42.027843349044055,24.762346391232846,162.36862008392148,275.57981872443037,0.012529605441759607,0.007694092434965881,79.81097287127056,129.96984484557137,0.8894923159914631,0.5077371679917277,100.67415710088686,176.36859147884013,1.0082083809544913,0.6128499160645785,101.44983859171599,166.896616665067,0.05654511202194625,0.030335769933138624,116.68728173112217,217.50215773541265,0.021898508509520655,0.012675731602597324,76.97898026874337,132.9883676397728,sign,sign,0.37912729382514954,0.27462470531463623,0.05262327965528872,0.05997397005558014,0.07533732493708986,0.04143512955991988,135.205312300726,245.83020867089098
adamw,150,L1.k,k,1,adam,0.05323639139533043,0.40288805961608887,0.6658360362052917,-0.06491802669122682,0.6535390019416809,0.40288805961608887,0.9999999403953552,0.6658360362052917,0.8175832033157349,0.0532306469976902,0.336804684145664,34.87473093793394,17.1866402680543,189.2750937777143,384.07262069826805,0.012858017505949391,0.005897849995183851,77.7724824167222,169.553301832354,0.9618122529788117,0.4678889641022157,88.61086180834386,182.15221809689558,0.9855883070725794,0.46410439222442945,106.18089649952343,225.4894626677172,0.06873445774590488,0.033050441324441605,99.13891449183296,206.17756544371645,0.02340392025037622,0.010984621478175659,72.52586170577801,154.52416697509616,sign,sign,0.1204693466424942,0.5256825089454651,0.05262327965528872,0.06612718850374222,0.099900470858645,0.04827176942600228,105.76414065277196,218.8833675833811
adamw,150,L1.v,v,1,adam,0.05363105610013008,0.4714362621307373,0.7827735543251038,-0.014065077756464262,0.6591578722000122,0.4714362621307373,1.0000004768371582,0.7827735543251038,0.8171861171722412,0.053627774119377136,0.3399688719841101,173.19397603652908,139.13380636030232,44.59746173343174,55.51498892187152,0.08262216989889591,0.06924307476707416,12.103294770167023,14.441884335741102,4.685026136859339,3.788014451499788,21.386223262519547,26.450536616602157,4.7956919130245685,3.986354229645154,21.811205743631138,26.239470195642358,0.28316911463396965,0.22009170899252212,24.242677644685923,31.190532330482657,0.13456814869144051,0.11086898360505687,12.7321011124158,15.453693358941166,sign,sign,2.461862087249756,2.809812068939209,0.05262327965528872,0.08491553366184235,0.5514540503862769,0.39452304427518553,23.842120327066333,33.32589569847005
adamw,150,L1.o,o,1,adam,0.08891349285840988,0.5086836814880371,0.9022402763366699,-0.04547932050737591,0.7606099247932434,0.5086836814880371,0.999999463558197,0.9022402763366699,0.8011630773544312,0.08891267329454422,0.3950653468298501,206.77565534101902,140.27225636200748,40.305873647238265,59.41498093529866,0.1096811926208947,0.07594499543532066,9.117328501474493,13.167417521406753,6.0902046189976895,4.035538967554184,18.96270529414499,28.617430360506894,5.151333651733419,3.4972453795966363,19.907247488591537,29.322756275453262,0.47971421143176257,0.25702802312342343,23.72438413047183,44.278923700815525,0.1849458620780012,0.1173206915728188,10.76533729302945,16.970617540078237,sign,sign,3.436527967453003,2.126032829284668,0.026486654801377088,0.1215917319059372,0.7986811997259035,0.4852026076916087,24.596784074063304,40.48821812218719
adamw,150,L1.up,up,1,adam,0.10654742270708084,0.4442538619041443,0.733529806137085,-0.11514807444570352,0.8503136038780212,0.4442538619041443,1.000002145767212,0.733529806137085,0.8945280909538269,0.10654756426811218,0.4342777496398696,332.28616513908287,171.313268621362,87.61911914558249,169.94959776349475,0.04834208863541147,0.026490265903951288,20.685952427688278,37.749796449497005,6.827161924981428,3.5554081096306285,55.010744562530526,105.63267258261533,4.341661973501083,2.3302692163333467,26.372296217652856,49.13578003757596,0.33874916628268553,0.16424116980847522,40.26012686992162,83.03694151426664,0.10013468873441994,0.05240197541261111,21.856786118096764,41.76602995282682,sign,sign,2.0643298625946045,1.9430060386657715,0.0505322658747182,,,,,
adamw,150,L1.down,down,1,adam,0.11411624401807785,0.4174266457557678,0.9125716090202332,-0.09205528343667624,0.8694906234741211,0.4174266457557678,1.0000011920928955,0.9125716090202332,0.6575307846069336,0.1141163557767868,0.42646223950429785,678.2516868612034,364.0367830010064,40.33380703091151,75.1475508346484,0.110641217542618,0.0680986930055569,9.038233800235469,14.684587147822274,7.480080123473535,4.2709823673407445,15.616031382876018,27.349484476406094,18.72273155304298,10.210848366622434,17.981124216035337,32.97040065928525,0.6475448249053531,0.2927730854346065,22.55734293072413,49.89150780961504,0.21838628277416194,0.11840253506641941,9.84143776268982,18.151934069160376,sign,sign,2.0983726978302,2.0557470321655273,0.008149104001074048,,,,,
adamw,150,L2.q,q,2,adam,0.060497451573610306,0.5309994220733643,0.8512191772460938,-0.10860374623713431,0.6469901204109192,0.5309994220733643,1.0000004768371582,0.8512191772460938,0.8695928454399109,0.060492757707834244,0.35675792695691705,48.51218617893193,24.58949184712277,179.33420891735088,353.80538098708126,0.016595007027144813,0.008261315469446633,60.25911740811171,121.04615548643868,1.0788708271437528,0.5420722957007544,100.99082480147763,200.99912050780787,1.2710913276570155,0.6274035975304458,87.5687543407922,177.41033786614076,0.06876409035576796,0.03441961500483556,112.61218922598448,224.97854069572068,0.027927718397145286,0.013876097095958098,64.378633974872,129.571618590564,sign,sign,0.9307106733322144,0.4925953149795532,0.05226283227588403,0.09915506094694138,0.09953427232200465,0.053154836977918216,140.34056124280139,262.79255914879195
adamw,150,L2.k,k,2,adam,0.06670035421848297,0.5430836081504822,0.870244562625885,-0.04285968623098524,0.6541482210159302,0.5430836081504822,1.000000238418579,0.870244562625885,0.8766400218009949,0.06669598072767258,0.37414696865700897,50.77367313773015,29.540990347022554,175.2459746570008,301.2045883165295,0.017269055150356892,0.009629247536755817,57.90706148725876,103.85029926808679,1.1086155887544449,0.6367534742491575,100.47784384961064,174.9363113369156,1.2060589838037314,0.6936481436061182,93.0385033380655,161.76778360160182,0.06440267582823267,0.0372440928715717,132.56662444797226,229.23488482874495,0.02833668501337435,0.01609029049891471,66.54208452873638,117.18757281301515,sign,sign,1.2750979661941528,0.23649324476718903,0.05226283227588403,0.0896829217672348,0.08098606058369359,0.04816402579600891,165.67694844507395,278.57977322996277
adamw,150,L2.v,v,2,adam,0.06616289168596268,0.46719998121261597,0.749793529510498,-0.06085143171219942,0.6927411556243896,0.46719998121261597,1.0000003576278687,0.749793529510498,0.8549425005912781,0.06616026908159256,0.3593012414810412,171.2288070857386,100.28132437670337,44.70395269619934,76.33130635005617,0.07599799439150448,0.04441013584367379,13.158246683147402,22.51739020001936,3.2552070380483875,1.888500801448733,29.483092981662796,50.81997937396647,5.121212316607684,2.984469733997156,21.368502868120164,36.66736466753121,0.2679184405686776,0.1390462808810102,31.60981744612419,60.9067207203726,0.12322854356715734,0.0692695691837805,14.69436942804392,26.14085470131099,sign,sign,3.213893413543701,2.696495771408081,0.05226283227588403,0.09832988679409027,0.4619691638787098,0.23470476905330606,36.15730894805447,71.16839530023869
adamw,150,L2.o,o,2,adam,0.09051728248596191,0.5538637638092041,0.9116491675376892,-0.11907760792631028,0.7540757656097412,0.5538637638092041,0.9999997615814209,0.9116491675376892,0.8610484004020691,0.09051631391048431,0.4006797702343338,164.26849187389467,80.88671755206168,55.2419018567255,112.18781254671774,0.06121318371526242,0.03115275792516942,16.336346206611186,32.09987905351666,4.587910148518496,2.1988623510567606,25.434476628210668,53.06884871112698,3.817777403985602,1.9172091276086864,28.868680278846476,57.48678830302346,0.333880339529742,0.1415866026814645,34.70168178665123,81.83125435424378,0.11404115256425158,0.05336370738643937,17.70675538155131,37.840301785301264,sign,sign,0.5943610072135925,0.5538111925125122,0.06138427854722357,0.13595226407051086,0.5490191560037666,0.2560422919868999,36.12712577228493,77.46565595248072
adamw,150,L2.up,up,2,adam,0.10553795099258423,0.3968833088874817,0.665623128414154,-0.1413467269179124,0.8581664562225342,0.3968833088874817,1.0000005960464478,0.665623128414154,0.8731667399406433,0.10553795844316483,0.428151474755326,223.34198059368052,106.91337948511439,116.45882454391541,243.28240914759792,0.03406346528353489,0.01754314454162556,29.356983727953647,57.0023574549986,5.38127919842615,2.582967583899931,63.330488752139,131.9408899563062,2.9304624858278903,1.4696478038590353,38.13914808768737,76.04906591832841,0.23948035328155776,0.10723448380383137,56.40904773863722,125.9749494895451,0.07061057129423871,0.03436446438151524,30.558423561288645,62.79008808513761,sign,sign,2.660165309906006,2.4739930629730225,0.048750306336462254,,,,,
adamw,150,L2.down,down,2,adam,0.10651561617851257,0.3373955190181732,0.8852851390838623,-0.06794738523247712,0.8609856963157654,0.3373955190181732,1.0000019073486328,0.8852851390838623,0.5318571925163269,0.10651571303606033,0.4091520133285628,433.3454946422008,233.86070287539937,51.02522815572777,94.55009953577365,0.07178356996624476,0.04079468685394564,13.930790957023593,24.513042860921317,4.903717495911385,2.6223845008939803,23.108284255203372,43.2112444853546,12.405250219489192,6.790323452088729,21.95126077671106,40.10278516034395,0.42156076411403276,0.1825301314051421,32.34175983933268,74.69461006632208,0.14302479443669425,0.07301672420357284,14.417065926181738,28.240076680562925,sign,sign,2.128537654876709,1.8976118564605713,0.006185103583263147,,,,,
adamw,150,L3.q,q,3,adam,0.05440448969602585,0.46157869696617126,0.7947851419448853,-0.07900941198249967,0.6364842653274536,0.46157869696617126,0.9999998211860657,0.7947851419448853,0.8333473801612854,0.05439907684922218,0.34934169834929996,42.25701861564061,23.4026690774293,178.96448019393958,323.1471310418779,0.017890735994635237,0.008512145199239884,55.894839736382465,117.47917801911596,0.9211107711002164,0.5309815894811725,110.44545494504575,191.59326836237236,1.3662960961650628,0.6630308264308746,78.0712650501183,160.88009849382988,0.057759720588365364,0.03153848322557249,120.56453280038401,220.80242976842095,0.02674185609796255,0.013615528447781884,65.83587541215671,129.30629267218063,sign,sign,1.0194097757339478,0.31042948365211487,0.04904919245786272,0.06341493874788284,0.07075489938537462,0.03954088186839404,137.37683573581396,245.82365721433607
adamw,150,L3.k,k,3,adam,0.05126084014773369,0.4065590798854828,0.7128651142120361,-0.019889227683699717,0.6492453217506409,0.4065590798854828,0.9999997615814209,0.7128651142120361,0.7516002058982849,0.051254332065582275,0.3335928332575242,44.21784831816268,22.88215088733107,150.64197418461197,291.1030522280016,0.01624759595965601,0.00680788259890072,61.54755226954774,146.88851446158787,0.9219066901995057,0.4702550484281034,98.97610635561645,194.03669333087703,1.0739861031262843,0.4872643334188843,89.57734748609522,197.43867908402092,0.06154287912040222,0.0306358631728742,106.61489408178714,214.17341831972723,0.02615020129113473,0.011933268076737764,64.29029670073345,140.88380391522645,sign,sign,0.6893793940544128,0.16027134656906128,0.04904919245786272,0.0654158964753151,0.08591065462884089,0.04443430214486428,118.81965446773395,229.7295964009087
adamw,150,L3.v,v,3,adam,0.06327993422746658,0.4466874301433563,0.7945640087127686,-0.019860585558644228,0.7011775970458984,0.4466874301433563,1.0000001192092896,0.7945640087127686,0.8032575845718384,0.06327788531780243,0.3575789141175954,185.5401643761814,109.53082223603053,39.444434470967096,66.81705392202649,0.09903220656155659,0.0636002751314612,10.097726324897224,15.723204296558439,5.021332088169337,2.9967731547109286,20.25442478796765,33.937901824619374,6.758011669658887,4.210523839939235,15.214086013909625,24.419044929734714,0.4058751801483822,0.2333436279298529,19.95646181623832,34.712036521627184,0.16501740215020838,0.10199015961353686,10.920580817436946,17.669213219131567,sign,sign,8.38102912902832,4.7144670486450195,0.04904919245786272,0.12437914311885834,0.6130588767666124,0.34214842558086855,26.57238384171915,47.61218983649918
adamw,150,L3.o,o,3,adam,0.08581743389368057,0.5515890717506409,0.9057236313819885,-0.1568946421133971,0.7471483945846558,0.5515890717506409,0.9999995827674866,0.9057236313819885,0.862602710723877,0.08581636846065521,0.3938890038401159,168.5380407866461,106.75393606663933,53.621338597396075,84.6548210261883,0.0713970700103208,0.04964469595128513,14.006171158325287,20.143130370840755,4.263957309168495,2.746330645915964,27.188974093997743,42.21364422717875,5.370130003493568,3.445471005544104,20.560609687442643,32.04587900899197,0.3231259137462963,0.17073251195719283,33.994880332142465,64.33822500528586,0.12268740328324838,0.07672361829855535,16.179953070461288,25.87308147714267,sign,sign,1.9766119718551636,1.6513051986694336,0.03489390636954074,0.1337001919746399,0.5910347674711425,0.3497024174857629,33.538007215229115,56.68284605640576
adamw,150,L3.up,up,3,adam,0.08622177690267563,0.3349049389362335,0.5632492899894714,-0.04191744212857185,0.8316295742988586,0.3349049389362335,1.0000004768371582,0.5632492899894714,0.8507065176963806,0.08622180670499802,0.3907517816972781,266.42072056401304,142.97921028726782,82.38221873906937,153.50714298972093,0.0365590350773225,0.0219659784246997,27.353032560136047,45.5249685446611,6.026240390520825,3.2845604623799294,47.8546519531866,87.79976492369154,3.2442822183772457,1.8591550259499885,33.563798379908675,58.569851758056615,0.22034387005106693,0.1095057135410251,50.087130671510245,100.78371123329012,0.07329082239121718,0.040789501931460095,26.869190972212863,48.27872393855576,sign,sign,3.5215182304382324,2.3984813690185547,0.0492922136407111,,,,,
adamw,150,L3.down,down,3,adam,0.11625873297452927,0.39062634110450745,0.926593542098999,-0.12344536379062532,0.8465360999107361,0.39062634110450745,1.0,0.926593542098999,0.6136170029640198,0.11625873297452927,0.43298051044815805,398.15279011906875,203.3583170428292,64.29714553292273,125.88660381779899,0.06387398692078329,0.032491781172228486,15.655825606129817,30.777013876195998,5.071976056929388,2.4484211076746094,23.384174542116355,48.44100265959401,10.281507755648091,5.340260535355941,30.55698765047271,58.83081985187036,0.3627119290282318,0.1483023792538814,41.027368339553114,100.34306926334523,0.123436915519599,0.057899947078063924,17.67773850215933,37.68717631341864,sign,sign,2.867361068725586,2.804983377456665,0.01177471187540675,,,,,
adamw,150,head,head,4,adam,0.1703515126154973,0.3181732177734375,0.5576161898099459,-0.16310837393333255,0.9174253940582275,0.3181732177734375,0.999999463558197,0.5576161898099459,0.8293035626411438,0.1703512191772461,0.4982374994948668,3237.710883903099,1392.1540606597443,0.8176150579213446,1.901514528227204,2.9179104603544848,2.025546444456538,0.34271081211885823,0.49369367278393894,68.90375443494446,29.525068341767,0.5260243456235362,1.2276026567692377,274.0574217992866,174.83104494334418,0.38733071091870985,0.6071625096816512,16.96770871740876,7.744846338492439,0.6525836492184103,1.4297054828123301,5.724980214604252,3.3862530018420993,0.34991839206126146,0.5915907258515789,sign,sign,0.8522519469261169,0.6636008620262146,0.04868460952775176,,,,,
adamw,200,embed,embed,-1,adam,0.3387576176570012,0.3914742689866286,0.6347555894118089,-0.14528617965022317,0.9761179685592651,0.3914742689866286,1.0,0.6347555894118089,0.9306104183197021,0.3387577056884766,0.6317387738764685,1116.308040963804,697.4681974643491,2.9177124937276697,4.669841477804777,0.9182618646773854,0.6845452563235798,1.0890139713591742,1.4608237961805508,23.4443660971163,14.771252205721742,1.7598732736408906,2.7932034967073127,85.71148822379924,62.00339214421288,1.3897569160611858,1.9211551082216045,7.998450028983427,4.764095755691598,2.752939015423672,4.621914897784956,2.035093075547671,1.404085673153356,1.248123809630891,1.8090406952885265,sign,sign,0.062284644693136215,0.34301966428756714,nan,,,,,
adamw,200,pos,pos,-1,adam,0.25049611926078796,0.4976232349872589,0.8213107585906982,-0.1320248759976277,0.9617425203323364,0.4976232349872589,1.0,0.8213107585906982,0.9033709168434143,0.2504960894584656,0.5537710731301814,1106.329407945754,553.8952949450867,7.3694679211049365,14.719495103924915,0.3455568973779557,0.19326417012371813,2.8938794380545723,5.174264838432544,22.744439020559895,11.56037340472359,4.6221310186889575,9.093804621973021,30.348298394787474,16.494316581649336,3.8101469760102766,7.010383048219301,4.425272875948364,1.9118225262129944,7.2455417664638775,16.77116940043389,0.8948988789232669,0.4509379194967549,3.118600179311223,6.1889490406796375,sign,spectral,0.15198840200901031,0.10071427375078201,nan,,,,,
adamw,200,L0.q,q,0,adam,0.14054597914218903,0.45861220359802246,0.731343150138855,-0.11336659456417642,0.8727680444717407,0.45861220359802246,0.9999997019767761,0.731343150138855,0.9160623550415039,0.1405458301305771,0.4542882827272309,434.45571420285995,254.3212704577334,17.294978747227482,29.544922963880694,0.17092422910087257,0.10374512337251414,5.850543876881356,9.63900441263259,9.694445511229935,5.7329114068941776,9.656243166185673,16.328862697093026,12.625212853148247,7.418050582741563,9.28744590758114,15.806845765936668,1.0983965549096426,0.541479610834537,16.37831203593208,33.22356217213172,0.3418670632834451,0.1944048935327164,6.696958339669903,11.776809929577373,sign,spectral,1.014278531074524,0.6839525699615479,0.13157822340266184,0.1940859854221344,1.8164943540133518,0.9486859043635796,15.883804075601276,30.413480679824946
adamw,200,L0.k,k,0,adam,0.10879694670438766,0.39326345920562744,0.6709210276603699,-0.08774955401709916,0.8514637351036072,0.39326345920562744,1.000000238418579,0.6709210276603699,0.8369507193565369,0.10879680514335632,0.40693727817083786,647.7181573749148,464.17575479227884,9.947580505907457,13.881010477396389,0.3196992063908829,0.23714553219796122,3.1279409470786126,4.216820908031327,14.095875154297715,10.623487780839612,6.092412893877248,8.083775621732782,22.28781825648665,15.492531308733938,4.806647777041061,6.914925001135366,1.7552564559983268,1.0705507839667934,7.933889682000707,13.008267607734725,0.6054621782878818,0.4250908580967832,3.3872213507084172,4.82446135521506,sign,spectral_head,0.29596424102783203,0.19963976740837097,0.13157822340266184,0.16084431111812592,2.580592972230212,1.6027781898005382,8.68689614397997,13.986553649346963
adamw,200,L0.v,v,0,adam,0.12066439539194107,0.4825711250305176,0.7796016335487366,-0.17957433832300418,0.8328756093978882,0.4825711250305176,0.9999985694885254,0.7796016335487366,0.8948830962181091,0.12066318094730377,0.4335283871513859,1279.2301313750033,728.7185052979933,6.180627799942155,10.849793514255323,0.5030784988238515,0.3028640326210744,1.987758514479201,3.301806955531311,30.761122202283442,17.792031291218724,3.243997681164922,5.608634981633,40.158438466803105,23.673118346676862,2.8523279462324314,4.838612076300347,2.889940817145016,1.5041119917468655,5.344410887048846,10.268538015004392,0.9664022364827948,0.5590262526226403,2.260804618566377,3.908307757253069,sign,spectral_head,0.26302623748779297,0.277375191450119,0.13157822340266184,0.1826644092798233,4.9750670036020646,2.5083517084368543,5.665650476165848,11.237256180266884
adamw,200,L0.o,o,0,adam,0.11541111767292023,0.5337123870849609,0.9003596901893616,-0.10965714901939572,0.8097878694534302,0.5337123870849609,1.0000001192092896,0.9003596901893616,0.8630600571632385,0.11541113257408142,0.43977960309224806,956.0707400943835,511.91465697360223,9.146126309792471,17.08164365071289,0.3194327183252778,0.18363725901211425,3.130550071552129,5.445518652308578,25.04217121958281,13.77668709686045,4.6020786030772225,8.365294176602266,23.80456992947796,12.677752092164411,4.6407764410015195,8.713822964338643,2.1401866147291204,0.9653039398994931,6.902492969756066,15.303597604368946,0.6461991258488793,0.3374942915737533,3.4298252503378985,6.567074270346348,sign,sign,0.9440366625785828,0.8748669624328613,0.06916751686025809,0.24322815239429474,4.359050296504289,1.972569546040725,7.536422887729696,16.654239891961506
adamw,200,L0.up,up,0,adam,0.2926020920276642,0.5670909285545349,0.9084370732307434,-0.07892592687346289,0.9812107086181641,0.5670909285545349,1.0000014305114746,0.9084370732307434,0.9523746967315674,0.2926023304462433,0.5925122622365051,1038.2095387865686,549.4656184410009,35.797081133724994,67.63821037465075,0.08212906002757292,0.04514026293511901,12.175975594701162,22.153203492606952,25.00114261621624,13.258073156777485,18.60394097317995,35.08200445072766,7.951863800744142,4.271080387305143,15.330237568987632,28.54171547413943,1.2525541620036607,0.5342701989839973,29.901380262237062,70.10141753805915,0.21946343537182628,0.10957738880185519,13.606251451369351,27.250829014095466,sign,spectral,0.8752949237823486,0.7825549244880676,0.12324260198673098,,,,,
adamw,200,L0.down,down,0,adam,0.13039322197437286,0.5427883267402649,0.9070063829421997,-0.11226131912043857,0.9203041195869446,0.5427883267402649,1.0000015497207642,0.9070063829421997,0.8667439818382263,0.13039332628250122,0.44378840855620827,1728.9404196080925,1002.4447902312862,20.574552701656035,35.4854213697322,0.15008011236777571,0.08942525895831045,6.663118343556613,11.182540161130081,11.86516936558135,6.79510936419743,9.78467423763683,17.085349299644975,43.50083496519209,25.709229523873056,10.201480478622171,17.261229796446976,0.9784172217734322,0.4550710470260474,17.05851593035948,36.67635168889317,0.30751541794712045,0.16765522181451673,7.272976723617566,13.340189781606187,sign,spectral,1.8466137647628784,1.3502554893493652,0.025291047481616744,,,,,
adamw,200,L1.q,q,1,adam,0.059871383011341095,0.3988536298274994,0.65547776222229,-0.08296273652271136,0.6514767408370972,0.3988536298274994,0.9999995827674866,0.65547776222229,0.8399258255958557,0.05986540764570236,0.3547264166046149,61.61448403212035,48.10546934366702,106.059767824836,135.84355293176336,0.023056231155714587,0.020234787318723732,43.37220493730314,49.419821766160254,1.3543946780942333,1.045707705644556,61.947344390418245,80.23384843734885,1.726067458533574,1.507389025220094,62.2863869802678,71.3223354273605,0.10586945946335459,0.08326878504716191,72.38666433452698,92.03373174126624,0.040246582678364624,0.03401670422479371,44.41894607928549,52.553909222127906,sign,sign,0.14165213704109192,0.0,0.05442953420014851,0.0764489695429802,0.15435638466988735,0.11739491850402357,75.43395773578285,99.18413118569053
adamw,200,L1.k,k,1,adam,0.0252901129424572,0.22613246738910675,0.38549333810806274,-0.18744059869306307,0.6651842594146729,0.22613246738910675,0.9999996423721313,0.38549333810806274,0.6627784371376038,0.025283824652433395,0.251065338975394,96.61774351572109,81.16233632685676,38.34652115530183,45.64869018534092,0.04129402107891142,0.03600160006676285,24.21657218756118,27.77653327956788,1.5572005689221289,1.2955522712125667,31.68708531360647,38.086573868339194,2.6633769551049946,2.350324531788361,31.85265975625629,36.09528761079725,0.08841844410920616,0.0722401705025836,36.61153468696503,44.810732186130515,0.055031796090546016,0.04747784860419719,22.992009374640283,26.650145463947386,spectral_head,spectral_head,0.035765182226896286,0.04663074389100075,0.05442953420014851,0.02122601680457592,0.10879586283398475,0.08613651927019927,38.69221361216718,48.87070896941805
adamw,200,L1.v,v,1,adam,0.05006330832839012,0.36211958527565,0.6307400465011597,-0.10135564874043779,0.6431467533111572,0.36211958527565,1.0000001192092896,0.6307400465011597,0.7850841879844666,0.050059735774993896,0.32929752910478516,131.12762923505676,98.49973633606821,45.245745078795956,60.23333163972888,0.055294134750295695,0.040687334152198835,18.085102944918436,24.57767607650567,2.7536150181033467,2.0186487388728205,29.31954010323398,39.99444004172284,3.7418646237863804,2.8473353875199714,26.855802164303164,35.29291860118353,0.20570416490607651,0.14101940747000616,31.152035589361272,45.441287699332406,0.0879558605558897,0.06422558321176551,18.868042991734207,25.839468874445213,sign,sign,1.961443543434143,1.0882065296173096,0.05442953420014851,0.04926520958542824,0.2628418825912813,0.169672411806629,36.61524384136325,56.72118124760887
adamw,200,L1.o,o,1,adam,0.07257922738790512,0.430635005235672,0.8641519546508789,-0.026375157003986738,0.7589535117149353,0.430635005235672,1.0000005960464478,0.8641519546508789,0.6662005186080933,0.07257716357707977,0.35871603857810286,135.67346984632107,71.44524477262738,52.00371107021236,98.7542830629984,0.06268934245123611,0.032145745111691625,15.951684240815158,31.10833463563863,3.8403086876852104,1.9723401675066121,28.8027497763428,56.081325127168604,3.465918807695839,1.8200097981095609,24.603480667952034,46.85341060823379,0.264654925593745,0.12094669480932815,35.10284963895545,76.81187215551473,0.10435394142737198,0.052178689007174144,17.323881480772172,34.646621978000894,sign,sign,1.3449023962020874,0.8879877924919128,0.02561554743976962,0.08907635509967804,0.3861256824812235,0.18735761564001446,38.85541020883198,80.07719213186282
adamw,200,L1.up,up,1,adam,0.11579114198684692,0.4045199751853943,0.6774448156356812,-0.08950285823015858,0.8621470332145691,0.4045199751853943,1.0000015497207642,0.6774448156356812,0.8919000625610352,0.11579117923974991,0.44596936563206596,237.4109712481346,106.66868639672302,111.6655264682015,248.5323668011762,0.028250049297220633,0.012752279531623136,35.39822317475208,78.41747408696286,5.099621885735891,2.2750781743606985,68.01518884677408,152.45706697658193,2.663287215556755,1.2056162506930075,42.865526234258176,94.6928244722893,0.22037429772720418,0.09407387486681518,67.25501484334065,157.5493375362402,0.06038027245605459,0.026789451912248213,37.223167641828354,83.89664003776826,sign,sign,1.754443883895874,1.0774617195129395,0.053997218068748,,,,,
adamw,200,L1.down,down,1,adam,0.11621074378490448,0.35769596695899963,0.9141621589660645,-0.11471821803698423,0.884396493434906,0.35769596695899963,1.0000022649765015,0.9141621589660645,0.5650666952133179,0.11621079593896866,0.4297726334520027,438.1297488543132,210.31679179841484,53.50461353497344,111.46025331678572,0.06177337174139146,0.03165256873503689,16.188241580254335,31.593084066809972,5.264415944124819,2.651519488262319,22.227110773464727,44.13045307252895,11.36907016853959,5.473383364880982,25.447476676659697,52.85837454864809,0.4397433080564817,0.18779447872767938,33.826530593494,79.20888070850607,0.12726537360852744,0.06123594469321576,17.018915100196413,35.370052662521665,sign,sign,2.520556688308716,1.936590552330017,0.010278480155902565,,,,,
adamw,200,L2.q,q,2,adam,0.055642224848270416,0.4547451436519623,0.777755618095398,-0.14907475395475855,0.6439773440361023,0.4547451436519623,1.0000009536743164,0.777755618095398,0.8087302446365356,0.05563687905669212,0.346498780754496,48.10618454274713,35.478098733640664,154.87706007890108,210.0040503728875,0.01502736970016991,0.012088800976224476,66.54530856873839,82.72126868835527,1.098211639160129,0.8338387093601867,90.6498488691534,119.39085820637759,1.0017686834386634,0.7637852719856462,103.33470493222377,135.5321647461958,0.0661705718653909,0.04952347413807912,107.63407953862641,143.814801348913,0.025589044196031904,0.020121546037576737,68.24194781578149,86.78489294114092,sign,sign,0.48641476035118103,0.2056858092546463,0.057169073442453304,0.07239525020122528,0.10104622832269956,0.07209885567048999,105.21884607708057,147.46374884431518
adamw,200,L2.k,k,2,adam,0.07181404531002045,0.5381014943122864,0.9035237431526184,-0.09209423795600391,0.6447887420654297,0.5381014943122864,1.0,0.9035237431526184,0.8506098985671997,0.07180972397327423,0.3843518996187859,44.46843197658183,35.700629662117166,198.2587307655767,246.9495626898606,0.013144659200686134,0.011496450995080173,76.07652543382801,86.98336559934393,1.0447381965633478,0.8573850522089407,110.69858410840888,134.8880982069554,1.070185211394535,0.9054961409756571,101.73759257495713,120.24133741673073,0.06727581719648465,0.051804342605109695,136.63447395202064,177.4406435847198,0.02442559330126868,0.020316111158461988,79.30259408447147,95.34368539995404,sign,sign,0.5054319500923157,0.9570898413658142,0.057169073442453304,0.10288920253515244,0.09882822555164122,0.073146440937806,145.21197475436122,196.1960364691627
adamw,200,L2.v,v,2,adam,0.0709589347243309,0.5103256106376648,0.8023661971092224,-0.03850251565875551,0.6827388405799866,0.5103256106376648,1.0,0.8023661971092224,0.8784071207046509,0.07095662504434586,0.3718362923928039,131.96080676667853,77.68096919775599,63.36104643154382,107.63478997541954,0.060410589519345914,0.03749128845293159,16.553389198093484,26.67286298403559,3.739213679095116,2.1935403956864676,27.466436006094845,46.8205980760339,4.613741808611102,2.823302972403377,24.36983171454116,39.82431660690049,0.25487864185187986,0.13400280606751871,35.63556200206332,67.78024961759323,0.10640135151705553,0.06198798965998569,17.611968480337143,30.230650477011896,sign,sign,1.5686278343200684,1.4803320169448853,0.057169073442453304,0.12808217108249664,0.45531039860649763,0.2362866857733128,38.718401875215505,74.60805899204846
adamw,200,L2.o,o,2,adam,0.08573789894580841,0.5361656546592712,0.8990588188171387,-0.037594697881270234,0.7492077946662903,0.5361656546592712,0.9999995827674866,0.8990588188171387,0.8311757445335388,0.08573627471923828,0.387406024841736,149.79232464142754,64.88990036017415,58.64478107917681,135.37604522704686,0.05195515041406648,0.02307804428392934,19.24736190344555,43.33120997882163,3.895680616126937,1.6956142836721848,29.540288372768387,67.86893099258782,3.3912939815701524,1.4552863431393526,31.371652200743355,73.10622806422188,0.2259707537719565,0.08659411566721172,48.565794354033784,126.7343522496442,0.08951181054735675,0.03754191947663983,21.811701101151254,52.0059944696406,sign,sign,1.3013999462127686,0.9403010606765747,0.0383303540629872,0.13048337399959564,0.3879820619822121,0.15730389929342936,49.68007188752552,122.53336895604724
adamw,200,L2.up,up,2,adam,0.11893786489963531,0.36669036746025085,0.6378845572471619,-0.089558127954532,0.8721223473548889,0.36669036746025085,1.0000025033950806,0.6378845572471619,0.8660039901733398,0.11893805116415024,0.44700815992007886,177.03222041411817,75.26462039167275,135.74602332648885,319.29238195604887,0.022125392187414345,0.009573448035445397,45.19705209853478,104.45583448017915,3.6902628249304152,1.5637544174008877,88.5023394822035,208.8543377887832,1.9636876522522537,0.8544418708621467,56.449156063618204,129.73206782380575,0.1642161278970814,0.06719163181455973,92.70750615633568,226.57684114600391,0.04720715791491761,0.020047672911729722,47.72114194748591,112.37112126251242,sign,sign,1.9231226444244385,1.5586093664169312,0.05033118156136572,,,,,
adamw,200,L2.down,down,2,adam,0.10671121627092361,0.2795310318470001,0.9089782238006592,-0.04110551448982536,0.8597864508628845,0.2795310318470001,1.0000025033950806,0.9089782238006592,0.44403505325317383,0.10671135783195496,0.4140283572593042,284.28182235814506,132.50601808707523,64.44079171564424,138.2529334711922,0.044498523786102535,0.021202643988602783,22.472711863475215,47.16404727319005,3.597109003238323,1.7163590044349106,32.34520069915595,67.78838946039198,6.466913429241963,3.0065540897161385,35.155248288560124,75.61678269593004,0.32996432435720313,0.13418370119106737,41.3955588798772,101.79371634516208,0.09250895613342791,0.0420120680526279,22.555353097359077,49.66601900301004,sign,sign,2.510503053665161,2.131303310394287,0.006068557863961942,,,,,
adamw,200,L3.q,q,3,adam,0.056682288646698,0.420253723859787,0.7174066305160522,-0.07727107528270916,0.6455949544906616,0.420253723859787,1.0,0.7174066305160522,0.838360071182251,0.0566764697432518,0.35257294561498254,34.603975761304454,26.883594315383053,198.97820583432267,256.1204030585611,0.013349241456114146,0.012017392221399473,74.9106234453483,83.21272881643085,0.7320597150370605,0.5621822566096494,125.43792100540036,163.34213260276442,0.9179556024747066,0.8214478333361543,116.90117563641641,130.63530604920896,0.05275678513774947,0.04306436574367211,137.52415828592106,168.47647340553914,0.022375365040295872,0.01955044585333612,79.4112926266431,90.88573601709906,sign,sign,0.0,0.0,0.05105488398412581,0.08158382773399353,0.06853735468039954,0.053329610088417106,155.7538560565932,200.16942290956607
adamw,200,L3.k,k,3,adam,0.05492987856268883,0.40980473160743713,0.6695188879966736,-0.12327393332794512,0.6516047716140747,0.40980473160743713,1.0,0.6695188879966736,0.8485777378082275,0.054924532771110535,0.34868725984018134,45.06028552267988,30.93124094163923,149.00572965248563,217.06987881037864,0.015630686441842397,0.011884004249508999,63.976716807718745,84.14672184599027,0.9135694143303426,0.6136737841978454,93.80613702615274,139.6481646606326,1.2207651679450002,0.9382528269349134,88.97530277858219,115.76618510629646,0.06219255450383744,0.046307108051088584,113.05246505942104,151.8346079233496,0.026517503149290522,0.02011621638848295,66.26844405817471,87.35607333282191,sign,sign,0.0,0.0,0.05105488398412581,0.057833556085824966,0.07838380718663805,0.05505558399942696,120.64938099472346,171.7710925957314
adamw,200,L3.v,v,3,adam,0.07535728812217712,0.4687059819698334,0.8298560976982117,-0.10643931299567677,0.6930416822433472,0.4687059819698334,1.0,0.8298560976982117,0.832912802696228,0.07535573095083237,0.3854629099319674,96.38093208846907,64.26469833557371,79.67632852465941,119.49451265599245,0.03924882803714235,0.02792905358669602,25.478467766060934,35.80500846173854,1.9839619479834476,1.3584152283483941,53.54012994721878,78.19522211519875,3.0975660643457967,2.126636595656333,34.41826147705868,50.132137744114104,0.2137253695661178,0.13098370241126103,45.13144065627173,73.6407175529932,0.07292469288161868,0.04947928577253392,26.63857997973297,39.26108134937572,sign,sign,0.6796934008598328,0.8039144277572632,0.05105488398412581,0.10050944983959198,0.35219570831818303,0.20823115168478937,49.04708753851797,82.95672187762332
adamw,200,L3.o,o,3,adam,0.09300670772790909,0.5281162261962891,0.906737208366394,-0.10268066657682684,0.7516814470291138,0.5281162261962891,1.0000003576278687,0.906737208366394,0.8418492078781128,0.09300579875707626,0.40383981860196283,95.79411792152264,50.273827573195845,90.32554855913503,172.1105527006517,0.037380985391166514,0.02060689141088182,26.75157830013166,48.5274725667648,2.5773536206747267,1.382679108423911,45.031602082028,83.94020128299738,2.6769540795669906,1.401155008685112,40.253472941840144,76.90562281864925,0.1840516947770606,0.08201384172860861,64.68215116012314,145.15671125663107,0.06872815784232951,0.0350820477528595,29.612676085415345,58.01328048093524,sign,sign,1.4870206117630005,1.315621018409729,0.04217099246420282,0.13919499516487122,0.31077585987746903,0.14744075552279026,68.19424998718596,143.73994899389217
adamw,200,L3.up,up,3,adam,0.08927000313997269,0.2773183584213257,0.48660194873809814,-0.03545818376757237,0.8392392992973328,0.2773183584213257,1.000003695487976,0.48660194873809814,0.8176202774047852,0.08927017450332642,0.3919124420061454,148.9966635339556,53.7461494689411,121.97814035854675,338.1514046509064,0.027585763003110095,0.010175077396837727,36.250717276706574,98.27971390161252,3.4907519258294193,1.303635402208362,71.37149904879286,191.11186864967158,2.350768151063345,0.8421969188743565,44.51965858924571,124.26475704481359,0.1743054827668932,0.06374333032625086,65.55492205432849,179.25926176028602,0.05562687259098043,0.020613114224122542,35.506489033094375,95.81836689604147,sign,sign,3.439016580581665,1.7602025270462036,0.05155659610953538,,,,,
adamw,200,L3.down,down,3,adam,0.10062920302152634,0.31332600116729736,0.9373648762702942,-0.054404820471858684,0.8352406620979309,0.31332600116729736,1.0000014305114746,0.9373648762702942,0.47922155261039734,0.10062924027442932,0.4033431767203908,216.9062669707831,94.24111516980787,94.6682320399065,217.88932331181223,0.028212043769035543,0.013344738645953676,35.445905255862314,74.93600714426056,2.481268443800052,1.1470446079741088,48.355390349802164,104.60160252573709,4.199624165566148,1.8362789777946624,58.42461736178871,133.61882257738313,0.1620269009252564,0.06114019472689358,79.49635772589822,210.67234958457072,0.055774444663329606,0.024346273748783683,36.44542228381409,83.49216842687565,sign,sign,1.9234619140625,1.96504545211792,0.01298463760590445,,,,,
adamw,200,head,head,4,adam,0.20051253392146184,0.3417105748103215,0.6164949270395133,-0.13594313515369283,0.9247007369995117,0.3417105748103215,1.0000005960464478,0.6164949270395133,0.8369045853614807,0.20051260728102463,0.53564146854595,2772.2322995221257,1002.3602482449452,1.0255388709351498,2.8363375217640594,2.514670806010044,1.324188225895491,0.3976666025852983,0.7551800993927361,67.79371061087853,24.25470514092683,0.5910897913166914,1.6521400703384146,219.50375140447161,108.81511997235572,0.48802713503003603,0.9844568195438661,18.12309433199831,6.660332831664097,0.7191553072840794,1.9568570824725888,5.21800016222891,2.40082250880833,0.4127378671713802,0.8970535097687284,sign,sign,2.2985901832580566,1.0934274196624756,0.05004467302197292,,,,,
adamw,250,embed,embed,-1,adam,0.3111705780029297,0.33314795860877405,0.5841711777907151,-0.11444869750121289,0.9785964488983154,0.33314795860877405,1.000000238418579,0.5841711777907151,0.8271410465240479,0.3111705780029297,0.6017613889535441,749.7799613191218,312.45072024517447,3.6968059412370304,8.8711301847857,0.9988827593143091,0.46672782027456045,1.0011187289938182,2.142576883097117,22.636352805636225,9.559990018741406,1.6774401283824334,3.9718793097019853,81.98022147771078,38.47937686682531,1.2914585011686475,2.7514492846779075,9.003233236385547,3.858015037955867,2.2465364223983713,5.242616004836596,2.1698701123200728,0.9885208750470159,1.1150519932918934,2.44761446622149,sign,sign,0.0,0.13619226217269897,nan,,,,,
adamw,250,pos,pos,-1,adam,0.23092396557331085,0.48754653334617615,0.9014108180999756,-0.1189230369947124,0.9660688042640686,0.48754653334617615,1.0000009536743164,0.9014108180999756,0.7853382229804993,0.23092417418956757,0.5216531319476387,1095.666233750811,390.30045655889114,7.290507050672207,20.4661876974732,0.40538436471139994,0.15985612801938376,2.466797046763839,6.255631023122609,27.20960635525606,9.322745175857943,4.240435646527054,12.376245680895034,34.10316518989833,14.457807750483866,2.9476235411509495,6.952872404748891,4.3506337754986735,1.7039915741233675,6.794017694303597,17.346495898830575,0.9996068210299344,0.4028172785432009,2.6299994382780327,6.5264464009968455,sign,sign,0.1381383240222931,0.09755247086286545,nan,,,,,
adamw,250,L0.q,q,0,adam,0.15367163717746735,0.4152601361274719,0.6806526780128479,-0.10311274214035215,0.8594306707382202,0.4152601361274719,1.0000016689300537,0.6806526780128479,0.8950312733650208,0.1536712348461151,0.4780128909563772,405.1077406875897,193.16393585823923,16.794599033740276,35.222009947579444,0.16880400782758329,0.08124148456199923,5.924039848339722,12.309002898228737,10.826536253660251,5.277809928652814,8.047222190401817,16.507518073483034,13.733005228343277,6.3634111430447815,8.342238358307494,18.003551933924825,1.634923235028373,0.6660624843096009,12.031137794987762,29.53174392525981,0.38951804348149166,0.1751176282576457,6.184651974987337,13.756659228885093,sign,sign,0.7341423034667969,0.347937673330307,0.12454828578976437,0.1909084916114807,2.373603280112834,0.9956715502336735,12.285894902140727,29.288614736454807
adamw,250,L0.k,k,0,adam,0.11548874527215958,0.3265438675880432,0.5988409519195557,-0.16642329884512463,0.8400026559829712,0.3265438675880432,0.999999463558197,0.5988409519195557,0.8017853498458862,0.11548783630132675,0.4235757273682605,622.1046242652428,304.22833942321313,8.599991895063319,17.585786835985598,0.3432496027098438,0.16717421007197006,2.9133302869501585,5.981780701267785,18.944366980065993,9.283208408001991,4.0461442668609084,8.25702046930569,17.815696411658728,8.725512899940895,5.7605676707149405,11.76189021289151,2.622328134248255,1.2021987594785668,5.63718830394409,12.296267460714628,0.6961457944281045,0.3385427785108669,3.0664379755348445,6.305518935990807,sign,sign,0.003989878576248884,0.35660937428474426,0.12454828578976437,0.1485537588596344,3.9470689719380125,1.7876545249203293,5.387617747389531,11.895642332979032
adamw,250,L0.v,v,0,adam,0.12230201065540314,0.4515019357204437,0.7927828431129456,-0.10674854923631705,0.8258079886436462,0.4515019357204437,1.0000001192092896,0.7927828431129456,0.8409935235977173,0.12230131775140762,0.4382724572489328,827.6689599553537,505.1744399443211,8.937640618107489,14.643273946439317,0.3342126531783153,0.21503097168489377,2.9921072996471834,4.650493421360198,20.22691241680078,12.558951455382578,5.016890458979264,8.079990139221842,25.50204407169127,15.706841884586991,4.221119323529142,6.85352102042494,2.177676041133563,1.2107510984151755,7.188698901119726,12.929707339834685,0.6789268902227418,0.4139393231675667,3.253302836751213,5.335938516317763,sign,sign,0.42557501792907715,0.3739718496799469,0.12454828578976437,0.17706190049648285,4.599426547120465,2.612245446700877,6.335707896214858,11.155392434296088
adamw,250,L0.o,o,0,adam,0.11162290722131729,0.5016933083534241,0.8705033659934998,-0.08791721795486107,0.8021796941757202,0.5016933083534241,1.0,0.8705033659934998,0.8354476094245911,0.11162275820970535,0.4345714864890486,704.3258077427369,442.88035332275206,11.670370549682962,18.559737641087697,0.21770631295607024,0.14912530425884124,4.593344062566456,6.70577005673209,18.7775948299089,12.159334027263917,5.93390324247978,9.163695198876002,16.870067317263324,10.85076960037767,6.33887772913138,9.855272754351507,1.5245096990051885,0.850605625288355,9.372017858365876,16.797128656990807,0.4602125253827502,0.2901156932287997,4.758894930608772,7.549067855213907,sign,sign,0.1720837503671646,0.16092601418495178,0.06432658676923188,0.21024516224861145,3.2947079891896722,1.8961219351775174,9.461182338649907,16.439782938016446
adamw,250,L0.up,up,0,adam,0.2804355025291443,0.5588592886924744,0.9024286866188049,-0.09098096059833805,0.9805088043212891,0.5588592886924744,1.0000001192092896,0.9024286866188049,0.9394127130508423,0.28043559193611145,0.5817600459244742,927.8960778211679,431.2971198538343,39.47144860203705,84.91919064092585,0.07825395089757178,0.03733380901149922,12.778909022986078,26.785376196178607,23.407791371471053,10.858674278041313,19.73887583909166,42.55063516208274,6.608831835160766,3.1378950998783437,18.194566039761057,38.320218950330656,1.2048945669025166,0.48187158980967043,29.791615593471633,74.49236793976662,0.21566678597971123,0.09613347348867844,13.594518890879613,30.498078242036687,sign,sign,0.6508289575576782,0.6008954644203186,0.11462344578068907,,,,,
adamw,250,L0.down,down,0,adam,0.15741658210754395,0.5644761919975281,0.9309170246124268,-0.10785749197452876,0.9391500949859619,0.5644761919975281,1.0000003576278687,0.9309170246124268,0.9014591574668884,0.15741662681102753,0.4838817617184562,1344.719568924033,583.5652644023693,27.510205528093916,63.39224415050672,0.11834386748039728,0.05042839776455961,8.449955024441893,19.830103710545714,9.784642376624506,4.201364479484114,12.17800043822321,28.361590557604273,28.873403473693884,12.39616457759479,15.985198594393465,37.23305589676191,1.038272694867644,0.40157568428718377,19.406584054520927,50.17566330050316,0.2683968820341209,0.11063480441023968,9.08583875370809,22.041985839442866,sign,sign,1.477616548538208,1.5377424955368042,0.02481389313247736,,,,,
adamw,250,L1.q,q,1,adam,0.06677579134702682,0.5421618819236755,0.9064030647277832,-0.14371983967879565,0.6364392042160034,0.5421618819236755,0.9999998211860657,0.9064030647277832,0.847838282585144,0.06677015125751495,0.37505639856845885,83.31284462491986,67.30809247828219,106.61957725040341,131.97195086614053,0.022143259800170595,0.016638485467293688,45.1604610256328,60.10161340416276,1.71697091570261,1.3694062180531774,67.57225251988575,84.72255402060028,1.8382846183024624,1.4075066202934476,59.035091242352195,77.10322538182639,0.10096698844669202,0.07618834340584457,84.65441451620784,112.18646987622718,0.038850809108814915,0.029492736984518538,48.651924725367294,64.08922445122242,sign,sign,0.0,0.0,0.04968746125609736,0.07649935781955719,0.15272537605826306,0.11148960979150543,83.91194952466228,114.94778814727242
adamw,250,L1.k,k,1,adam,0.07210230827331543,0.5559921860694885,0.8982909321784973,-0.08131005844012806,0.6467097401618958,0.5559921860694885,0.9999997615814209,0.8982909321784973,0.8848692774772644,0.07209743559360504,0.3855904765954899,88.09774851309614,80.68531546168272,103.40078072719814,112.90004785181168,0.0255146755289342,0.025512110115697435,39.19312085499184,39.197061985324666,1.8531678308378152,1.6613891191432772,62.04577772476482,69.20789235584957,2.20632262311388,2.1750928588829628,51.33576854559757,52.07284234074363,0.13997239089025065,0.11990519900577412,65.93509972171638,76.96991980465592,0.047394105585080254,0.044356113424029224,41.002043652716864,43.810312402804094,sign,sign,0.12092336267232895,0.0,0.04968746125609736,0.09133623540401459,0.20465756530147106,0.16244442272507081,71.7863466113801,90.44089463285175
adamw,250,L1.v,v,1,adam,0.06909289956092834,0.46800416707992554,0.8045728802680969,-0.11255325057079035,0.658420205116272,0.46800416707992554,0.9999996423721313,0.8045728802680969,0.8447921276092529,0.06909050047397614,0.3789997530852715,85.24335720824865,38.26547716866728,89.95164578871749,200.38376209551276,0.037542420548612905,0.015733049094150867,26.636525502591194,63.56044758952064,1.8049536284615115,0.8095328108381841,57.05704958309539,127.21575616890215,2.705800609389648,1.1645250081096876,39.9635479269022,92.85622170494358,0.20084957536287742,0.085603973907667,44.03239721466932,103.31165574526895,0.06896801871060547,0.029585678531908532,27.6945654144656,64.55959100707962,sign,sign,2.6440348625183105,1.8886501789093018,0.04968746125609736,0.08052531629800797,0.27395778581947405,0.11758373322596315,49.85529779036369,116.15762333188735
adamw,250,L1.o,o,1,adam,0.08296233415603638,0.4963040053844452,0.8902577757835388,-0.04709603499914039,0.742853045463562,0.4963040053844452,1.0000003576278687,0.8902577757835388,0.7782008647918701,0.08296092599630356,0.3887695192206395,100.01778281820121,39.294163623894164,81.29999081262369,206.93772495196072,0.03402839972029939,0.013346614344112892,29.387228487013623,74.92539544824433,2.6877488365182707,1.059696734879274,42.39718896052375,107.53359102618643,1.905626758269516,0.7413355666512951,52.27136440076762,134.36521215798243,0.1740787810812114,0.06389817306639305,61.00215438874896,166.18911261026958,0.06317612328172978,0.02415495700092263,31.0129222491788,81.11280012901629,sign,sign,1.2835314273834229,1.302476167678833,0.042127663910970156,0.10087178647518158,0.2345600462728653,0.08829665106364283,67.94747235808653,180.50245471880157
adamw,250,L1.up,up,1,adam,0.107078917324543,0.3621874153614044,0.6307297348976135,-0.13445423897926,0.8464113473892212,0.3621874153614044,1.0000019073486328,0.6307297348976135,0.8446230888366699,0.10707902908325195,0.4266245067603268,167.36590409116704,67.24191237248303,141.82287952864897,352.9988011292561,0.017371726631042892,0.007372950390423716,57.56491157083093,135.63117265070377,2.832516616047829,1.1231634178689813,114.00943685130537,287.52149431673246,1.7086635000570138,0.7204570180407024,63.27270136424541,150.059965638347,0.13974842039459312,0.05315937304644829,98.07708445866035,257.83068619016797,0.038206858268135864,0.01545165721741711,56.274026104387985,139.1471289645352,sign,sign,1.0972493886947632,0.7979803681373596,0.047771463977073166,,,,,
adamw,250,L1.down,down,1,adam,0.13116778433322906,0.35343503952026367,0.9269870519638062,-0.1615956695333427,0.9029747247695923,0.35343503952026367,1.0000016689300537,0.9269870519638062,0.5621394515037537,0.1311679184436798,0.44866673943294183,250.82636636990745,88.50761551009178,92.34562970880287,261.7031157884821,0.03496871563148979,0.012840705580161253,28.597037405329782,77.87747041525857,3.100257009695026,1.1209175674327267,38.27242137678104,105.85465523849805,5.860708072748875,2.0580630024642894,49.109321876686906,139.84771060229772,0.3033548986591986,0.09944619661848075,55.346056548604786,168.8299597811685,0.07660039959596741,0.026660104602169877,29.518637040789272,84.81359794322593,sign,sign,1.8657336235046387,2.0950734615325928,0.006936818872214689,,,,,
adamw,250,L2.q,q,2,adam,0.05954771116375923,0.4997781813144684,0.8726686835289001,-0.06671035989944163,0.6531850099563599,0.4997781813144684,1.000000238418579,0.8726686835289001,0.8013910055160522,0.05954168364405632,0.3543948095109895,55.98912192138142,37.90123390821973,146.24922559339575,216.04483227340046,0.016232242783716443,0.012018569225253817,61.60579605313325,83.20459945576096,1.2624471663917316,0.8586074663099464,88.48021086772255,130.09622659323156,1.3033291437964432,0.9386188785568369,78.70463819082339,109.28615548812787,0.0747966395881939,0.049226869790232455,101.90439192524846,154.83629383234185,0.028339647763580163,0.02003668932293699,63.02257456329153,89.13835691573475,sign,sign,0.37437865138053894,0.12875667214393616,0.05356997737008556,0.0712803453207016,0.10955602650881921,0.07083284077624785,112.89633624725496,174.6149649104616
adamw,250,L2.k,k,2,adam,0.06645378470420837,0.5069336295127869,0.8624792098999023,-0.028115919790209665,0.6552521586418152,0.5069336295127869,0.9999996423721313,0.8624792098999023,0.8267520070075989,0.06644798070192337,0.3707828325510391,51.873102255818274,37.974338369969715,160.11382054956843,218.7161368032052,0.01591120095857158,0.014600530550810072,62.84878463768116,68.49063730198824,1.212177499645633,0.8896749634759186,91.07357536289939,124.0872716434216,1.1992176793470586,1.0286212439314257,88.24441026802664,102.87971157635118,0.07920671407169086,0.05262941562395084,107.39092808585761,161.6222113421881,0.029040196486658336,0.023263384633721268,64.34630075613688,80.32490742723522,sign,sign,0.0,0.0,0.05356997737008556,0.08967525511980057,0.12452920309643682,0.08050797342633763,108.18008319915316,167.33224025348082
adamw,250,L2.v,v,2,adam,0.07470156252384186,0.47307148575782776,0.8332470059394836,-0.08222929560498415,0.6997913718223572,0.47307148575782776,1.0000004768371582,0.8332470059394836,0.812405526638031,0.07469865679740906,0.3795822121104111,94.4702975437738,35.81601988082317,82.04486938410281,216.40604535196363,0.03382882506726194,0.014217053541638163,29.560603268037088,70.33809599917515,2.0301308748844473,0.782878464085145,52.53632565256396,136.23521613267184,2.8269292903350443,1.1188748609614076,36.78475714450695,92.93971206066335,0.18553651372877597,0.06386437926003063,51.53595763030333,149.72042351603378,0.0636804087013455,0.024591689305890858,30.040252390174384,77.78951359960574,sign,sign,0.8601977825164795,0.8524115681648254,0.05356997737008556,0.1179695874452591,0.31969784879220486,0.10766949110520907,55.46182360246496,164.68012910430625
adamw,250,L2.o,o,2,adam,0.10136215388774872,0.5211125612258911,0.8880565762519836,-0.14638265378926585,0.7553737163543701,0.5211125612258911,0.9999996423721313,0.8880565762519836,0.8463594317436218,0.101360984146595,0.41910084114441765,105.32288350044466,31.68618745729978,81.06413268764099,269.4520511383915,0.033078541234072646,0.009655188868783318,30.23106839252267,103.5712150184116,2.6906342654574704,0.7900338085597004,42.2470059270308,143.88149029658155,2.5313144491388697,0.7572919655664205,42.79753046881941,143.05447857505607,0.2277747887716798,0.06572754662561428,56.961316715082056,197.39595571453165,0.06641028340450685,0.019232086930368902,31.804364212018633,109.82359056858726,sign,sign,0.23872488737106323,0.20973479747772217,0.04485750152247691,0.17119407653808594,0.3610983837423912,0.1102094542252764,61.29848732382407,200.8428846153359
adamw,250,L2.up,up,2,adam,0.11213459074497223,0.28383249044418335,0.5125873684883118,-0.1026050499446175,0.8511384725570679,0.28383249044418335,1.0000029802322388,0.5125873684883118,0.8345315456390381,0.11213479191064835,0.4350384187972136,91.27306553875869,32.43374176123499,203.797757684068,573.5152678554753,0.013791670926049267,0.0051240315772617204,72.50774656633266,195.1594101546579,1.5006432465143071,0.5319537459476905,174.88815764547772,493.360061218223,1.3759816034016914,0.5028602044083877,77.63187936358828,212.42491830800185,0.11115694540799602,0.0367237974395359,129.12598894164597,390.8433088155447,0.03047760286211578,0.010739029124194286,71.93660543668639,204.15768189031144,sign,sign,1.5083881616592407,1.2169744968414307,0.04585446929988715,,,,,
adamw,250,L2.down,down,2,adam,0.11270861327648163,0.25080832839012146,0.9181419014930725,-0.1258783216817836,0.8628065586090088,0.25080832839012146,1.0000041723251343,0.9181419014930725,0.39877063035964966,0.11270888894796371,0.4252445727687498,158.854381376095,54.56706814649822,103.47196260491998,301.2251742249748,0.028101027010134283,0.009723176230093158,35.58603648060604,102.8474799448897,2.508900088689989,0.8665540746348733,46.84210579803398,135.62011515626628,3.4529221196645103,1.1789560026893915,59.1297908462465,173.17911972829705,0.22426072927274274,0.07088050607113394,64.33017120921583,203.53594957604884,0.05945243874688505,0.019857009246572674,36.047241999862486,107.9264465448575,sign,sign,2.112308979034424,2.0862441062927246,0.004886406587356075,,,,,
adamw,250,L3.q,q,3,adam,0.05631216615438461,0.34453850984573364,0.5956766605377197,-0.01282255944351307,0.6500383019447327,0.34453850984573364,1.0000004768371582,0.5956766605377197,0.8033875823020935,0.05630698800086975,0.35109361701555797,52.18650882418734,30.468723877697588,108.16816592061815,185.26929345552446,0.0212114474509366,0.011751492225912598,47.14437707045791,85.09561659174736,1.3852892331569444,0.8225394263425132,55.04021162069472,92.69660530178442,1.4865425381217188,0.8117178372286601,69.17636589437974,126.68639990191548,0.10615236985381245,0.05901700133804119,67.90199554211381,122.13358153038321,0.03827421252887329,0.021121157261184582,46.22959415662933,83.77388085292598,sign,sign,0.0,0.07123768329620361,0.04584906211264793,0.06020462140440941,0.12162786923984445,0.0704858188540032,76.2896442609566,131.64274782343523
adamw,250,L3.k,k,3,adam,0.0586385652422905,0.3607112765312195,0.622307538986206,-0.07253308940916836,0.6659174561500549,0.3607112765312195,0.9999997019767761,0.622307538986206,0.7912954688072205,0.05863291025161743,0.3513150432230926,55.0507690994035,34.85473718879225,107.35351478952428,169.5578286152696,0.019870331483648005,0.010849896906474777,50.3262717483959,92.16674689139369,1.188359857162744,0.7245708776895837,67.02966656953113,109.93453841842074,1.5208343726005975,0.8741656315005468,66.5988498367034,115.8657082336471,0.0872397002102422,0.05167689361831177,86.03574972248565,145.2435022234659,0.03456586401206755,0.019488600134542428,51.22154249602693,90.84884805388695,sign,sign,0.904492974281311,0.7982807755470276,0.04584906211264793,0.0679413229227066,0.11334633976974016,0.0674787872913889,87.98580474351581,147.79265187898858
adamw,250,L3.v,v,3,adam,0.07612268626689911,0.4058035612106323,0.8254007697105408,-0.04173364615391517,0.7034037709236145,0.4058035612106323,1.0000007152557373,0.8254007697105408,0.7198410630226135,0.07611983269453049,0.38113425347150226,62.3594818567221,26.876664365114824,106.61867848984218,247.37763051819823,0.028888667152640806,0.013104514213847184,34.61567506634947,76.30963643040378,1.423259134623938,0.6270889131475722,74.23194831689243,168.47897691676525,2.0835639922001423,0.9161889783292416,44.222138802465835,100.56839609107722,0.16014705579226826,0.06363420200901915,60.842252819803434,153.12060730296162,0.05499209676033279,0.02358396081212398,34.92859638262662,81.44504509982798,sign,sign,1.8466657400131226,2.430971145629883,0.04584906211264793,0.13102181255817413,0.26342374346965397,0.10194413059007885,68.1877583045616,176.19724105175388
adamw,250,L3.o,o,3,adam,0.08785403519868851,0.5285762548446655,0.8815726637840271,-0.02809780464433298,0.7518296837806702,0.5285762548446655,1.0,0.8815726637840271,0.8468306660652161,0.08785175532102585,0.392711927572694,79.18489138730153,26.717066433371183,109.36673912978038,324.1446204796613,0.026396976969249444,0.00842653633347283,37.883125827814574,118.67272155792983,1.73066088065417,0.5455113139950479,65.20127786195916,206.85418994880797,1.6966612771045715,0.5667299507256667,63.88683865133495,191.26274360046554,0.12209816268048239,0.0380072535895733,92.10061236699835,295.87287924541835,0.04760637718850321,0.01491595705706786,41.57307773495754,132.68633128703902,sign,sign,0.8613293170928955,1.050647258758545,0.03980589323924714,0.1358080953359604,0.2167115503141472,0.07242821299456337,94.57577438534433,282.97899177420595
adamw,250,L3.up,up,3,adam,0.09691793471574783,0.2403365820646286,0.45377835631370544,-0.1579764647974118,0.8379209041595459,0.2403365820646286,1.0000054836273193,0.45377835631370544,0.8006492853164673,0.09691828489303589,0.4087459667225871,107.19794815792572,44.845538270411346,146.93096754970833,351.22107682626836,0.01518424179108607,0.00799061433578661,65.8581111514158,125.14750951609743,2.2618595082153505,0.9733395991396209,102.71836848785249,238.6983110909987,1.5323212856846682,0.7624088271518777,66.88095341227121,134.42014949296015,0.11881720343621333,0.047314144814037055,104.40857372074551,262.1950537840483,0.03297367386066346,0.015503400163437356,62.472554473731385,132.8708292854015,sign,sign,3.050488233566284,1.8936271667480469,0.0486271469434043,,,,,
adamw,250,L3.down,down,3,adam,0.12083885818719864,0.2655820846557617,0.9257556200027466,-0.09687965833321643,0.843407928943634,0.2655820846557617,1.000004529953003,0.9257556200027466,0.4201296865940094,0.12083913385868073,0.44066511868943475,125.59255982927297,43.348830189075464,138.5845429351876,401.5145835327838,0.020513740711650637,0.007126861144545767,48.74803401337023,140.31486087228078,1.6566342255241964,0.5658127485050563,71.52859547064865,209.4274469308686,2.5153354557641925,0.8565707768136624,85.51797695340824,251.12507379285347,0.1559377306658987,0.046770921967861874,99.18965132980244,330.70567102652785,0.04361285403272253,0.014221114009629146,50.92107733045532,156.1631185361714,sign,sign,2.266577959060669,2.5096635818481445,0.009513843368923304,,,,,
adamw,250,head,head,4,adam,0.1762705289400541,0.2912707989032452,0.5612689091609074,-0.06955491764469768,0.9133709073066711,0.2912707989032452,1.0000007152557373,0.5612689091609074,0.7859900593757629,0.17627020615797775,0.5053385409031643,2663.2231157244073,682.9001253753972,0.9099399267627012,3.548649292666108,2.1436878436582902,0.7084397908360035,0.46648616225261397,1.4115535691123076,39.035352631589994,9.859388722926774,0.9346009869508632,3.7002779909289454,186.20862817000835,59.828912019066884,0.5402903645702377,1.681573744279944,15.590174452519037,4.119341672066742,0.7349236069821634,2.7814122144371685,4.407184265489582,1.335091434693785,0.4610263161778719,1.5218642512688727,rows,rows,1.0513875484466553,1.5679429769515991,0.04708341940288305,,,,,
adamw,300,embed,embed,-1,adam,0.17812615908109225,0.17672550494854267,0.3595963991605319,-0.040024064948888216,0.9727648496627808,0.17672550494854267,1.0,0.3595963991605319,0.5914536714553833,0.17812618842491737,0.46300363735066247,1357.5172214896504,600.3316857144231,1.0831215824712725,2.4492397055838917,1.4956079802565998,0.8963737649704503,0.668624407733122,1.115606055285393,28.826011888440437,13.270579886981745,0.8108567371682699,1.7613221234110434,104.97640598524723,57.56838400554539,0.7211722409026686,1.315063315638607,11.428436672340078,5.185612623173802,1.0131046423560297,2.2327549489289282,3.139191145941482,1.7127509300015604,0.5930221289512745,1.086912162149293,sign,sign,4.561872482299805,0.0,nan,,,,,
adamw,300,pos,pos,-1,adam,0.13555823266506195,0.32461416721343994,0.76486736536026,-0.08058697397263626,0.9523395895957947,0.32461416721343994,1.0,0.76486736536026,0.5494551658630371,0.13555820286273956,0.396363461223963,2373.9258691619516,604.0529356889853,2.240372618502422,8.804656349461693,0.8940729701660566,0.23791459126839334,1.1184769402147003,4.203189029595466,60.23400583433959,15.19448049539199,1.625377914186449,6.443328075336581,64.6122612381372,17.622349462702964,1.0884971347970178,3.99096961385995,7.519704293050417,2.013946316385161,2.307464908848058,8.615648609875617,1.9678130991957212,0.5319810065697508,1.0151099581751317,3.75492103693957,spectral,sign,0.034543875604867935,0.13305094838142395,nan,,,,,
adamw,300,L0.q,q,0,adam,0.16135340929031372,0.37176814675331116,0.6450363397598267,-0.06902101328331767,0.8460599184036255,0.37176814675331116,1.000000238418579,0.6450363397598267,0.8487501740455627,0.16135331988334656,0.4908759062274463,497.3839478158998,200.37416045359674,12.24617188221115,30.398377228968272,0.1855824565190538,0.07340689900552251,5.388441651088441,13.622701026280208,12.919656717565983,5.224085567925339,6.390622699518033,15.804613154919478,14.46805562184368,5.659892977675905,7.508958018782341,19.194713169725407,1.7933646492407531,0.6471908153011265,11.516474524716786,31.912131334711848,0.4379885420114643,0.16859173194483912,5.648227828907027,14.67366781984884,sign,spectral_head,0.12700948119163513,0.2878435552120209,0.12497163636727812,0.19616885483264923,2.486323833048094,0.9034619667772293,11.784150165791006,32.429935610834924
adamw,300,L0.k,k,0,adam,0.09420572966337204,0.2802879214286804,0.5210025906562805,-0.03062165720877663,0.8213463425636292,0.2802879214286804,1.0000009536743164,0.5210025906562805,0.7402278184890747,0.09420407563447952,0.3888386129021061,951.5829128487294,532.6405132063119,4.825892985972012,8.621644788234034,0.4309939398649866,0.2611336017260436,2.320220451330655,3.829461038581399,24.52151209119115,14.697122985388406,2.7195848019486664,4.53750925744475,32.3712277191806,17.77284914174531,2.926956048394197,5.331118269836228,3.2947148513907756,1.5005340803064329,3.6599034238708392,8.036030852975161,0.8865104933064172,0.490813618703223,2.210492332454371,3.9926044702502246,sign,sign,2.295691728591919,0.347879022359848,0.12497163636727812,0.11756778508424759,5.070310301747909,2.351947064534684,3.1961350859798707,6.890204671943925
adamw,300,L0.v,v,0,adam,0.11341799795627594,0.3620760440826416,0.6696475744247437,-0.04130068397312947,0.8210382461547852,0.3620760440826416,0.9999995231628418,0.6696475744247437,0.7788586616516113,0.11341690272092819,0.41935942797283,1583.7214552331657,675.3507125201148,3.7457684788242105,8.783960387208909,0.6292767118441293,0.2866495422408916,1.5891252676939043,3.488578824669716,40.0822754435275,17.16502697451215,2.1384736414760717,4.993577327530143,44.25455176617815,19.826232090772525,2.2527379605638216,5.028384023498118,4.728717457008094,1.844057110569758,3.0700715382910055,7.872587456304377,1.3016511010568874,0.5657132372801258,1.6236609296129008,3.7358857765726343,sign,sign,3.8488612174987793,0.8447420597076416,0.12497163636727812,0.1756470799446106,9.266739759821274,3.657396482232677,2.811558590861772,7.123641614348868
adamw,300,L0.o,o,0,adam,0.11989808827638626,0.43601444363594055,0.8680142760276794,-0.09272436100749504,0.8027579188346863,0.43601444363594055,1.0000005960464478,0.8680142760276794,0.7463498115539551,0.11989772319793701,0.448941600295195,1216.9441423936128,478.7976757655587,5.870163137052743,14.919998584180917,0.40048005339181675,0.16582170496466822,2.49700475111573,6.030577217014617,35.794576052622325,14.83260442074824,3.10398500510815,7.490648586038282,30.38295926265278,11.65318171485444,3.1442880547957905,8.19799932898408,3.3892068637389134,1.227964605089758,4.528187419494302,12.497887820898962,0.8789480714582407,0.34530148552858486,2.574126374668269,6.5523130004523855,sign,sign,0.7501803636550903,0.466450959444046,0.05923236670466119,0.21550783514976501,6.8077413919453935,2.4628523230575694,4.598002714123645,12.709659082748466
adamw,300,L0.up,up,0,adam,0.2706894874572754,0.5645580291748047,0.904977560043335,-0.11237845277548864,0.9796446561813354,0.5645580291748047,1.000001072883606,0.904977560043335,0.941158652305603,0.27068960666656494,0.5747657121825324,1171.4098276717282,523.4627407570109,31.584910870637184,70.68100959104311,0.09200368118141344,0.042465108038116185,10.869141973915125,23.548770251238185,26.56577053690862,11.897479293994559,17.441561128386756,38.94509915020991,8.855660212894913,4.037777737144065,13.60353769216447,29.835299349667736,1.3098599328075387,0.4868470207703211,26.45188908027411,71.16870017710606,0.24884853430352125,0.10596704528475251,11.640159877088164,27.33525990734442,sign,spectral,0.23716986179351807,0.2799009680747986,0.10951569528681893,,,,,
adamw,300,L0.down,down,0,adam,0.15221907198429108,0.544549822807312,0.9044029712677002,-0.1323286417132341,0.944473385810852,0.544549822807312,1.0000014305114746,0.9044029712677002,0.8904131054878235,0.15221919119358063,0.47248638991204805,1472.246340670064,780.212315062147,24.240248524752644,45.74090474931473,0.12543829464993778,0.06595931079874973,7.972058559168005,15.160883556873518,10.282286831063649,5.347384014744939,11.258544156980154,21.648637913988928,39.84318956541254,20.876233611334452,11.442143939337637,21.837823742413278,1.0589546343412017,0.44568493857024427,18.39933066150635,43.71710772924727,0.27657012860660296,0.13426502373750793,8.609683381493491,17.734933296828416,sign,sign,0.3369215726852417,0.34100252389907837,0.026588306443023606,,,,,
adamw,300,L1.q,q,1,adam,0.06567017734050751,0.4945894777774811,0.8372393846511841,-0.01531649750178643,0.6660369038581848,0.4945894777774811,0.9999992251396179,0.8372393846511841,0.8394179344177246,0.06566376984119415,0.36624523925784747,84.29779299265606,65.65646037331702,96.12771243740873,123.42051273905527,0.02760710061241883,0.022782456539574274,36.222537063156004,43.89338890661632,1.9158446353764331,1.5047211665026967,55.93702080873328,71.22026566850948,2.093649090296496,1.694037230458221,51.31972502147084,63.42569907770313,0.11645505973394832,0.08869826277741133,72.18043592732501,94.76822560362197,0.048457089983911614,0.03883823438458227,38.09061472886219,47.52431140875193,sign,sign,0.0,0.6192896962165833,0.05600269329804836,0.09594319015741348,0.16896795543365964,0.1266697569105639,78.96178549050116,105.32909967721352
adamw,300,L1.k,k,1,adam,0.050586145371198654,0.41755956411361694,0.6877650022506714,-0.00967309407835415,0.6744533777236938,0.41755956411361694,1.000001072883606,0.6877650022506714,0.8135965466499329,0.05057979002594948,0.32935183896190506,92.06884226134864,74.63221439292109,74.30630960925573,91.66679501722518,0.0288676478783675,0.0258547915860172,34.64089201507044,38.677591716671465,2.11658733796085,1.70541269257216,41.59238728740532,51.62030320960627,2.0572164207460353,1.7996227097339663,50.621974878766345,57.867883866939096,0.11845220848832276,0.09035627785554147,54.663636900449866,71.6610806524602,0.04917572678572104,0.041449626026159266,33.75304119113348,40.04451887587196,sign,sign,0.3375741243362427,0.8706740140914917,0.05600269329804836,0.05201222002506256,0.15014886514881576,0.11068457727081424,62.0439412609401,84.16554139152299
adamw,300,L1.v,v,1,adam,0.04554919898509979,0.3303375840187073,0.5914355516433716,-0.08789505067366254,0.65486079454422,0.3303375840187073,1.0000004768371582,0.5914355516433716,0.7399097084999084,0.04554519057273865,0.3160278758747665,148.88546486010134,93.55966347213042,36.35177538417242,57.848123600558935,0.0554742734909873,0.042413230762522854,18.026382571727137,23.57755961662741,3.2989305404908515,2.127691078405609,22.94796743404228,35.58023595562584,3.984568870956934,2.9104781428457565,23.7688055484013,32.54050985429697,0.23777551883828157,0.13724673991098255,24.52017958893596,42.48041467176989,0.09434565344176819,0.06629418264897231,16.881339968498168,24.024446590341782,sign,sign,0.551372766494751,0.18230845034122467,0.05600269329804836,0.046009358018636703,0.33162092241922947,0.1752538286261918,27.457418483910658,51.955808990094944
adamw,300,L1.o,o,1,adam,0.08218161761760712,0.44252678751945496,0.853859007358551,-0.16228643526135766,0.752206563949585,0.44252678751945496,1.0000007152557373,0.853859007358551,0.7239843606948853,0.08218012750148773,0.38301459034956514,159.22389180351976,54.23976402302679,45.53562159921075,133.67238993961524,0.05581252836931036,0.019983992722037137,17.917136966789123,50.04008604111415,4.678653843132943,1.6114143326159696,23.360128063825425,67.82486088755755,3.898688451158615,1.312504380571066,23.76953155654322,70.60547723934066,0.3123420009303634,0.09329266004841356,33.678627545265435,112.75538622886056,0.10559162887709467,0.03457112287138736,18.280537626470977,55.83480038843833,sign,sign,0.6959088444709778,0.5115785002708435,0.02823962048889941,0.11294624209403992,0.504969864838891,0.15674524166884024,32.7050151371574,105.36235038162134
adamw,300,L1.up,up,1,adam,0.12054223567247391,0.3493223786354065,0.6223224401473999,-0.13837757578462906,0.8713879585266113,0.3493223786354065,1.0000032186508179,0.6223224401473999,0.8387884497642517,0.12054246664047241,0.44671636270865417,182.06833197754014,75.94006567330014,125.73955699816096,301.46394005949674,0.021815448887625943,0.01066349202442457,45.83922264455604,93.77821227420861,3.552451371654062,1.5152656145501397,89.69273778042214,210.27936376030357,2.190870314242946,1.017408823231096,49.005603331169375,105.52780663809632,0.20548627377173262,0.0796928064175988,75.08740915913054,193.6113509973703,0.050277767316246856,0.022331428596132647,44.77742426067864,100.81347497800247,sign,sign,0.47677427530288696,0.3097255229949951,0.051330361037973504,,,,,
adamw,300,L1.down,down,1,adam,0.12948517501354218,0.32309362292289734,0.8830710649490356,-0.14706532704080766,0.9104707837104797,0.32309362292289734,1.000003457069397,0.8830710649490356,0.528214693069458,0.12948541343212128,0.44366252133513157,279.21905682813053,93.03428504227156,75.83387721601154,227.59634969252622,0.03745163990739182,0.01312037906740962,26.701192779332114,76.21757358774464,2.937767786814942,1.0387320917916436,38.47584442200735,108.81833458954068,5.684816465166883,1.8552658194012188,47.57337805163835,145.77206135282978,0.2908121042726797,0.09171009558575,56.99258275635874,180.72310156753156,0.08070845324725609,0.02729970355719267,27.703653195636953,81.90268418241351,sign,sign,0.6845684051513672,0.5324115753173828,0.005896766681350272,,,,,
adamw,300,L2.q,q,2,adam,0.0684436708688736,0.5495186448097229,0.904660165309906,-0.047343720259130695,0.6665247678756714,0.5495186448097229,0.9999988079071045,0.904660165309906,0.8347106575965881,0.06843684613704681,0.37168814664579086,49.165905938086865,39.32748343016763,183.12107353213628,228.93184845019013,0.017894185800891357,0.014872890641433593,55.88400718725587,67.23634510706756,1.4206384874669546,1.121554707255263,81.51018164102885,103.24641358160069,1.2982447449362007,1.064696151109587,82.2980139831907,100.35066254444097,0.07901911626419401,0.056586305144019314,110.86916191525904,154.82161581672992,0.031052445240058943,0.024410549317241112,60.32348114927258,76.73697018176006,sign,sign,0.0,0.0,0.05588684110540071,0.09160813689231873,0.13555810397634185,0.0950365999745287,100.14682087928212,142.84721003584212
adamw,300,L2.k,k,2,adam,0.07007541507482529,0.5356175303459167,0.8980962634086609,-0.1519831506609315,0.6671232581138611,0.5356175303459167,0.9999998211860657,0.8980962634086609,0.8361473083496094,0.07006995379924774,0.3769464572894121,63.27631130582938,46.12208531094073,138.686301968096,190.26801494393465,0.023620396156454563,0.018546153780053788,42.33628490235137,53.91952601307318,1.228796595523659,0.8953844089960695,93.55195329729838,128.3876741222252,2.012274042030385,1.5565789904091998,53.18701788786177,68.75774125707193,0.13167676117698385,0.09027601785395141,68.11871086480546,99.35807355548303,0.04322405029866432,0.03220355082855885,43.94989370650913,58.990153797152395,sign,sign,0.3776739835739136,0.15980681777000427,0.05588684110540071,0.0695086419582367,0.17219815621629778,0.11487651520080924,72.90042619032319,109.27663461423946
adamw,300,L2.v,v,2,adam,0.07255548238754272,0.48106253147125244,0.8085079789161682,-0.19769415225995235,0.697814404964447,0.48106253147125244,0.9999994039535522,0.8085079789161682,0.8248938918113708,0.07255250960588455,0.3725720774170076,121.90354484272322,64.38478269492668,64.655449731128,122.4160148675326,0.03968598706632876,0.023523698206014906,25.197795944503376,42.510297283862315,3.059995456798662,1.664525598732318,33.819991814477646,62.17328311447147,2.878905043595471,1.5884527702549274,36.675894672784466,66.47123548716537,0.22871406907931355,0.09902670493855496,40.605709192351014,93.7837625012004,0.07621627413720225,0.03999316698788699,24.6357554709855,46.94915741787607,sign,sign,0.0,0.0,0.05588684110540071,0.09819173812866211,0.3607906182675923,0.1479714343051901,46.1562088477704,112.54014807161398
adamw,300,L2.o,o,2,adam,0.0977083295583725,0.5094577670097351,0.8571504950523376,-0.14789452530046676,0.7552672624588013,0.5094577670097351,1.0000008344650269,0.8571504950523376,0.8514260649681091,0.09770670533180237,0.4099312273151673,111.44527713091682,35.375638824202795,74.8973511446535,235.95209393015398,0.03568970050269785,0.011594496144549764,28.019311464646076,86.24789055064701,2.683454627956252,0.8378580252443419,40.885827628194164,130.94732050182762,2.7799755172543015,0.880405465152605,39.20269644085094,123.78675579555551,0.24554530607164318,0.06636046428698943,50.93427402708519,188.4657083083372,0.07221214599574334,0.021429890811523748,28.60908540924817,96.40382541129823,sign,sign,0.4826403856277466,0.5068012475967407,0.07085538849187309,0.13996334373950958,0.3747297000283078,0.10614385842100729,57.56368835404317,203.22253204585257
adamw,300,L2.up,up,2,adam,0.12215543538331985,0.2636735141277313,0.4849393665790558,-0.12841627005136724,0.8752186298370361,0.2636735141277313,1.000004529953003,0.4849393665790558,0.8251333236694336,0.12215573340654373,0.44657481646082947,130.8376873337199,44.178674771469616,132.07285892939743,391.1413710633623,0.017428322139276906,0.006435152543980012,57.37812980283211,155.39717560984505,2.6426487415104045,0.9426290138822863,93.9545811701661,263.4005022462447,1.6634159077822668,0.5761079723291973,63.49408162778751,183.32859551080162,0.15729611446869377,0.04931849957845036,99.40445082735707,317.03993450096146,0.04000679048565647,0.013833218504095352,56.255345172866974,162.6950233861253,sign,sign,0.22864101827144623,0.30046120285987854,0.04896204094390437,,,,,
adamw,300,L2.down,down,2,adam,0.10770561546087265,0.22424960136413574,0.8762527108192444,-0.07230450488737783,0.8663924336433411,0.22424960136413574,1.0000078678131104,0.8762527108192444,0.36384379863739014,0.10770606249570847,0.409881790206552,190.19975947186498,50.4344027641646,77.26835152582801,291.3967662851422,0.03355642316587194,0.008914035415964236,29.800788447266733,112.18351971343822,2.847599048737789,0.7863927417774375,39.38768944124309,142.62637614298654,3.737368050287262,0.9732276926692403,49.84470953777893,191.41258135741862,0.25559474460768533,0.0666642556581132,53.93841732000991,206.8031190530941,0.07142964003442549,0.01912805227787619,28.9190076271784,107.99187888833563,sign,sign,0.8777491450309753,0.6766772270202637,0.004578504773498336,,,,,
adamw,300,L3.q,q,3,adam,0.061062220484018326,0.4050139784812927,0.7194379568099976,-0.0713752877328776,0.6584781408309937,0.4050139784812927,1.0000008344650269,0.7194379568099976,0.7840001583099365,0.061056867241859436,0.35759185292066364,60.267126241813365,33.10758335236149,110.10561540320491,200.429881964314,0.021254703169912653,0.011603945248401713,47.04844976995914,86.17765880985723,1.350063829490719,0.7741629840668898,68.21015159440115,118.95177161263375,1.5070826052648363,0.7929455060330951,66.58694083065025,126.5560111005705,0.07615647045352028,0.041145862756386625,102.63036823522917,189.9575335779525,0.03505131670594195,0.019010867230724735,51.41461663712961,94.7957812334856,spectral_head,spectral_head,0.1901116669178009,0.0005478229140862823,0.0508795756215414,0.0696600154042244,0.09229700401849511,0.05082555318764176,120.82157323781871,219.4067458445949
adamw,300,L3.k,k,3,adam,0.053069572895765305,0.37400153279304504,0.628044068813324,-0.057731048992288536,0.6666174530982971,0.37400153279304504,1.0000001192092896,0.628044068813324,0.8240094780921936,0.053063683211803436,0.3372777665247572,55.561514749003784,39.27078519335355,110.28571018919384,156.03561484984857,0.022357091757456014,0.01553936825712457,44.72854206879537,64.35268813137267,1.168022906797605,0.8527303575239371,68.82539746460246,94.27322494009935,1.7426788508709108,1.1487181828526065,60.52360889276307,91.81818027279732,0.09040292906521799,0.05685197541148648,75.14034982144491,119.48411054633816,0.03772075173163975,0.025416679446581658,45.06207169614465,66.8763684310552,sign,sign,0.0,0.0,0.0508795756215414,0.056935254484415054,0.11911925918007092,0.07508670806742322,76.17123876565206,120.83978331351757
adamw,300,L3.v,v,3,adam,0.07071185857057571,0.41894012689590454,0.7499661445617676,-0.18407258340018595,0.6933781504631042,0.41894012689590454,0.9999998211860657,0.7499661445617676,0.8015543818473816,0.0707094743847847,0.37091614716546756,71.20894452454861,41.880433770903515,96.39119193370757,163.8931219435271,0.02641440287778757,0.018621492846598,37.85812709122366,53.701377726477915,1.4805085961044533,0.9442593082383217,64.8396549378316,101.66239894738521,1.8792074865695088,1.1858301438721859,54.59693067941057,86.52079001925205,0.14150051979685138,0.07330853268944643,63.965249051236775,123.46606401232836,0.04996155277377832,0.031543950519369375,37.41477958303902,59.26018947783521,sign,sign,0.0,0.0,0.0508795756215414,0.10809006541967392,0.2528162593223122,0.1224356320629383,60.69214378519107,125.3226736652638
adamw,300,L3.o,o,3,adam,0.0903596580028534,0.5051122903823853,0.8770757913589478,-0.04732345131906546,0.7492549419403076,0.5051122903823853,0.9999998807907104,0.8770757913589478,0.8107254505157471,0.09035705775022507,0.3992732490130517,68.18095887013493,23.802570766497933,121.37933966854202,347.6834433897835,0.023591147370865123,0.00838037139713512,42.388776818278124,119.32643953376177,1.7475916899180863,0.6031478155252191,64.24023525724563,186.13298167412694,1.7259015453294577,0.6030924897524709,60.12675401261455,172.067899085607,0.13463633688943286,0.04044447643040397,85.90574831361664,285.9731733848382,0.04585800850165866,0.015145169802118257,43.87917458583537,132.8616045573532,sign,sign,0.11801531910896301,0.06918268650770187,0.05159225083390788,0.13337743282318115,0.2573192169444338,0.08064651335046337,79.51847521485689,253.71998025485348
adamw,300,L3.up,up,3,adam,0.1104142814874649,0.22751668095588684,0.42314502596855164,-0.12186968146821953,0.8553070425987244,0.22751668095588684,1.0000072717666626,0.42314502596855164,0.7948330044746399,0.11041475087404251,0.4270376496019889,125.5459682578773,45.32524566818266,118.76552795783984,328.96750990126174,0.01914542117595048,0.008313974478385335,52.23218975317303,120.28029125738608,2.7584334324791153,1.0849869373919547,78.54104824316391,199.68005680941474,1.7863978661241917,0.6942876684086962,56.95182831442151,146.53670114282502,0.1671915494064492,0.05630568768162099,84.5322657314745,251.00626711812913,0.04272188967249145,0.01670438660479614,50.375444451716874,128.83646858670357,sign,sign,0.19764502346515656,0.25177207589149475,0.05381383265914166,,,,,
adamw,300,L3.down,down,3,adam,0.13210546970367432,0.24128034710884094,0.9202198386192322,-0.0976052989531716,0.839048445224762,0.24128034710884094,1.0000052452087402,0.9202198386192322,0.39197903871536255,0.1321057826280594,0.4584512184302996,124.80146243550561,33.16564574888798,126.70163089071607,476.7749419941622,0.02152577909549886,0.006754099638934032,46.45616963605494,148.0590010020294,2.0717548024681376,0.6442282966514636,56.85428565336859,182.83602250241844,3.005749556356298,0.7969087710099781,66.76979038318643,251.83970251439575,0.19999239142921557,0.05164870785344028,84.55091744015917,327.3952220523029,0.049033406852262665,0.014306471427563913,47.1199027381988,161.49680048636338,sign,sign,0.4949010908603668,0.3696097731590271,0.012482469366298812,,,,,
adamw,300,head,head,4,adam,0.16524093334491435,0.2605552379901592,0.523511974628155,-0.031463875627822935,0.9194814562797546,0.2605552379901592,1.0000001192092896,0.523511974628155,0.710412859916687,0.16524093334491435,0.48695688092638245,2717.077332407503,791.6701997322659,0.7978497903691608,2.738286196463196,2.18252624163706,0.8069539669090283,0.4581846944755238,1.2392282090634101,54.486390466695426,15.775450981367664,0.6245280346039754,2.1570399724876816,183.65616504127132,66.67957987626109,0.4951254756348716,1.3637285393531606,15.961635468294288,4.593937863178306,0.6729046519954501,2.3380069735292195,4.5885825497132675,1.5507860396684803,0.4266937982748875,1.2625337517569972,sign,sign,1.2195171117782593,0.19477856159210205,0.052384343632031836,,,,,
adamw,350,embed,embed,-1,adam,0.2424193602341872,0.2513106419489934,0.524476564847506,-0.09803793449932596,0.9823065996170044,0.2513106419489934,1.0,0.524476564847506,0.6798405647277832,0.2424171154315655,0.532783393217244,2413.287076068032,1156.0793432932355,0.866413516133495,1.8086168160910339,2.3546182993622793,1.9707772587822021,0.4246972854457295,0.5074140142138274,61.5118183181333,31.73311281776437,0.5542183217340867,1.074302950071875,198.36301581153128,133.53927486222935,0.4386885928767857,0.6516404434196096,19.636334718669666,10.072543875468345,0.8024541565916891,1.5643772427339762,5.27933339680569,3.647269846091875,0.40576636325964927,0.5873368309044754,sign,sign,4.13786506652832,0.008895785547792912,nan,,,,,
adamw,350,pos,pos,-1,adam,0.17327314615249634,0.3598395884037018,0.8051525950431824,-0.08419133866123873,0.9579451680183411,0.3598395884037018,0.9999989867210388,0.8051525950431824,0.6022442579269409,0.17327308654785156,0.4441513573574486,3241.6910426981162,932.4864051544911,1.8186840567937743,6.322464095795032,1.3508177045912046,0.44530977591660853,0.7402915902880223,2.245625496684144,98.09030126018288,28.41083798000695,1.0506597578099353,3.627472453929433,105.21626903367275,34.024654733543734,0.732655374711851,2.265629603543067,14.872708284741467,4.492801270614715,1.4912516832043325,4.936552927121382,3.2883251770250843,1.0525545195156982,0.6807058245632515,2.1266186782313996,sign,sign,0.3855527341365814,0.17755910754203796,nan,,,,,
adamw,350,L0.q,q,0,adam,0.16371135413646698,0.3857667148113251,0.6623048782348633,-0.10024111479006059,0.8539435863494873,0.3857667148113251,1.000000238418579,0.6623048782348633,0.8648874163627625,0.16371044516563416,0.4931267375706961,968.6124120676858,444.48751521271424,6.525212537775208,14.21952617149225,0.30248267517995076,0.145817405993548,3.3059752523798807,6.857893484011273,23.42144307574831,10.922197791090529,3.6195474437628756,7.761718477870389,24.436784390162238,11.36814110004536,4.530284653123243,9.738231459318522,2.7513566474908164,1.065536662262544,7.616264862635279,19.666203614586713,0.7093842808136592,0.31491063986333284,3.503325417006736,7.891775211145875,spectral_head,spectral_head,0.5114096403121948,0.28171971440315247,0.1344461160118812,0.18485979735851288,3.748432254930313,1.4651333339393227,7.877340077261462,20.15357574949897
adamw,350,L0.k,k,0,adam,0.12213213741779327,0.32754960656166077,0.589954137802124,-0.08972665148861769,0.8329569697380066,0.32754960656166077,1.0000009536743164,0.589954137802124,0.8086749911308289,0.12213054299354553,0.4350358168441286,1499.4460336551954,842.9528500885458,3.5790369466143246,6.366397306020772,0.6407981593138259,0.4320511646551371,1.560555284280356,2.314542895567742,39.42877629282807,23.798097739073413,1.9152034817881878,3.173116207296157,50.066177144175825,29.143904913869005,2.0674715899851246,3.551699718025348,5.24676664163369,2.465776318869298,2.9795337634801853,6.339958023855839,1.3953099768375827,0.816009551525714,1.571293817648107,2.686784653694742,sign,sign,2.3394601345062256,0.8745920658111572,0.1344461160118812,0.13565252721309662,7.178746265468094,3.3409653293875445,2.9072347066173805,6.246787450737966
adamw,350,L0.v,v,0,adam,0.11140650510787964,0.3189784288406372,0.6057748198509216,-0.0666313051701991,0.8155024647712708,0.3189784288406372,1.0000007152557373,0.6057748198509216,0.7412860989570618,0.11140503734350204,0.4141358888840721,2825.136280983053,1347.9399694513363,1.8498727347434287,3.8771330300801465,1.1039344206410098,0.6489670454810249,0.9058515583516977,1.5409113948375,65.61598020895372,33.37634265901194,1.1817117826175103,2.323177758962204,88.81848507703427,45.160756191347566,1.0682981204217608,2.101041449892352,7.880832797390263,3.1985561738405517,1.8094585495996485,4.458274142511273,2.298444020133495,1.1574724838781094,0.9080552223180296,1.8031651937806714,sign,spectral,1.4704378843307495,1.2053966522216797,0.1344461160118812,0.1578834354877472,16.888015535400218,6.935855669476241,1.410524126959012,3.4344649750964984
adamw,350,L0.o,o,0,adam,0.11859744042158127,0.3897686004638672,0.8551914095878601,-0.09709199245481737,0.8020291924476624,0.3897686004638672,1.0,0.8551914095878601,0.6525138020515442,0.118597112596035,0.4407088788095009,1952.5558246315022,753.3575928074041,3.2705691020154046,8.47667669506395,0.6817954127919643,0.26858271239323267,1.46671564700763,3.7232478259281905,56.39191981077283,22.002094985706194,1.9411380352816883,4.975185340230575,46.59227485951008,17.971697144061384,1.7926097601896722,4.647405639717049,6.141002657166218,2.1296197707278632,2.4719854982027516,7.128253466463199,1.5187878470178084,0.5713460280161512,1.46237202401637,3.88736903555075,sign,sign,1.1726634502410889,1.0052026510238647,0.07790282362516841,0.19505321979522705,11.469719654416723,3.9796436699242257,2.4570920968959515,7.081578114508954
adamw,350,L0.up,up,0,adam,0.26711806654930115,0.5671716332435608,0.9162417650222778,-0.09140292820162366,0.9793483018875122,0.5671716332435608,1.0000001192092896,0.9162417650222778,0.9354391098022461,0.2671181261539459,0.5712262044386327,2018.7541050832976,672.3021478000854,18.412425794035123,55.287879531366386,0.1509746842142026,0.05036307632695604,6.623627824851027,19.855818828804452,45.11497274793682,14.99327966082775,10.398228240376355,31.288403491668568,14.75685025973305,4.891831009804852,8.113940573173068,24.476766637011057,2.0892416176478257,0.605720958693602,16.365325991447165,56.44698215734074,0.4033019098339893,0.1272818197612979,7.1380759840193635,22.617524500309568,sign,spectral,0.8683301210403442,0.7662628293037415,0.11702959333567686,,,,,
adamw,350,L0.down,down,0,adam,0.16053041815757751,0.5453105568885803,0.9127161502838135,-0.13927011211883,0.9560167193412781,0.5453105568885803,1.0000007152557373,0.9127161502838135,0.8917191028594971,0.16053059697151184,0.48258111633361517,2350.3804180521774,765.6149634243634,15.204973791377393,46.67812720954033,0.18651108240109568,0.061639649089881336,5.361615526444785,16.223335629272682,17.90889680139209,5.845673099353092,6.523442986574523,19.985323375208374,53.0700860412821,17.375079459353902,8.602966656374251,26.276724761582173,1.6081055338044354,0.48590367095957676,12.77770807261705,42.28801774708655,0.4185608213030648,0.13409432987105863,5.810515837730016,18.136891273280064,sign,sign,1.8186943531036377,1.6871994733810425,0.03355729654474292,,,,,
adamw,350,L1.q,q,1,adam,0.07950226962566376,0.5428438186645508,0.9324740767478943,-0.08175103706644482,0.6571263670921326,0.5428438186645508,1.0000004768371582,0.9324740767478943,0.8413269519805908,0.07949750870466232,0.3999753978801019,94.23944623493736,57.43861828631305,94.37611828519793,154.842741527425,0.028023085473148555,0.017881656423831747,35.68488123106033,55.92325750674917,1.977204820205663,1.2557613238894205,60.36637206423325,95.04726698705107,2.2576329545354867,1.374952424739093,47.70033571540998,78.32260077940555,0.16905477374393657,0.09799073079861405,60.19525539024616,103.84957023507037,0.05465601107366431,0.03338692181862699,36.8806718341706,60.37544937874429,sign,sign,0.0,0.0,0.0655445776650966,0.10050319135189056,0.24497857788608937,0.1364442149572451,66.83446644195055,119.99785075428156
adamw,350,L1.k,k,1,adam,0.07612673938274384,0.5484732389450073,0.91265869140625,-0.03033951888056452,0.6793222427368164,0.5484732389450073,1.0000003576278687,0.91265869140625,0.8607880473136902,0.07612090557813644,0.3862736785132574,162.33433797506555,57.29807289074227,55.356036553740545,156.83224746511345,0.057616402842523666,0.01909892364343314,17.356174774760852,52.358990291670324,4.118903742499587,1.407961881343616,28.36199139460995,82.97121821829333,3.864304649483188,1.3154305356409743,28.51246991380142,83.76031046174866,0.23676168936424039,0.09079666624138631,41.15625939390637,107.31919910042484,0.09927864793420065,0.03465729762367501,19.608413276946365,56.169894704670824,sign,sign,0.1398627609014511,0.12005827575922012,0.0655445776650966,0.1016952320933342,0.36580517634265747,0.1416353775810065,40.7751475509775,105.31097734923134
adamw,350,L1.v,v,1,adam,0.07363127171993256,0.44748494029045105,0.794890284538269,-0.16975952839169828,0.6735263466835022,0.44748494029045105,1.0000003576278687,0.794890284538269,0.8065807223320007,0.07362890988588333,0.3807717304444031,232.69462470706654,83.65563968169023,31.507359789459297,87.64015539915142,0.08889151517948267,0.03390126792897938,11.249671643111803,29.49743235924965,6.374965601097751,2.2761527802237373,15.960236146745338,44.700846667637656,6.564456361294416,2.4794824190076725,15.72747639351177,41.638662838277064,0.44179114993539964,0.159607150438313,21.333163377151166,59.05000342571735,0.16287435628975702,0.06094269657918136,11.78189716081176,31.488086738105878,sign,sign,4.444548606872559,1.763655424118042,0.0655445776650966,0.10715924203395844,0.6875917816952575,0.24322584000732625,23.59653967710411,66.70667375610314
adamw,350,L1.o,o,1,adam,0.10524259507656097,0.5206369757652283,0.9004881978034973,-0.059978570659937835,0.7653039693832397,0.5206369757652283,1.0,0.9004881978034973,0.8329037427902222,0.10524176061153412,0.42382499447380473,176.16657818663685,70.39232069540196,48.42074074856813,121.179641851113,0.05258598827704454,0.022636731262543695,19.016472500841672,44.17598938653609,4.299944486356455,1.7578668304516007,26.80557613815033,65.5695228569939,4.017073986750488,1.6151129629023926,26.539635423391665,66.00880652060705,0.38156629294557504,0.1316350236294351,35.304622882582265,102.33639730312743,0.10971508997089426,0.042870619778567376,19.46810021321326,49.82303445780638,sign,sign,0.6170847415924072,0.6257784962654114,0.04255170429899513,0.14958764612674713,0.6201173809760059,0.22159268744550642,35.160514374439266,98.39515165864121
adamw,350,L1.up,up,1,adam,0.12674373388290405,0.35118839144706726,0.6153212785720825,-0.13370542019073273,0.8875640630722046,0.35118839144706726,1.000004529953003,0.6153212785720825,0.8393060564994812,0.12674400210380554,0.4520517857800676,368.2586187842649,120.21021104709921,62.498150071425876,191.46029460723076,0.036970333041391454,0.012709431405008955,27.048837478239978,78.68208246978601,5.713020429129812,1.8750637078929282,55.1449970356386,168.01802162921297,3.73888744585614,1.268598594432096,28.73346063171841,84.68492374455649,0.33833900492476615,0.10741800049760669,47.94964768425624,151.02902687474466,0.08580786628523644,0.028576173415884802,26.549995696583956,79.72370714056781,sign,sign,0.6885489225387573,0.5567615628242493,0.06126346510629475,,,,,
adamw,350,L1.down,down,1,adam,0.1535886973142624,0.33072397112846375,0.9041162729263306,-0.12046327334396723,0.9324438571929932,0.33072397112846375,1.0000025033950806,0.9041162729263306,0.548102855682373,0.1535889059305191,0.47544604058389317,417.667440152739,124.96545421908911,51.89374149909507,173.44254303973983,0.04819663355482562,0.0142368134002259,20.74838903961077,70.24061321048242,4.6783417200818604,1.3766377462115602,24.736731487101665,84.06487709133724,7.757593945142043,2.307019518758588,36.174703663770664,121.64121708878383,0.44151313774209827,0.12273738689877615,44.527273287828734,160.17430907684746,0.11157563313681425,0.03219985370797728,21.47509162570345,74.4132866732666,sign,sign,1.2856171131134033,1.3087072372436523,0.007726556077295899,,,,,
adamw,350,L2.q,q,2,adam,0.06896572560071945,0.5076497793197632,0.9202424883842468,-0.060139321993386674,0.665402352809906,0.5076497793197632,0.9999992251396179,0.9202424883842468,0.7792180776596069,0.06896025687456131,0.372530659054718,68.83904067608397,54.67408296738558,120.82292116055889,152.1257153839506,0.020782599153342216,0.01574367606376732,48.1171396205657,63.517517833146215,1.6654418961586237,1.27277770810019,70.72659741830145,92.54643427798891,1.5322470227241805,1.1880263607697021,65.09388660002236,83.95429363689362,0.098097406267429,0.07020120608639115,89.98820048441821,125.74725641225272,0.038035521758163486,0.028225304413921577,49.36007066681082,66.51605999706993,sign,sign,0.0,0.0,0.062405833309584824,0.1046777069568634,0.1779406488195756,0.12656010657776934,78.76794826896833,110.74595463108552
adamw,350,L2.k,k,2,adam,0.07237740606069565,0.5310494303703308,0.8961843252182007,-0.08039033571169707,0.6682416796684265,0.5310494303703308,1.0,0.8961843252182007,0.8517648577690125,0.0723719671368599,0.3833227089030686,105.23294243887484,62.031723767916,82.6805149180482,140.26232609205158,0.029308653553066527,0.01638349579934696,34.11961583937626,61.03703460160557,2.15003548990182,1.2445078086740715,53.35334889433287,92.1742658651103,2.503291335302119,1.405973115051405,43.553021678667456,77.54479842272617,0.15958891389274696,0.0875183618479288,58.051068812467015,105.85558077734946,0.05494325043285666,0.0303791185973477,35.16039436789249,63.59059914403776,sign,sign,0.35629716515541077,0.2245924025774002,0.062405833309584824,0.0870870053768158,0.22773664087073886,0.12906513041548937,59.4584086994743,104.91492338129406
adamw,350,L2.v,v,2,adam,0.09180279076099396,0.4871476888656616,0.8347803950309753,-0.1699693283864404,0.7136492133140564,0.4871476888656616,1.0000007152557373,0.8347803950309753,0.8391927480697632,0.09180080145597458,0.4106520629361916,189.53896070147823,65.04067950136242,42.10969451787625,122.71439652176161,0.06910038902315113,0.023309398173609462,14.471708906308775,42.90118122345701,4.538798269778104,1.537298263024295,23.54189021253608,69.50628458641287,4.940412669802431,1.6770478142245158,21.7424492511524,64.05104901710884,0.42760997960280206,0.1339196582729651,27.480090719630837,87.74485526354323,0.13505659832340894,0.04423629410609537,15.323618283900032,46.784112486148906,sign,sign,2.311039924621582,1.5963890552520752,0.062405833309584824,0.16759125888347626,0.7403792432345343,0.22906152220918247,29.300290558255586,94.70524224606595
adamw,350,L2.o,o,2,adam,0.11750215291976929,0.548589289188385,0.885837733745575,-0.0916274391756442,0.7622320055961609,0.548589289188385,1.000000238418579,0.885837733745575,0.9075857400894165,0.11750121414661407,0.4457665552161487,171.84742542414878,60.61307041077248,52.30271499196667,148.286283026921,0.04760875754900113,0.01732019299338188,21.004543909580768,57.736090977778574,3.9313289183660487,1.4102595658158203,28.841959620758455,80.40167403781464,4.068721148034158,1.4367275755572735,28.55220854532497,80.85803927469358,0.3655258925154235,0.11962772044092072,41.146949865106585,125.72567226304584,0.10223939821914477,0.03545759795892848,21.973162426358176,63.35801161840102,sign,sign,0.5745084285736084,0.5753774642944336,0.07743382575400223,0.19771265983581543,0.6174328929143371,0.20006593734693548,42.44858741703706,131.00258083203278
adamw,350,L2.up,up,2,adam,0.1264093518257141,0.24649804830551147,0.4416409730911255,-0.13504869313589962,0.8909505605697632,0.24649804830551147,1.000008463859558,0.4416409730911255,0.8264781832695007,0.1264098733663559,0.4469956232370329,266.5910042728073,88.53224827946117,60.59655365272122,182.4701891988179,0.03309184569556637,0.012199623213076955,30.219180672462123,81.97043846302026,4.9552125602799455,1.6663116776557405,45.63279081813628,135.7010103540621,3.340988147054883,1.1967728692920088,31.664047521913666,88.39539245327249,0.28673415797298296,0.09338737476268319,56.430206013736935,173.2618316630997,0.07622420243164596,0.026728104766024836,29.553825528433514,84.28269791026787,sign,sign,0.7966173887252808,0.4157422184944153,0.053747383052053635,,,,,
adamw,350,L2.down,down,2,adam,0.13189107179641724,0.2289244681596756,0.891515851020813,-0.0981685530746228,0.882073163986206,0.2289244681596756,1.0000115633010864,0.891515851020813,0.37498989701271057,0.13189183175563812,0.45032309545862304,327.7679143526219,100.27243155371069,45.77261314593494,149.62032647304747,0.04780796152954516,0.014554819120817875,20.91726004011032,68.70656069306708,4.6927913208433045,1.4171525988204086,24.31687691370805,80.52345881851315,6.238214253993808,1.8960544820935155,30.777209543194118,101.26018481205142,0.40909183776528285,0.11098346657065458,41.26740433551527,152.11417340862553,0.10687262259645938,0.031192323016797852,21.235417483357068,72.75779867869733,sign,spectral,0.8784795999526978,0.9021122455596924,0.004811908566801124,,,,,
adamw,350,L3.q,q,3,adam,0.05468159168958664,0.35029712319374084,0.6096610426902771,-0.02946257867358848,0.6577206254005432,0.35029712319374084,0.9999991655349731,0.6096610426902771,0.7996841073036194,0.054676398634910583,0.34365477507022024,106.69073583616678,61.703563200165995,53.79349970197424,93.01355981320071,0.03679873633837189,0.021536069202157802,27.174823514040717,46.43369020353902,2.0595032820382895,1.1450614924275588,37.89098766918335,68.15058752776316,2.546060902162929,1.496086674359027,40.20310969305833,68.41820563552409,0.149497381300513,0.08190966107860508,46.81848161833297,85.4507307958474,0.06318617608326418,0.035528655525486515,27.409657114554626,48.74688881992045,sign,sign,0.709294319152832,0.15833458304405212,0.05530826031484209,0.05866532027721405,0.21043123861255741,0.11600324451893616,43.85433951552756,79.55228339567408
adamw,350,L3.k,k,3,adam,0.0464157909154892,0.28407785296440125,0.5180148482322693,0.024684094519383137,0.671983003616333,0.28407785296440125,1.0000004768371582,0.5180148482322693,0.7108296155929565,0.04640970379114151,0.32068875443594985,78.53948031680926,55.98800571748182,59.26104328923877,83.13086853735659,0.031895917585037625,0.022773360366371932,31.351989613437503,43.91097583972717,1.8290289513032985,1.312896294008599,36.25196885291692,50.50353243917085,2.4550773605301845,1.726148125567413,37.06041701930304,52.71053477290067,0.13383150108880468,0.08566331310297369,44.39330515878888,69.35550882268934,0.05451130290992914,0.03758047054591662,29.648360572849906,43.00560212503857,sign,sign,0.7198182940483093,0.5166760087013245,0.05530826031484209,0.051930226385593414,0.17747217306291962,0.11113451435556385,41.244546920048094,65.86396144655512
adamw,350,L3.v,v,3,adam,0.05246705561876297,0.27029135823249817,0.6922824382781982,-0.015504921595893673,0.6930515766143799,0.27029135823249817,1.000000238418579,0.6922824382781982,0.5373564958572388,0.05246317386627197,0.32364880722781725,214.4581644636253,61.703228740146805,20.649498816503996,71.770208848081,0.09046135654169192,0.027484398310085076,11.054446634986045,36.384287083033605,5.351910337177792,1.557018862529852,16.557106998608084,56.91141850114257,5.941565609199223,1.778723460555237,11.57634805264679,38.66909780807414,0.42078685456907583,0.12256526097546688,15.960059223045919,54.79352849047428,0.16067255626691415,0.04814680816061149,10.151630209552485,33.877393712250424,sign,sign,5.006119728088379,2.669100522994995,0.05530826031484209,0.059735771268606186,0.6718368020971129,0.19362133942817178,16.31193414518403,56.59994763224233
adamw,350,L3.o,o,3,adam,0.09822524338960648,0.4815572202205658,0.9089286923408508,-0.09296520047061374,0.7413016557693481,0.4815572202205658,1.000001072883606,0.9089286923408508,0.7707867622375488,0.09822328388690948,0.4169197421438462,123.9896858660812,42.08584848779183,63.632982380610294,187.4699876463799,0.04206306885009607,0.014374087587667122,23.773849607773492,69.56970776646726,3.2958836722008718,1.1445927115689574,35.29944748988648,101.64565215529916,3.204518294307133,1.0720086788590657,30.78799885202036,92.03349516853764,0.2792669586397895,0.08926182609770174,45.0208502412138,140.85344734578456,0.08293156271083478,0.02812586814321578,25.335862200118576,74.70498809790577,sign,sign,1.3478264808654785,1.2176047563552856,0.05558626689664638,0.15968093276023865,0.4340296490109765,0.13553242401690033,47.93516442985506,153.50778784993255
adamw,350,L3.up,up,3,adam,0.13014023005962372,0.23714116215705872,0.4305233955383301,-0.13639780923609168,0.8916266560554504,0.23714116215705872,1.0000088214874268,0.4305233955383301,0.8154519200325012,0.13014087080955505,0.4515960655242871,251.82520911265593,68.97136160033394,61.71456486777894,225.3295113003794,0.032724351309134155,0.009252650296606971,30.558552927168343,108.07809540301538,5.118587489090619,1.4060438388989898,43.064220155546614,156.77176800421267,3.0654986787815295,0.8524630117206492,34.049222231486375,122.44266827891954,0.2899295210507228,0.07583730334525389,57.45543809597603,219.65479934181081,0.07525125935781483,0.02060367803643584,30.24402646015657,110.46091261730649,sign,sign,0.8809720277786255,0.4160011112689972,0.058387407831994816,,,,,
adamw,350,L3.down,down,3,adam,0.14784549176692963,0.25683528184890747,0.9204209446907043,-0.09438528375380228,0.8456054329872131,0.25683528184890747,1.0000083446502686,0.9204209446907043,0.42176342010498047,0.14784611761569977,0.4806090724363651,225.30839199048629,55.36898402596985,74.70630313655043,303.99613298584757,0.03028964997002931,0.007858704656255738,33.01485311450435,127.24849557162518,2.698731867621049,0.6804610087305543,43.655274662118956,173.13832741158802,4.257021534339841,1.0467458369180058,50.726281122098534,206.29924044366211,0.26679883289481954,0.05934720492072625,70.93095995747561,318.8742815780799,0.06926771184548419,0.01692441708338459,34.967488949759655,143.1138181361649,sign,spectral,1.1918509006500244,1.1907203197479248,0.014051897609688715,,,,,
adamw,350,head,head,4,adam,0.1954353479238657,0.2819649916428786,0.5570001455453726,-0.10770439354541095,0.9418848752975464,0.2819649916428786,0.9999997019767761,0.5570001455453726,0.7631073594093323,0.19543417417086087,0.524403840591655,3364.1720931623163,768.9148802583192,0.6973331522596283,3.0509862543960935,3.2045196559890394,0.892808257177385,0.3120591568561115,1.1200609917500954,94.06243259396777,21.392753037653886,0.3849040308869393,1.6923959902086436,252.52266264235152,69.86174922093703,0.3868078254138155,1.3981576913496645,27.09495332581142,6.370747391660261,0.46884364437252724,1.9940041380398204,7.009642182821045,1.8398344281552659,0.30079773711908525,1.1460186168606243,sign,sign,2.2681267261505127,0.48061445355415344,0.05558971264555496,,,,,
adamw,400,embed,embed,-1,adam,0.23988461127647986,0.2603435516357422,0.5469447209284856,-0.12120713603877731,0.9710639715194702,0.2603435516357422,1.000000238418579,0.5469447209284856,0.6314751505851746,0.23988469930795522,0.5155586254926469,2891.717316564309,753.816618181462,0.749056049566733,2.8734552905385167,2.4738188804224865,0.6855394722117999,0.40423340865107954,1.4587055581091695,73.35347610883778,18.448552147087927,0.4846587884615362,1.9270567455323746,203.71413888626373,60.437592959057255,0.39677569616328956,1.3373930912446974,22.83761992189128,6.0473670078383215,0.6827549820264105,2.578394656564847,5.65893394878093,1.5745414955959984,0.3663092491170729,1.3165228426046716,sign,sign,1.638218641281128,0.0,nan,,,,,
adamw,400,pos,pos,-1,adam,0.19037117063999176,0.3745563328266144,0.8162221908569336,-0.10063485919214787,0.9610053896903992,0.3745563328266144,1.0000008344650269,0.8162221908569336,0.6244531869888306,0.19037126004695892,0.46333943672875627,4091.5873098535944,883.3808807841885,1.499841135554513,6.946868661662221,1.6339047168537646,0.3550126516887735,0.6120313039983271,2.816803372240634,123.15211863515349,25.960105935850038,0.8483527655679725,4.024499772376084,144.7471956867055,32.73498632478884,0.5522041899006654,2.4417302986328924,20.082784518963237,4.483618415092276,1.2133540040250654,5.43479055354784,4.1869870657056065,0.9331859040326895,0.5577005892150265,2.502272209094485,sign,sign,0.41079890727996826,0.23045803606510162,nan,,,,,
adamw,400,L0.q,q,0,adam,0.18475084006786346,0.3928220570087433,0.7011660933494568,-0.15569568239078324,0.8603199124336243,0.3928220570087433,1.0000009536743164,0.7011660933494568,0.8258464336395264,0.18474988639354706,0.5145476238466101,1075.7846403833878,302.518478297208,5.982606871703979,21.27472218641875,0.365804708506034,0.10725868135991594,2.7337017004465953,9.323263543756662,28.968423654788126,8.299822314345457,3.0981754830106545,10.81339534144091,32.89893639301178,9.370698398343523,3.213123434844945,11.280732663911758,4.596605257246949,1.1601836859003558,5.14469256259141,20.383083444045266,0.9346562249950382,0.25733578077597435,2.774450095817359,10.076939340399255,sign,sign,0.25463807582855225,0.25417545437812805,0.13822557570575975,0.21831607818603516,6.419639687754254,1.6906421608857638,5.25861823056051,19.967817600128654
adamw,400,L0.k,k,0,adam,0.11507797241210938,0.3256300985813141,0.5776423215866089,-0.04896204086073741,0.8309631943702698,0.3256300985813141,1.0000014305114746,0.5776423215866089,0.8077027201652527,0.11507683247327805,0.4184256106647379,1653.180647542098,500.8440965680657,3.227187266611401,10.65226399135803,0.636193540359522,0.20122698937468753,1.5718509652681472,4.969519414960076,39.374437558891266,11.976253944478188,1.8778228146750942,6.173734917935349,51.662674425838645,15.971173812962704,2.001172980883172,6.473284267762528,5.640365044144752,1.5370576390234623,2.611531157386703,9.583237920197476,1.44906103193595,0.43212500864018777,1.4552409403689546,4.879914137351704,sign,sign,0.5670031309127808,0.39914023876190186,0.13822557570575975,0.12481240928173065,7.550415124227945,2.0657512164880365,2.582237796847952,9.438197184664102
adamw,400,L0.v,v,0,adam,0.13529039919376373,0.35263150930404663,0.6607834100723267,-0.12120215868665762,0.8253306746482849,0.35263150930404663,1.0000008344650269,0.6607834100723267,0.8023788928985596,0.13528937101364136,0.45526354205173153,3751.7039801782744,1384.767969420161,1.5399708183167913,4.17218969244118,1.3131339849065211,0.5124887971870146,0.7615375475460066,1.9512637933822232,74.80586890092289,28.82586223081842,1.1306636462077688,2.934180279222698,118.17405076466378,41.5297971800668,0.8690951831341146,2.473031540358956,10.383276845893302,3.017171163895733,1.6677949625986122,5.739540741363821,2.959842220843029,1.0068116154495788,0.7751712112780165,2.278861749621529,spectral,spectral,0.4079816937446594,0.17277294397354126,0.13822557570575975,0.19141559302806854,19.31567878712499,5.850544250351817,1.4231712704596247,4.698625964175835
adamw,400,L0.o,o,0,adam,0.12605658173561096,0.36379995942115784,0.896406352519989,-0.06802709219252612,0.8123242259025574,0.36379995942115784,0.9999997615814209,0.896406352519989,0.6010799407958984,0.12605635821819305,0.4533427329761372,3232.454823843027,915.2678607189512,1.843954164862816,6.5122996130053385,1.1426634034412413,0.32819929375302415,0.8751481482384269,3.046928438346789,96.94024452049119,27.57697348986344,1.1836158830639725,4.160718113781919,76.77099860663537,21.776194766325315,1.002178346228066,3.533134840475077,10.645664841907283,2.7940082222304388,1.515663202042664,5.774944516547465,2.5762871750487037,0.7198694927919161,0.8868208420923216,3.1737768927912486,sign,sign,0.1932341754436493,0.22254452109336853,0.08567037917659104,0.18798744678497314,22.323325020106548,5.987788757726864,1.3238707014636337,4.935577581161761
adamw,400,L0.up,up,0,adam,0.28351858258247375,0.560399055480957,0.9000685811042786,-0.1451182415257568,0.9798460602760315,0.560399055480957,1.0000030994415283,0.9000685811042786,0.937127411365509,0.2835189700126648,0.5827342644677408,3495.7607145678844,922.3212355895945,10.505957214677318,39.81943717963154,0.258461249840576,0.06996620534326671,3.869063931472706,14.292658784842402,68.32665586171456,18.0511712240704,6.744587565621079,25.529374676302904,27.413634820314645,7.29259814618515,4.375644070588389,16.448501103483085,3.647031471060041,0.8593232234788384,9.950677990850323,42.23141514097496,0.7071984844757303,0.18000634953329986,4.152719790125051,16.314964164558663,sign,spectral,0.3251301050186157,0.3201735317707062,0.12340533259059563,,,,,
adamw,400,L0.down,down,0,adam,0.1765594780445099,0.5379102826118469,0.9075614213943481,-0.11998363085852426,0.9671323895454407,0.5379102826118469,1.0000009536743164,0.9075614213943481,0.8858691453933716,0.17655958235263824,0.4956003907144988,3599.4800601088123,1095.7688438658263,9.793772348383094,32.171464336292594,0.27866060919510866,0.08725163940796793,3.5885981752596754,11.4611136301812,23.901563873759528,7.256677201961283,4.8602619708082,16.008409731533813,92.85757168026441,28.15141600498635,4.884523622943343,16.11162303029688,2.7718428083539917,0.692220009925762,8.15328508733489,32.64803719876978,0.6574627815468593,0.18608847992684172,3.7989518623591714,13.42194562162692,sign,spectral,1.126806616783142,0.8889868259429932,0.03800336097617849,,,,,
adamw,400,L1.q,q,1,adam,0.07003120332956314,0.5203440189361572,0.9130876660346985,-0.009484166846711162,0.6701065897941589,0.5203440189361572,0.9999997019767761,0.9130876660346985,0.7920918464660645,0.07002539932727814,0.37281554926340793,128.87256201095363,70.38262635219904,66.15307613365663,121.12813698637483,0.035762202899415105,0.018606483955880597,27.96247492889011,53.74468945062161,3.1024218011848346,1.6737587149739217,37.67225372378637,69.82799862778454,2.6218815263938695,1.4035065744335256,38.669846568965596,72.23888950329837,0.1964183806036081,0.10979136474991238,45.63723179884759,81.64568484579554,0.06784901663270516,0.03650510347240615,27.69198138913456,51.468795514692204,sign,sign,0.0,0.0,0.06904535635247322,0.0962277427315712,0.328900241039271,0.18088036389660211,45.17439422149998,82.14196847120287
adamw,400,L1.k,k,1,adam,0.06346096843481064,0.4893817901611328,0.7902534008026123,-0.053136100047565415,0.6922784447669983,0.4893817901611328,1.000001072883606,0.7902534008026123,0.8401426076889038,0.063453808426857,0.35548053357100845,192.69957281396148,85.2440629238961,41.60897262466104,94.05970310399577,0.053838409095158454,0.023906279502396533,18.57412003233828,41.83005861632961,4.146895061871169,1.8936234686403763,24.392330597604317,53.41739631868944,4.341743167342588,1.8944553937093935,24.768451204818657,56.76473256708196,0.24813680264437446,0.11666052459952532,32.736013340767606,69.62946300461529,0.0974316230727394,0.044038753022397695,18.387358927653917,40.68031225659821,sign,sign,0.0,0.07779239118099213,0.06904535635247322,0.0687243789434433,0.30342421884514326,0.14995440988323627,38.44334634321852,77.78792463034054
adamw,400,L1.v,v,1,adam,0.08347555249929428,0.4607498347759247,0.848763644695282,-0.12229141529514576,0.6948789954185486,0.4607498347759247,1.0000007152557373,0.848763644695282,0.8036240339279175,0.08347266167402267,0.39575500632209226,329.8572985142671,107.52108409170822,22.885427507502133,70.20879073847532,0.11021526033957404,0.04043160588713758,9.07316021551578,24.733143621531624,7.754113135293047,2.6237642021093164,14.010853933315774,41.40682551947923,9.23581108746464,3.256566775092478,11.137503286786155,31.58660130340867,0.6672843476838781,0.21469559035039942,16.012473039934385,49.76754580669208,0.21606192758595014,0.07546148604944707,9.231060517636442,26.43044596015748,sign,sign,1.383528709411621,1.3993499279022217,0.06904535635247322,0.10827215760946274,1.1193404836691099,0.33965078762716944,16.462561687281838,54.2534050640917
adamw,400,L1.o,o,1,adam,0.0897705927491188,0.4433833956718445,0.8353365063667297,-0.024977621807091177,0.7744772434234619,0.4433833956718445,0.9999996423721313,0.8353365063667297,0.7422801852226257,0.08976836502552032,0.389893562953365,323.9281197968535,90.47606650617777,22.425943012428966,80.29077561845023,0.09501433095670743,0.02791879833499921,10.524724347401591,35.81814770009368,7.164332835424968,2.0007341803740077,14.92435866271406,53.441918403650064,7.592907907336134,2.1786120643943074,12.513237993667394,43.61118955563622,0.6401670510757689,0.16325329373725184,17.949427478156686,70.38530000922094,0.18895357522028883,0.05203264132808556,10.399058888192103,37.7635904251051,sign,sign,0.5709352493286133,0.500607430934906,0.04541334102372793,0.1295444220304489,1.0767905865312697,0.2908302660839905,17.92370203182191,66.36198454697094
adamw,400,L1.up,up,1,adam,0.13117234408855438,0.3618239760398865,0.6370533108711243,-0.14083058321391495,0.9052099585533142,0.3618239760398865,1.000004529953003,0.6370533108711243,0.836408257484436,0.13117265701293945,0.4529461953259813,734.3032836328108,162.99062911516077,32.292509950980225,145.48380003488404,0.06810262490580482,0.016158139136753465,14.683788346427836,61.888595059710966,12.701952101795271,2.799242665328643,25.678832084393953,116.52126455700537,6.936024342930724,1.6213641043185794,15.43539233208212,66.03097766433079,0.5838159933167518,0.12774412709830807,28.759232857375167,131.4353972980307,0.15666741830946124,0.0358633769493568,14.570386458151164,63.65002474231913,sign,sign,0.7744008302688599,0.6346291303634644,0.064267068361271,,,,,
adamw,400,L1.down,down,1,adam,0.17626601457595825,0.392691045999527,0.9105578660964966,-0.08963981576969604,0.9511759281158447,0.392691045999527,1.0000029802322388,0.9105578660964966,0.6437633037567139,0.17626620829105377,0.5009830274073457,660.0599924948856,144.58525366076077,38.98948683944726,177.9946414937153,0.06686302303597541,0.015293487073968576,14.955994132873572,65.38750615838089,6.407006065763371,1.449921908004845,18.191243408236872,80.3846098309745,15.063677684976792,3.325457326286696,21.880899101562616,99.11623550781998,0.7862851517047895,0.16384075511879184,28.694529257905074,137.7073871167824,0.16278800696578483,0.03585171873212933,15.509719017648319,70.42329731376718,sign,sign,0.8639551997184753,0.9139073491096497,0.0076983221023770795,,,,,
adamw,400,L2.q,q,2,adam,0.07864551246166229,0.4979056715965271,0.887860119342804,-0.06785670577873026,0.6809634566307068,0.4979056715965271,1.000000238418579,0.887860119342804,0.7931046485900879,0.0786401703953743,0.3887860061415509,135.8552316664199,77.78347710216092,60.04690745710811,104.87685595133765,0.038414583066486124,0.023259870297008566,26.0317868526082,42.992511379016086,3.378101970255738,1.9757206874510063,33.641996682319025,57.521336896310196,2.9027439176298184,1.7016551001304305,34.97290766952098,59.65803235435314,0.22478463742147986,0.11980473359213453,44.78341917354053,84.02526627778717,0.07453443351065935,0.04269149692338936,26.287963313901056,45.89575430598541,sign,sign,0.2545369565486908,0.1505948007106781,0.06561939642925008,0.10928168892860413,0.32973457355222646,0.17535183149288674,46.9493228053165,88.28430705273155
adamw,400,L2.k,k,2,adam,0.06151441112160683,0.4781292974948883,0.8108955025672913,-0.07518321678423423,0.6723077893257141,0.4781292974948883,0.9999995231628418,0.8108955025672913,0.8180103898048401,0.061509471386671066,0.3566393488585973,147.49238071171953,98.13893802392907,53.11237348231235,79.82224556216593,0.035722944412217864,0.025743953098321434,27.993199878026424,38.84405473175151,3.075448846910665,2.005943738685557,33.7494230908365,51.7435371326153,2.6685052425499505,1.8878982166318352,39.23744582752477,55.46132146987373,0.1995479968819982,0.11755903828814973,39.458394937171526,66.97778226623228,0.06679739875389937,0.044338674966700554,26.90747495100923,40.53683009501246,sign,sign,0.03521175682544708,0.09942097961902618,0.06561939642925008,0.060186851769685745,0.27322891514149267,0.15323436166137472,38.132094518127154,67.99252272336102
adamw,400,L2.v,v,2,adam,0.07800783216953278,0.5027458667755127,0.8488438129425049,-0.03796139605894677,0.7209950685501099,0.5027458667755127,0.9999999403953552,0.8488438129425049,0.8270770907402039,0.07800450176000595,0.37784557400499774,328.0470696714563,83.42564682378512,25.10916585689809,98.73448507565648,0.09478603159129609,0.024690165102787567,10.550077090548669,40.501954370586745,6.835767223589477,1.7048494168360875,15.894632526645225,63.73114656558958,7.546882473715471,1.9493501057409781,14.02776152715498,54.308288338233034,0.4572968179361415,0.10289310210815834,21.834837183188576,97.04247767289517,0.17478144051417555,0.042711073990539986,10.894879463288659,44.583817471873054,sign,sign,1.255025863647461,1.132939338684082,0.06561939642925008,0.14547394216060638,0.978339039402219,0.21632771131035505,19.24841732821254,87.05069731856896
adamw,400,L2.o,o,2,adam,0.11558808386325836,0.5358715653419495,0.872043788433075,-0.13826583739059461,0.7651291489601135,0.5358715653419495,0.9999998807907104,0.872043788433075,0.8891409635543823,0.11558748781681061,0.4379420092071362,280.99246598932325,59.71950878250387,31.245391920565226,147.01594010992116,0.07920350483407711,0.01788730984085883,12.625702396448283,55.90554922386792,7.086106354633485,1.5040731822388156,15.752177477049312,74.21288155226904,6.483328032580198,1.4166961504520115,17.554262681610368,80.33482924242342,0.5854057551392844,0.11729533939675454,25.273536604201208,126.13692800510475,0.16868289847313014,0.035677098157530215,13.084248416846563,61.862905372821125,sign,sign,0.3387150466442108,0.27059459686279297,0.09177257746856744,0.17798498272895813,0.9749462703869821,0.20646775832920192,26.053619238081414,123.02588603567654
adamw,400,L2.up,up,2,adam,0.14216704666614532,0.2678031027317047,0.48994845151901245,-0.15229404913314148,0.9144452214241028,0.2678031027317047,1.0000087022781372,0.48994845151901245,0.8238939642906189,0.14216768741607666,0.4653061347951226,457.1762836535769,89.74574812116636,38.3894457524485,195.560731377821,0.05792737053030837,0.011890206339340572,17.263146818565144,84.10356168247938,7.93531944110578,1.5494875960838617,31.612288457889495,161.89455650483157,5.464747449378686,1.1277042939629651,19.297950803049336,93.5160289747576,0.5556502651830691,0.10474737062202219,32.749845208055575,173.72713096756908,0.136055118284164,0.026965958694495768,17.23562517451438,86.96130734260613,sign,sign,0.8879328966140747,0.6329925060272217,0.056596264573019237,,,,,
adamw,400,L2.down,down,2,adam,0.14554047584533691,0.25066110491752625,0.8950843214988708,-0.1298188110107643,0.9037284851074219,0.25066110491752625,1.0000094175338745,0.8950843214988708,0.4139612317085266,0.1455412209033966,0.46409135386208705,491.9964554737597,90.20633717679982,33.38911487900169,182.10833834964697,0.06400834286062786,0.013342061702895626,15.62311056406039,74.9516408934642,5.952899002874417,1.215319737511061,19.246218203355006,94.2721405862239,9.915312653580912,1.8462021211132156,21.37584139197271,114.80224630386947,0.6047485171751419,0.11215383133041859,30.804987568400474,166.1046290848933,0.14688276138703082,0.02939496722197777,15.923404507890394,79.56714518983806,sign,sign,0.9640579223632812,0.8288365006446838,0.0054931496820353875,,,,,
adamw,400,L3.q,q,3,adam,0.049171820282936096,0.3014983832836151,0.5235157608985901,-0.03250555099354635,0.6820325255393982,0.3014983832836151,0.9999998211860657,0.5235157608985901,0.7499383091926575,0.049165885895490646,0.31972685968865855,98.61569378492536,39.95203190177611,50.09090665114656,123.64200959448944,0.0398878227551159,0.015329908018579379,25.070303468940494,65.231951814329,2.2650935128168044,0.9126918887717984,29.58377524629781,73.42019603701566,2.856209603428798,1.111114732774317,33.60821399851901,86.39261162254564,0.17157815941968532,0.06766225596250443,36.68294416858856,93.02072408034059,0.06873535515090637,0.026868066862380125,23.44240517545337,59.971640445124784,sign,sign,0.3357635736465454,0.0,0.058015583989765515,0.05396758019924164,0.23022991273875212,0.08653523045606365,37.15786703773872,98.85976428987816
adamw,400,L3.k,k,3,adam,0.0524551160633564,0.3753892183303833,0.628908634185791,-0.04596303374523858,0.679931640625,0.3753892183303833,0.9999995827674866,0.628908634185791,0.7872511148452759,0.05244895815849304,0.3290290785087687,127.07530236486002,44.804858352730704,48.39946739190885,137.2703135161269,0.04137885186850957,0.01435720417005261,24.16692434930785,69.65141478264722,2.9644175661241627,1.0534551434989725,27.155521575535538,76.41550347213219,2.949251099668927,1.017795952386683,34.16736632276146,99.00623250062924,0.17050267606326186,0.059195077201387725,39.37916182284804,113.42585886122342,0.07088920855764676,0.024737784587170117,23.391483059061162,67.03121353504106,sign,sign,0.10138849169015884,0.0,0.058015583989765515,0.051599759608507156,0.23851385166856287,0.08417919988779618,36.117479379073416,102.335483477452
adamw,400,L3.v,v,3,adam,0.07890436798334122,0.35817718505859375,0.7689555883407593,-0.17529680567432282,0.7189231514930725,0.35817718505859375,1.0000007152557373,0.7689555883407593,0.7343299984931946,0.07890152931213379,0.3874823803377216,216.6997086768598,63.586349702012605,27.080677845999578,92.28985509470529,0.09703767879007977,0.03325509679333876,10.305282728567988,30.070600048773418,6.816704324333318,2.192391077703808,14.438988494230076,44.89450641748807,6.616190881170678,2.098061302206913,14.206700123273563,44.800521180319215,0.5703409756289459,0.1640496553603087,17.708290832693024,61.56528551100428,0.18911772233187304,0.061368095609884966,10.325788827139334,31.820926572046744,sign,sign,1.3674553632736206,1.394344449043274,0.058015583989765515,0.09839212894439697,0.8853973973379016,0.24493233615913967,17.573592688014298,63.52617001021337
adamw,400,L3.o,o,3,adam,0.10710615664720535,0.5219159722328186,0.881646454334259,-0.13562846074580837,0.7443186640739441,0.5219159722328186,0.9999986290931702,0.881646454334259,0.8606356978416443,0.10710420459508896,0.43215583324492274,205.59709055323714,52.05020691027212,41.59140222292345,164.28505853595263,0.06520199385727629,0.017269298329969165,15.336933273576175,57.90615287233594,4.905434416376028,1.217913126131919,23.005250213528598,92.65910986048578,4.994123650856414,1.292881746431666,22.058198199565908,85.20606747506041,0.4101485226700245,0.08877589155360965,33.42588318373686,154.42905012642538,0.1328057654316981,0.03230657966505199,16.399355234925054,67.41440744086401,sign,sign,0.618931233882904,0.43107035756111145,0.07851590126732166,0.17170260846614838,0.7400193047817004,0.16879732720523377,31.656475573383712,138.78420608622014
adamw,400,L3.up,up,3,adam,0.14846357703208923,0.2595253586769104,0.45966410636901855,-0.13846537519860058,0.9206151962280273,0.2595253586769104,1.0000096559524536,0.45966410636901855,0.8508259654045105,0.14846420288085938,0.47211960914353707,482.97524876962314,86.12246290907784,35.215580818227096,197.48917218271083,0.05905803301850421,0.011833376124661213,16.932661059658525,84.5075526559487,8.170823878833364,1.4593987975951903,28.803462900553995,161.26368121499482,5.538095751036783,1.088070121107288,19.664832185573747,100.0907215988507,0.6067458600911293,0.10744812884805549,31.32024569559915,176.86142715165306,0.14123320494434125,0.026876325093680722,16.84685049188199,88.52901875138,sign,sign,0.7801856398582458,0.6399490833282471,0.06221412837517381,,,,,
adamw,400,L3.down,down,3,adam,0.17013335227966309,0.2726190686225891,0.9160411357879639,-0.07932538838050651,0.8526850342750549,0.2726190686225891,1.0000091791152954,0.9160411357879639,0.45097529888153076,0.17013415694236755,0.506057167080786,383.12718943374193,64.26182841430477,46.63298187647894,278.02450882759075,0.04426753246426262,0.009087759851388186,22.590126972236533,110.03912905583003,3.6896931359972176,0.7326544900965574,31.778595416761995,160.0389637486647,7.459625447565235,1.265032191688413,30.953210003688262,182.524487949328,0.44930270441393083,0.07535696379870291,48.468820407010746,288.98685656703555,0.10680437981595038,0.020163239992149827,23.878869355158795,126.48601282218408,spectral,spectral,0.637341320514679,0.878325343132019,0.01604476605968571,,,,,
adamw,400,head,head,4,adam,0.20715038592998797,0.2814649728628305,0.5647043081430289,-0.08989288884208624,0.9464849829673767,0.2814649728628305,1.000000238418579,0.5647043081430289,0.7627131342887878,0.20715001913217398,0.5320519598020365,5155.760503548889,1038.7043889766799,0.45420817600173935,2.254528428945847,4.301210831164671,1.2085909128127386,0.23249272766938553,0.8274100258550604,113.41230576483005,22.92124027344155,0.32364900600301166,1.6013871671607245,343.9948678103404,92.83832318038642,0.2838044701375925,1.0515838486146867,33.63694076863474,6.685572530577137,0.40029719916313,2.014004502459302,9.521476737989461,2.341873145462876,0.2246745842538979,0.9134712662534582,sign,sign,0.8677821159362793,0.6205407977104187,0.05806659975979489,,,,,
adamw,450,embed,embed,-1,adam,0.2520686809833233,0.27495498657226564,0.5834136376014123,-0.07649930740253863,0.9746747016906738,0.27495498657226564,0.9999995231628418,0.5834136376014123,0.6770336031913757,0.25206862229567306,0.5362831256992504,4815.575333090872,2065.8203675242753,0.4750471812914076,1.107369026002387,3.829325065867613,2.4685014920363977,0.2611425005613283,0.4051038763350672,104.8226879370904,47.794796469998815,0.3617717422668146,0.7934312779822313,323.1498245046027,182.22820865733505,0.2681737529684525,0.47555920044987965,32.45710255653246,13.97331848784607,0.5048034280319293,1.172553008705313,8.802136584817735,4.866819998150579,0.24496858004653663,0.44305047266548975,spectral,spectral,1.5945980548858643,0.0,nan,,,,,
adamw,450,pos,pos,-1,adam,0.18863433599472046,0.3747325837612152,0.8293563723564148,-0.1026478007224424,0.9611800312995911,0.3747325837612152,1.000000238418579,0.8293563723564148,0.6209909319877625,0.18863441050052643,0.46135679578621447,7592.213819777175,1934.7101541303468,0.8086730429470363,3.1734048840527804,2.5440955505316114,0.7400265544701702,0.3930670914500912,1.3513031828088113,201.75649335188166,50.742096226277624,0.5261670338236528,2.0921015006598336,228.10285366673816,69.85685339975684,0.3484692892556492,1.1378531300224621,30.924652562533446,8.062851757070758,0.7807751657207969,2.9946229270798463,6.447861463451556,1.829449108443766,0.36059902454042175,1.2709249704520416,sign,sign,0.36560773849487305,0.072565458714962,nan,,,,,
adamw,450,L0.q,q,0,adam,0.19091172516345978,0.4128665030002594,0.7321649789810181,-0.14036652915460868,0.8665891289710999,0.4128665030002594,1.000000238418579,0.7321649789810181,0.8385783433914185,0.19091057777404785,0.5233017767305408,1738.54712151998,618.6687199230029,3.890837758393488,10.93380765395432,0.5613959046541582,0.20885426497120418,1.7812745517525965,4.788028813088659,46.417957889649074,16.69964501906852,2.0189840650113706,5.611922720666173,46.13794514215032,16.294662641472907,2.326458788387621,6.587312073642235,6.331612143175316,1.7559769801673757,3.8594756241680384,13.916300158981716,1.4100664281305488,0.46185339207032755,1.8703210255066853,5.710203569300823,sign,spectral,0.21899834275245667,0.1839105188846588,0.1409720958360483,0.22897271811962128,9.929467345941971,2.9433251870612023,3.603540583728439,12.156739837379098
adamw,450,L0.k,k,0,adam,0.13473539054393768,0.35011208057403564,0.619288444519043,-0.07043754764565291,0.8414033651351929,0.35011208057403564,1.0000009536743164,0.619288444519043,0.81705641746521,0.13473427295684814,0.44507921382756416,3031.167133479052,1498.6343888785152,1.892418357525927,3.82764226598166,1.11622137150022,0.5958342146499919,0.8958804939653668,1.6783207964345288,83.3517750139937,41.93300213740517,0.9510165906500402,1.8903707547265705,88.67449754048641,44.792205381535574,1.179405853275875,2.3348531411819833,10.869693624160288,4.091167573667838,1.586625566519001,4.2154552444449696,2.625869959077135,1.2282313948375712,0.8542152656482671,1.8262505046514583,sign,spectral_head,0.5886741280555725,0.4230839014053345,0.1409720958360483,0.15478329360485077,14.34262068393721,5.276118568424567,1.604364123098446,4.361309503965432
adamw,450,L0.v,v,0,adam,0.1301911622285843,0.34554383158683777,0.6452389359474182,-0.12809064390279945,0.8245851993560791,0.34554383158683777,1.000001311302185,0.6452389359474182,0.7880967259407043,0.1301904022693634,0.44736235669730595,7217.571598747004,3036.9177463711635,0.7843898822841726,1.8641894873457105,2.7209297343572816,1.1728538004061004,0.36752191674600454,0.8526223054876361,164.60716120681542,69.16804710993924,0.5017435644704499,1.1940568984114273,215.25124487294283,89.71968014647582,0.46864482005646396,1.1243506525627374,18.521176758303337,6.193829340639061,0.8997528793211407,2.690497461297477,5.653160703224135,2.2230554792186683,0.39881478083117444,1.0141735408475487,spectral,spectral,0.5834082365036011,0.4736616611480713,0.1409720958360483,0.16759879887104034,32.629799132966426,11.283746836355075,0.7988555427253713,2.3100922303044027
adamw,450,L0.o,o,0,adam,0.13441342115402222,0.3776516020298004,0.9019014239311218,-0.12190254163636216,0.8320066928863525,0.3776516020298004,1.0,0.9019014239311218,0.6172911524772644,0.13441285490989685,0.4639299381543404,4554.8740447260925,1757.6808948675798,1.3584226011299796,3.52023161071134,1.731400772211326,0.7199716159377741,0.5775670289916822,1.388943644253926,156.8609692732154,63.46808481461346,0.7359598936438294,1.818920211636871,110.28216696112571,42.542515454273165,0.7164645898274913,1.8572777531694682,15.29425413185131,4.979770565002418,1.1249269012657799,3.4549619672500893,3.975487550728026,1.5077063175724683,0.5881190350509325,1.5507396068722665,sign,sign,0.24542060494422913,0.378193199634552,0.09233775224048867,0.20231333374977112,33.00373865665056,10.95866131431133,0.936677411851891,2.8209519045885725
adamw,450,L0.up,up,0,adam,0.28757554292678833,0.5590618848800659,0.8977202773094177,-0.10550194660007906,0.9796298146247864,0.5590618848800659,1.0000009536743164,0.8977202773094177,0.9347682595252991,0.28757572174072266,0.58504281186124,5566.075153781434,1975.2332504440496,6.582498201198149,18.549039552297586,0.385496005448871,0.1455761362845337,2.59406307598419,6.869264284633707,117.06031600974968,41.68147013353255,3.9264611411448787,11.027268964120568,41.270804086701105,15.101231938659815,2.8991520729249323,7.923216973638302,6.17926729168326,1.7078554488409459,5.956965933964454,21.5531617610842,1.0881987362595458,0.36083352617751585,2.7094600616329143,8.171167037189711,sign,spectral,0.17814980447292328,0.1681211143732071,0.12319130965919828,,,,,
adamw,450,L0.down,down,0,adam,0.1896010935306549,0.5562933087348938,0.9188130497932434,-0.14301612482921622,0.9742553234100342,0.5562933087348938,1.0000007152557373,0.9188130497932434,0.9001447558403015,0.18960116803646088,0.5047090715333219,4566.027941453245,1977.9542223444762,7.984453610164863,18.431790720635135,0.3668298482172067,0.16819282604559002,2.7260614699587324,5.945561048987185,33.363939869175425,14.162708935516926,3.525005465022791,8.304066044780477,116.83367641115619,51.52182043451358,3.9447026674770163,8.945221871110416,3.6016612594576696,1.0474255663682315,6.73826541708738,23.170094647217187,0.8824226780041113,0.33367277811890966,2.8824900300189773,7.6229609917505865,sign,spectral,0.4777061939239502,0.42955633997917175,0.04075940591979848,,,,,
adamw,450,L1.q,q,1,adam,0.08828255534172058,0.5484963059425354,0.9069191813468933,-0.12606211770681885,0.6826615333557129,0.5484963059425354,1.0000003576278687,0.9069191813468933,0.8798825144767761,0.08827827125787735,0.4119271618725616,266.7940663956034,131.9403214035715,33.683520769300706,68.11081995984317,0.08346699575893773,0.04659769784861021,11.98078771777032,21.460295332115724,6.4195057925558485,3.252131352923131,18.08326979734436,35.69525416249268,6.747574457910425,3.505598086032917,16.691177334248312,32.1271746187192,0.48734688924079633,0.2321606731010504,23.18711824008342,48.67391963428993,0.15909836794244717,0.08298574295361223,13.048423034846882,25.01613813624848,sign,sign,0.40226903557777405,0.0,0.08090551381695602,0.12115367501974106,0.7144007189589949,0.3234801463382889,24.61183170662863,54.35483588450477
adamw,450,L1.k,k,1,adam,0.07671096920967102,0.5718345046043396,0.9044100046157837,-0.028846364279287995,0.6838131546974182,0.5718345046043396,1.0,0.9044100046157837,0.8780027031898499,0.07670566439628601,0.3873659311101078,363.4287358410564,153.6898661336241,25.77929480935419,60.96001486065303,0.09992899151705133,0.046412133327886025,10.007105894082455,21.546089961763624,7.802137023247799,3.316379691515062,14.837534927402618,34.906883818823,7.950520078362566,3.53725237857789,14.135471000715551,31.771650416836685,0.48571880079942803,0.1968898092773892,20.215408674066406,49.87055498136187,0.1817165422259808,0.07950965811973411,10.743120322524113,24.553025681319255,sign,sign,0.4267500936985016,0.4181745946407318,0.08090551381695602,0.09278258681297302,0.7599400634842214,0.31211438547551795,18.624904956161487,45.348154758099625
adamw,450,L1.v,v,1,adam,0.09253031015396118,0.4944056570529938,0.8379825353622437,-0.09569501197617125,0.7167045474052429,0.4944056570529938,1.0000003576278687,0.8379825353622437,0.8505337834358215,0.09252768009901047,0.4091948745921087,482.62382660906496,171.02710697810647,16.783966805098686,47.36291473487411,0.15133524931886677,0.05921896192041858,6.60784821863177,16.88648914467159,10.605147762176605,3.828177680133915,10.114122587609542,28.019014133799303,12.850976714078033,4.835916486271338,8.471599217865029,22.512449209751857,0.8961379205948979,0.2727736167932601,13.216583446433274,43.420187576397275,0.3028577600817242,0.10780684598598367,6.809179805973229,19.128775405403076,sign,spectral_head,0.3436356484889984,0.15027311444282532,0.08090551381695602,0.1589841991662979,1.478435817180141,0.4252765551142254,14.600082692759536,50.75587856229217
adamw,450,L1.o,o,1,adam,0.11179865151643753,0.46356597542762756,0.8713721036911011,-0.08322897200866608,0.7813485264778137,0.46356597542762756,1.000001311302185,0.8713721036911011,0.7588265538215637,0.11179786920547485,0.4256431446731358,530.9931178439249,119.53577219177608,14.303509190939593,63.53800876628947,0.15220621227524098,0.03392184347873226,6.570042683237134,29.479568583268442,13.828647684897712,3.03023416595666,8.065548549209852,36.80759412111261,12.57358875908831,2.8674307654603384,7.7249066078253765,33.873459146472854,1.2210849667080854,0.25336937568414414,11.719278685477063,56.479734320133424,0.32832836746545174,0.07086870716789438,6.5334153637601045,30.268727709045212,sign,sign,0.0025779069401323795,0.09043589234352112,0.0691044247037704,0.1614931970834732,1.7647695917893704,0.38476856891948935,13.036702874262975,59.79380507690695
adamw,450,L1.up,up,1,adam,0.1488553136587143,0.37946459650993347,0.6679414510726929,-0.14671368912358307,0.925267219543457,0.37946459650993347,1.0000028610229492,0.6679414510726929,0.8497965335845947,0.1488555669784546,0.47615145371935913,1296.454081988502,331.89920655217196,19.18200740185996,74.92814476784793,0.11120582354957678,0.03377507483049541,8.992360553646158,29.607717112148325,21.82277491535935,5.713882028298882,15.671060361279785,59.85178224812487,11.454519372606336,3.2897462096093903,9.496160664668546,33.06454339276933,1.1737205321956892,0.2901897991111212,16.233432108066317,65.65879514581457,0.2723837655069194,0.07546262359652686,8.80982196796212,31.79921882797545,sign,sign,0.3801560401916504,0.18723760545253754,0.07291277107361936,,,,,
adamw,450,L1.down,down,1,adam,0.19241076707839966,0.3979768455028534,0.9338086247444153,-0.11454212162816735,0.9643383622169495,0.3979768455028534,1.0000026226043701,0.9338086247444153,0.6435192823410034,0.1924109011888504,0.5165708079490402,1151.9912870379749,260.3851169061016,22.640631782847176,100.16628775399808,0.10173454315856446,0.025980803412552617,9.829528806609533,38.49005770626859,10.23342129916499,2.502030365588464,11.680111711714456,47.772203571627294,22.70613584975804,5.147156964594088,14.510697669507017,64.01240040375905,1.212162431341349,0.24974943206743808,20.31791597303157,98.6132950204623,0.2579431247971061,0.05956765756156379,10.092748823385083,43.70417229527064,sign,sign,0.1806117445230484,0.17522868514060974,0.009749249587980431,,,,,
adamw,450,L2.q,q,2,adam,0.0788283720612526,0.5136139392852783,0.9059000015258789,-0.1456699167141109,0.6824707388877869,0.5136139392852783,1.0000001192092896,0.9059000015258789,0.8170466423034668,0.07882362604141235,0.39440932349476154,164.62579998368537,67.86048390716883,51.11623319117625,124.00516908723411,0.04466868793721492,0.01984249090228785,22.387049304310487,50.396904508293815,3.8453158265140277,1.5895090730931776,30.154922359246555,72.95032293817877,3.4605632964159327,1.4888617945778002,30.221082886464796,70.24290004331819,0.2623947043220585,0.10401952768673073,38.45364047993899,97.0013212733273,0.08639758074466215,0.03652559197571731,23.00642416518714,54.4193613830859,sign,sign,0.36252930760383606,0.34581461548805237,0.07133640754694522,0.09881047159433365,0.36474210516490263,0.14345479517194842,42.27655887799966,107.49059357553516
adamw,450,L2.k,k,2,adam,0.07712290436029434,0.5465247631072998,0.920718252658844,-0.14520961751847306,0.6780338883399963,0.5465247631072998,0.9999997019767761,0.920718252658844,0.8544819355010986,0.07711868733167648,0.3941083011769445,220.98574206092027,75.19958356889728,40.519635498843776,119.07328862461284,0.06439134832135976,0.01992724765178327,15.53003203141591,50.18252994348104,4.463717330907576,1.4718031034937444,26.40219521166902,80.07316743698722,5.375233230228296,1.7458730643468454,20.3477101475456,62.64698733126901,0.33485919239530854,0.11100041346236822,29.480241471511558,88.93417189041187,0.11708123052184452,0.037536684181271034,16.964135466881242,52.913087517536475,sign,sign,0.10453508794307709,0.210331529378891,0.07133640754694522,0.09355296939611435,0.42625945105321017,0.14002977869645453,31.668601295018803,96.40121357971898
adamw,450,L2.v,v,2,adam,0.09380853921175003,0.5101866126060486,0.8562912344932556,-0.20047529870725467,0.7250427007675171,0.5101866126060486,1.0000004768371582,0.8562912344932556,0.8542798757553101,0.09380704164505005,0.407574236286049,431.26884065179763,185.0943196514196,19.382103859634956,45.160205222285924,0.12042875136937273,0.05668056352571684,8.303668895229258,17.642740555736406,8.3607052974628,3.5740599146170737,13.109573189764065,30.666883217843278,11.329458625400727,5.1220498834957,9.651637179866748,21.34844966055893,0.7607588923601697,0.25832350355859407,15.783576111578578,46.4823979030749,0.2408750200147428,0.10031669173711039,8.527432353262538,20.475609823231657,sign,spectral_head,0.44955453276634216,0.3562270402908325,0.07133640754694522,0.14203178882598877,1.390741632350808,0.4506445879057,15.805125764355298,48.77645709045754
adamw,450,L2.o,o,2,adam,0.13333922624588013,0.5451013445854187,0.9045820832252502,-0.07591108570469762,0.7791342735290527,0.5451013445854187,1.0000004768371582,0.9045820832252502,0.885466456413269,0.13333852589130402,0.46622372537761186,374.91736082308466,83.82542887264368,23.821090626693643,106.54213822462292,0.10834559397573598,0.0263376659687878,9.229729056274392,37.96845468471797,9.755775350275089,2.249663645212466,11.868508908373657,51.468363681494594,9.711956293374254,2.1960402845872125,11.670121136997054,51.61094139136104,1.0157650897226753,0.2029887142221563,16.802533237461738,84.08066796678905,0.2429139302600301,0.05368199087927816,9.67264553226511,43.769247447221964,sign,sign,0.0357985682785511,0.11077501624822617,0.1053212145491409,0.19909603893756866,1.7563931637743444,0.37663686541702057,16.725373302079124,77.99643111626789
adamw,450,L2.up,up,2,adam,0.14474792778491974,0.25956130027770996,0.47489118576049805,-0.11461892983131172,0.9248683452606201,0.25956130027770996,1.0000063180923462,0.47489118576049805,0.8182283639907837,0.14474846422672272,0.4648401013434779,780.8976944158097,191.18439644985293,21.7834032506981,88.97488336325517,0.08658317068605957,0.024638744808655508,11.549661558575302,40.58673953800793,14.446697670697896,3.6168665706764322,16.8304406066822,67.22511941155234,8.84910153838081,2.3946291746052992,11.835464892855573,43.73672203675679,0.8908354291054934,0.2042395234575115,20.79822939342163,90.7160342556206,0.2114210391994735,0.05458897930592133,11.080483394376813,42.91429046407441,sign,spectral,0.43313366174697876,0.22015218436717987,0.06300242280438716,,,,,
adamw,450,L2.down,down,2,adam,0.16160768270492554,0.2852261960506439,0.9218248128890991,-0.13084996377617986,0.9270187616348267,0.2852261960506439,1.0000078678131104,0.9218248128890991,0.4572712182998657,0.16160839796066284,0.47826617926214376,733.6995866557771,143.48740328805042,25.47716303013923,130.2733449489619,0.08223129375381398,0.01764044310496595,12.160916144733875,56.68836445109469,7.651890269377128,1.5986624445322999,15.420186633100986,73.80768620252698,14.944089217617714,2.9410412449957977,15.666586324546417,79.6054336768969,0.7805277162283122,0.14449578826245035,26.502412251968625,143.1589637200926,0.1944463607507455,0.03937558126159831,12.39575553813558,61.2133072305159,spectral,spectral,0.24204464256763458,0.16614839434623718,0.006161304859386301,,,,,
adamw,450,L3.q,q,3,adam,0.0586441308259964,0.4243389666080475,0.720361053943634,-0.039463690118036854,0.6812593936920166,0.4243389666080475,1.0000003576278687,0.720361053943634,0.7956889867782593,0.05863882601261139,0.34583197114116415,133.4773799169433,47.38656882801877,52.08650059832147,146.71603791653823,0.03816198615561612,0.013632767704561993,26.204096232048535,73.35270278926811,2.896598183875953,0.9933105267091944,31.832587418598578,92.82717984501922,2.9185821157778937,1.0267938443374465,34.896462140648545,99.19049560852812,0.19240688474031084,0.06294174053940349,39.013415291938315,119.26028157264867,0.06816701218105997,0.023360442807774277,25.5678461837474,74.60833241016094,sign,sign,0.13446860015392303,0.5322332978248596,0.06432327654403312,0.05787019059062004,0.22855139207508818,0.07555473584061338,43.8065407057384,132.5138093449424
adamw,450,L3.k,k,3,adam,0.06276006251573563,0.40656307339668274,0.6873062252998352,-0.15248084858695754,0.6786352396011353,0.40656307339668274,0.9999997019767761,0.6873062252998352,0.8393680453300476,0.06275514513254166,0.35833492341350537,175.47974794423132,75.59927167908334,37.95953363603077,88.11102602691129,0.052029072064302184,0.021307384004662016,19.22001800725731,46.9320730202252,3.842714025238297,1.6019084912288797,22.89402652931565,54.918990266972166,4.257150552512227,1.7571674631067198,25.23732916582999,61.143352616085224,0.2711251764023397,0.09970018898566915,29.62943611973692,80.57443196843114,0.09683833505985559,0.03806333216079449,18.648544670902528,47.444454142657214,sign,sign,0.1826794147491455,0.17169950902462006,0.06432327654403312,0.06117396801710129,0.33267689205568607,0.12081511470158754,29.40934264395264,80.98166137868473
adamw,450,L3.v,v,3,adam,0.06756985187530518,0.32892146706581116,0.7432950139045715,-0.11466544584194582,0.7104419469833374,0.32892146706581116,0.9999999403953552,0.7432950139045715,0.6832787990570068,0.06756681948900223,0.3606260613754539,393.75389544637056,156.58975017758098,13.686339052714821,34.41508342847974,0.13663573385128397,0.0645354821249822,7.318729238749269,15.495350890208153,8.114246230019194,3.645014169252482,11.725274176152293,26.101890791633544,10.299251875982806,4.333134534496829,8.491848469425944,20.18393049719903,0.8215582182318872,0.2872343091357929,10.527482890961183,30.1110967989408,0.26430867955213777,0.1136122079130069,6.876205770100339,15.99688009598079,sign,spectral_head,0.12161332368850708,0.1849527209997177,0.06432327654403312,0.07589420676231384,1.1065046134358885,0.3685172144761373,11.741099680365233,35.253661030741384
adamw,450,L3.o,o,3,adam,0.09700611233711243,0.5019310116767883,0.8649424910545349,-0.10718331015516502,0.7444507479667664,0.5019310116767883,1.0000007152557373,0.8649424910545349,0.8335756063461304,0.09700369834899902,0.41207201969703994,301.8496456966839,77.91529820247641,27.24415222132177,105.54586692259012,0.08934848518949345,0.02548737028425887,11.192139554855352,39.23514682381112,6.417948839264741,1.668994534218529,17.250470769982645,66.3349319516012,6.482704179722532,1.7179768201388432,16.45882253058036,62.106587447251826,0.5286094266094021,0.10851682567437165,23.489533916400564,114.42270797829899,0.1779265372532885,0.04401226080445268,11.67174049457561,47.184860126720054,sign,spectral,0.18826524913311005,0.16213244199752808,0.06475718859138808,0.1614704579114914,0.9192365438915577,0.20662294109856208,23.208571963589755,103.25168815737672
adamw,450,L3.up,up,3,adam,0.14631971716880798,0.26774919033050537,0.47896116971969604,-0.11770159138004965,0.9306973814964294,0.26774919033050537,1.0000076293945312,0.47896116971969604,0.842664897441864,0.146320179104805,0.46497918756293133,830.9066555043952,173.06616108142714,21.11814945909671,101.3901899010985,0.08822137074671729,0.02196071310724542,11.335208475342597,45.53620934397628,14.636518962987239,3.118011201593705,16.754538392401642,78.64888964194267,8.303522306891205,1.9583559262923902,12.989801542779407,55.07737660169059,0.843646447380521,0.1666104442139142,22.200044468406745,112.41185230509588,0.2113684668260953,0.047698193841287,11.086557880269702,49.128668253744166,spectral,spectral,0.42334532737731934,0.39041826128959656,0.06873308052819006,,,,,
adamw,450,L3.down,down,3,adam,0.17431481182575226,0.2990646958351135,0.9232175350189209,-0.07856279543095923,0.8543363809585571,0.2990646958351135,1.0000072717666626,0.9232175350189209,0.4902958869934082,0.1743154674768448,0.5095731626304447,526.6387534474533,97.5950624323601,37.21622037487523,200.82474889376465,0.05683920651606484,0.013236928685468111,17.593617734336668,75.54677489986781,5.705186430414976,1.2687895141054542,20.7130557298592,93.13746935064924,11.475525954871634,2.166674706278042,21.875380276932418,115.86025969345995,0.6191742899423209,0.1082901283484958,36.035707577283134,206.04263742239186,0.14069562794593313,0.029130930427024342,18.252798937847384,88.15677943293291,sign,spectral,0.3920360505580902,0.3523622155189514,0.017958673089657935,,,,,
adamw,450,head,head,4,adam,0.20276514200063853,0.2760291759784405,0.5424632732684795,-0.06616716709726977,0.9492517709732056,0.2760291759784405,1.0000003576278687,0.5424632732684795,0.7662543058395386,0.202764892578125,0.5212774445330086,5746.169044530912,1243.8603545179421,0.39966849675723465,1.8463187895643298,5.367272804904164,1.822295925413683,0.1863144270800158,0.5487584884989832,167.1514335225692,35.36137850912091,0.2109471155548915,0.9971362613410668,458.09508731418305,143.1304905220316,0.21410522370477356,0.6852526725070066,42.877224444413926,9.054065105418896,0.3073830791788635,1.4556702567202726,12.022761714905844,3.392740934269113,0.17432880217586186,0.6177641291249556,sign,sign,0.38035884499549866,0.5627386569976807,0.06247056213578662,,,,,
adamw,500,embed,embed,-1,adam,0.2602397038386418,0.2785160945012019,0.5738344045785757,-0.0896199766296929,0.9767111539840698,0.2785160945012019,0.9999997615814209,0.5738344045785757,0.6825441122055054,0.26023964515099157,0.5446070573646883,8122.560696059567,1523.5363507069355,0.2852861299484227,1.5209705401349773,13.713885651195557,1.544962183575824,0.07291877641507404,0.6472648794981607,219.55340573827203,36.20755888068366,0.16988684904333282,1.0301505390220094,818.09582456515,131.06205160545446,0.10679145857851427,0.6665975794832496,72.53346096092535,12.577755614805433,0.2332107738981546,1.3448810012095829,25.403059293574334,3.4997560202766653,0.08619892249219029,0.6256768547363554,sign,sign,0.9573883414268494,0.0,nan,,,,,
adamw,500,pos,pos,-1,adam,0.17406092584133148,0.3534024655818939,0.7957970499992371,-0.08194121101623575,0.9617636203765869,0.3534024655818939,1.0,0.7957970499992371,0.5906298160552979,0.1740608513355255,0.4394799527133304,12195.285367825383,2000.326406391174,0.4747856094757565,2.894600589980642,4.459605195468422,0.751497031932541,0.2242350961955419,1.3306772448966453,322.79409582046236,50.43853464689477,0.3155634620298565,2.0195277898735196,379.5739293701877,73.17621166335624,0.19917231033363986,1.0331310508786002,48.315491858788874,8.396952482290699,0.4611314888009432,2.653319134529056,10.803385799609554,1.9097649682413442,0.2050134779935566,1.1597446459203546,sign,sign,0.5449185371398926,0.028526391834020615,nan,,,,,
adamw,500,L0.q,q,0,adam,0.19815903902053833,0.3916969299316406,0.7003154158592224,-0.14719523720901917,0.8728470802307129,0.3916969299316406,1.0000011920928955,0.7003154158592224,0.8366335034370422,0.19815757870674133,0.5282222592472515,2535.1018826105746,650.4742397047634,2.5314810990520744,9.865974866141967,0.9129117058925833,0.24278762426863557,1.0953974909492064,4.118830995217578,75.98068585722056,19.83604647699987,1.1797784162994864,4.519064488678202,78.74613448932257,19.954914874756746,1.3599281937383472,5.366552005461604,12.122187033908615,2.512115060874192,2.0923924191623047,10.09681946836918,2.392620858224073,0.5732099051818459,1.1126181420028596,4.644151033904475,sign,spectral,0.14343209564685822,0.11176172643899918,0.14018360952700418,0.23248955607414246,19.884872511946625,4.336400087495107,1.8396132452716736,8.435678008356026
adamw,500,L0.k,k,0,adam,0.139899343252182,0.35418835282325745,0.6177318692207336,-0.1234799461704379,0.843757152557373,0.35418835282325745,1.0000008344650269,0.6177318692207336,0.8496559858322144,0.13989831507205963,0.455594084710004,5781.0528696635565,1241.868973706531,1.0038001906379335,4.672813392975204,2.5073001778707122,0.44095346338267066,0.39883570515049493,2.26781489999819,165.069045406208,33.4921436410158,0.4790097323557928,2.3608425936470083,181.93356595867832,36.407763712223236,0.5977784561823224,2.9871641402136055,19.993209282301322,3.9742927402698522,0.8956603824916926,4.505738918418621,5.1246988789293875,0.9848189830344775,0.4480362341702541,2.3314444852569047,sign,sign,0.7229510545730591,0.18920020759105682,0.14018360952700418,0.1627792865037918,27.153673852427083,5.490747153985625,0.8701968580815406,4.3034292071892395
adamw,500,L0.v,v,0,adam,0.13621504604816437,0.3365565836429596,0.6617563962936401,-0.08362287363539,0.8418454527854919,0.3365565836429596,1.0000011920928955,0.6617563962936401,0.7447230219841003,0.13621310889720917,0.44994112874574316,12092.273973110372,3609.7293543169703,0.45600546916717793,1.52757797750453,4.207777148908628,1.2486959474269332,0.23765545481710362,0.8008364199095073,283.2312681065495,86.09282984429315,0.29906591631585183,0.9838777384688416,336.38199188153754,97.08128335783834,0.2833818370619999,0.9819044775356107,32.663187242450924,8.162815373486843,0.5337977369289914,2.1359708180512733,9.282276057124566,2.5960329731401894,0.24428935137524035,0.873471647217954,spectral,spectral,0.4396668076515198,0.2435474842786789,0.14018360952700418,0.1952459067106247,58.64032335521751,15.157823034550205,0.4789791132570218,1.8530029027100712
adamw,500,L0.o,o,0,adam,0.15260040760040283,0.4094941318035126,0.8997786641120911,-0.06599647362235717,0.8411567211151123,0.4094941318035126,1.0000001192092896,0.8997786641120911,0.6813129186630249,0.15260012447834015,0.48928516672774536,8448.877636013614,2559.5295856845773,0.7940879421511294,2.621244111805922,3.140102352590233,0.9537657423018625,0.3184609948731134,1.0484756107887068,294.7519499597624,88.36063633404947,0.3907409909317653,1.3034273380619221,201.50726488638367,60.51074727822682,0.43277870719965317,1.4411994151697856,33.40285931075977,8.13653625510927,0.5847659297211196,2.40063504515631,7.446194712054365,2.0774277074033414,0.3311545225811144,1.186968406230864,sign,spectral_head,0.1545332819223404,0.04437871649861336,0.09412215147139227,0.2232556790113449,51.52012360793762,13.350306728383341,0.6841053750114673,2.6400287422994166
adamw,500,L0.up,up,0,adam,0.30147257447242737,0.5734525918960571,0.9220066666603088,-0.0942734009040267,0.9801115393638611,0.5734525918960571,1.0000017881393433,0.9220066666603088,0.9425327777862549,0.3014727830886841,0.6007246884881361,9259.594497354497,2529.071238095238,4.058686271114492,14.859917149192128,0.6917453859878478,0.2008192944842952,1.4456211901020337,4.979610105230934,213.83375152465587,58.491143927513505,2.2076375219729845,8.070750230412633,68.845424680716,19.628352008841006,1.7523923501983099,6.146425104985892,12.050140313730815,2.5773775314271314,3.2023301534068245,14.9720121359467,1.9564502308985396,0.5043375385866267,1.5474270007744806,6.00285261622234,sign,spectral,0.08450228720903397,0.059706952422857285,0.12057129675089319,,,,,
adamw,500,L0.down,down,0,adam,0.20603981614112854,0.5619363784790039,0.9402586221694946,-0.1254547147921402,0.98042893409729,0.5619363784790039,1.0000003576278687,0.9402586221694946,0.8994528651237488,0.20603975653648376,0.5254863765407175,8659.83297493052,2164.0911597091604,4.252629653090448,17.01733419813485,0.6786035616678414,0.1668982558251908,1.4736149559399785,5.991676501851936,58.908986379015786,14.765454432602775,2.0430347054921794,8.150992181585035,218.89605987431545,53.51282063522161,2.1038289460659008,8.605785706617187,6.694801886311785,1.3241012137612445,3.9393404828575322,19.91774029157748,1.6054300330700784,0.3676175502970039,1.6495808141667103,7.203917709858621,sign,spectral,0.11962426453828812,0.11706457287073135,0.04229130516473547,,,,,
adamw,500,L1.q,q,1,adam,0.07163705676794052,0.4902905225753784,0.8956093192100525,-0.07038049237170285,0.6905760765075684,0.4902905225753784,1.0000001192092896,0.8956093192100525,0.7744579315185547,0.07163140922784805,0.3712891253131447,396.3747856896145,186.50040087959079,20.265971025122834,43.071864103183614,0.0975533114752132,0.05629120263022841,10.25080649838703,17.76476736121976,7.988022431291419,3.812409965229174,14.351235721349026,30.069691849626548,8.183330098103015,4.4137879530284465,12.113725591657918,22.459306221622676,0.4929189620463155,0.21025513216493819,18.602539009463218,43.61151200236815,0.18067383092345063,0.09214089014217498,10.356681757750614,20.307828217640992,sign,spectral_head,0.0,0.0,0.08057925929092823,0.10161922872066498,0.7487918161920494,0.3063598334644197,19.031020962974303,46.514820790009026
adamw,500,L1.k,k,1,adam,0.0693192407488823,0.5137437582015991,0.8513864874839783,-0.03883685498941325,0.6881282329559326,0.5137437582015991,0.9999989867210388,0.8513864874839783,0.853080689907074,0.06931383907794952,0.367736560495582,399.33577647074316,192.8467601317776,21.077945504318404,43.646975083342376,0.10448274679351416,0.0605855350036891,9.570948481066488,16.505573263653577,9.063866108351446,4.3431103105914035,12.023287755490715,25.09203372803803,7.997050529403317,4.427856014482978,13.65432516733801,24.660767638094853,0.5745558365190582,0.24315571071363573,15.442984876051677,36.49043268517181,0.19694456571533328,0.09996856284324675,9.410142820817486,18.538592918167144,sign,sign,0.2383722960948944,0.09372488409280777,0.08057925929092823,0.07306235283613205,0.8149486894907876,0.32631893207317475,15.484361829502454,38.67063519846432
adamw,500,L1.v,v,1,adam,0.09727334976196289,0.5033494830131531,0.8427014350891113,-0.129805886113448,0.7211725115776062,0.5033494830131531,1.0000003576278687,0.8427014350891113,0.8657059669494629,0.09727182984352112,0.41704487243311633,821.7664865099993,205.2477455042393,10.03554910679258,40.18011457045293,0.26655545622488075,0.07340561704675819,3.751565890979976,13.62294055768082,16.775710201449932,4.260115418963462,6.429878818607833,25.319920491180333,20.100489527130247,5.3861568638258746,5.512819158954667,20.573177976628934,1.7388279523098427,0.39141707927943303,7.160566154741609,31.81003906919386,0.5363469183949853,0.1377773163446928,3.918686016994574,15.254870867961415,sign,spectral_head,0.0,0.0,0.08057925929092823,0.15659473836421967,2.763374617101162,0.5765323675728664,8.393371174083208,40.230228446694596
adamw,500,L1.o,o,1,adam,0.12596836686134338,0.49749305844306946,0.895262598991394,-0.13010511344805764,0.7862539887428284,0.49749305844306946,1.000000238418579,0.895262598991394,0.8187724947929382,0.12596790492534637,0.45127805954906064,721.7381308246879,128.5362449446105,11.29346770166856,63.41344632437091,0.2100500317539229,0.03959695048461969,4.7607716602970855,25.25447606898417,18.67395699959672,3.486553459837502,6.136546885771087,32.867304055690376,16.16706377367541,2.8476254232216687,6.48249309835377,36.803604321992275,1.9128824552842234,0.3098942857632525,8.429137402751474,52.03048197933345,0.4782008681168649,0.0840106818415645,4.755945438477199,27.071524567379786,sign,sign,0.0,0.0,0.0763993119597231,0.17212443053722382,3.2864749077819067,0.5447489828911125,8.001168937322547,48.27111526831559
adamw,500,L1.up,up,1,adam,0.16160620748996735,0.39422374963760376,0.6667650938034058,-0.14904083232133047,0.9403477907180786,0.39422374963760376,1.000003695487976,0.6667650938034058,0.8786085844039917,0.16160652041435242,0.4904114812558905,2427.777155358321,404.37146316495097,10.641770641604388,63.89137219040369,0.2139609595277825,0.04028469756893325,4.673767110107427,24.823413252062213,45.87763766223402,7.686095835475709,7.44117930702363,44.41575220174376,22.417980460943056,4.122870118474639,5.016593666840051,27.277574983448446,2.267314964999776,0.3701525264259716,9.12340584892631,55.88408327985334,0.5214135756950667,0.09219005497204495,4.740035757763009,26.80895454642186,sign,sign,0.03411281108856201,0.0,0.07577260164577529,,,,,
adamw,500,L1.down,down,1,adam,0.2089015692472458,0.3953832983970642,0.9184235334396362,-0.11683859122708129,0.97283536195755,0.3953832983970642,1.0000044107437134,0.9184235334396362,0.6620512008666992,0.20890210568904877,0.5315604231306091,1950.0630898251995,286.4049307871072,13.287693090008023,90.47274351226514,0.1809427239506613,0.027164400460276437,5.526635108115154,36.81304920408823,17.310672680679193,2.608750149442618,6.791082845179242,45.06303997927543,44.75532184283614,6.467432813265806,7.573852692515226,52.41186489768619,2.375502778514182,0.3177372231241336,11.256338678280652,84.15590576149074,0.4657521152775929,0.06661582123108696,5.751763357469099,40.21410981370966,sign,sign,0.0,0.0,0.011840131960689303,,,,,
adamw,500,L2.q,q,2,adam,0.076239675283432,0.5439008474349976,0.9354479908943176,-0.11054396380269815,0.6826314926147461,0.5439008474349976,0.9999998807907104,0.9354479908943176,0.8373664021492004,0.07623478770256042,0.38797542679321256,322.216515007753,85.65804874633761,27.656159971069705,104.03308988235632,0.08552197982414445,0.022079737993784456,11.692899098535507,45.2903870993494,7.832565732710741,1.9577868735460675,15.287116242691685,61.15953909610028,6.358226586725588,1.766076679501944,16.857357631586954,60.689833413872265,0.44711429889210674,0.11699062055802432,21.82591444840856,83.41419499898494,0.15777856941231283,0.04109490796578987,12.392517155642789,47.57946239623077,sign,sign,0.0,0.0,0.07425427509872962,0.11240748316049576,0.6831973197975316,0.17087799218590194,21.63220037488391,86.48896869858689
adamw,500,L2.k,k,2,adam,0.06977644562721252,0.4878781735897064,0.8154720067977905,-0.013219315402215326,0.6844192743301392,0.4878781735897064,1.0,0.8154720067977905,0.857252299785614,0.06977122277021408,0.37270610165500473,320.8850127953325,76.28645016982395,24.910468477354886,104.78133375323364,0.0833774245129106,0.019114168808861808,11.993654227651932,52.31721086068754,7.1573255911606815,1.6678618523492958,14.583717834358033,62.58337087276763,6.310733709318852,1.4644442276997596,17.387565285875784,74.92828494050038,0.4436323586376487,0.10257227321210409,20.13240212618982,87.07406749009489,0.1571184824779484,0.036077543272211195,11.954806474542025,52.0634411668595,sign,sign,0.3402532637119293,0.23587273061275482,0.07425427509872962,0.07881688326597214,0.601079664446561,0.14036366020218446,19.81216501454294,84.84168538885133
adamw,500,L2.v,v,2,adam,0.09944802522659302,0.49740397930145264,0.8352170586585999,-0.11880510210045714,0.7386126518249512,0.49740397930145264,1.0000001192092896,0.8352170586585999,0.8572782278060913,0.09944669157266617,0.41635724719510436,822.9604052754696,182.9354458173677,9.902623193818332,44.548320094351546,0.2587412694909108,0.05851150732337963,3.8648651650231547,17.090657290411595,18.780003391858898,4.1630040634754035,5.692639201260482,25.680441786321698,22.831470229338862,5.157998595558939,4.806156242105361,21.27406805687367,1.596209467291418,0.31362967964916677,7.974736021302245,40.58719554409479,0.5091033650752581,0.1104388594574508,4.121574350288069,18.999719677003267,sign,sign,0.0,0.0,0.07425427509872962,0.1631835252046585,2.7803061147614585,0.5313635332611906,8.37294366345763,43.810583543793065
adamw,500,L2.o,o,2,adam,0.1313205510377884,0.5536108016967773,0.900197446346283,-0.12332412269473703,0.7849525809288025,0.5536108016967773,0.9999995827674866,0.900197446346283,0.9054055213928223,0.1313197761774063,0.45859371084288253,660.8201293897387,122.64529725378678,13.725912652473818,73.95603074964168,0.18563316555991638,0.0356561297902317,5.386966169279266,28.04565690809901,17.52826399365656,3.3222874289949935,6.5736842606902774,34.68251185213688,17.012821071408435,3.1046115490878523,6.8120334806229135,37.32895562162383,1.472854243740511,0.2312152738179307,11.412555318541314,72.69861655451491,0.40872045432549164,0.07167728552985776,5.654643431168186,32.24408423325381,sign,sign,0.0,0.0,0.0978922521463842,0.20782966911792755,2.8852580191040644,0.47124971581332264,10.026968513765373,61.39078781557457
adamw,500,L2.up,up,2,adam,0.17391350865364075,0.29823532700538635,0.5186553597450256,-0.13396270359346762,0.9460822343826294,0.29823532700538635,1.000005841255188,0.5186553597450256,0.871890127658844,0.17391398549079895,0.5016776069563305,1593.6850332161,246.69909119147104,12.264123702776045,79.22668176939243,0.17957473818660807,0.029968226147052624,5.568744531405165,33.368869960744696,29.18397298393075,4.485114316006711,9.099225260922179,59.20730788103636,17.48779474481822,2.9247392554857075,6.381704381188521,38.15790967725034,1.819705378283353,0.2726536300570361,12.233293591637628,81.64567674439367,0.43084554282533083,0.06894415457310775,5.868220644644492,36.67166164724939,sign,spectral,0.14381174743175507,0.10950201004743576,0.06738374547166039,,,,,
adamw,500,L2.down,down,2,adam,0.17619207501411438,0.26918768882751465,0.9157724380493164,-0.1041573354504799,0.9433856010437012,0.26918768882751465,1.0000059604644775,0.9157724380493164,0.4448206424713135,0.17619268596172333,0.4972481839491184,1335.8742984946946,194.3620050812432,13.205946393967594,90.76611639001084,0.1402558007681557,0.023530291091412664,7.129872383085943,42.49866508576377,12.927609215428529,2.1446978026173724,9.06732792714812,54.655192879509414,25.18888316870565,3.6436798984511385,9.041614406638875,62.50498816927471,1.6521391680466457,0.22542063070887822,13.650578964464883,100.0469926057119,0.3530033856167579,0.054649989234969,7.099005853113457,45.8549605542965,spectral,spectral,0.0,0.0,0.00856154804737359,,,,,
adamw,500,L3.q,q,3,adam,0.04741774499416351,0.30189523100852966,0.5602707862854004,-0.14952096353286914,0.6704840064048767,0.30189523100852966,1.0000005960464478,0.5602707862854004,0.7119411826133728,0.04741273447871208,0.3204859203659136,244.06390675027035,131.05999115661842,20.26621441368971,37.740361655700966,0.07584151958572782,0.04661105096486855,13.18539767542622,21.45415250988791,5.306847217209195,2.8273182106450188,13.513609438759214,25.364905999799156,5.909185605480358,3.508949853248448,15.421494171717404,25.97029743532771,0.39239750644597027,0.17167619990044317,15.467665229512043,35.35419161258994,0.13641452986349142,0.07413768115096114,11.84000112231385,21.785793156854293,sign,sign,0.22410465776920319,0.21061016619205475,0.06790715184631962,0.04785526916384697,0.5115701237834104,0.21374911394646678,15.128934730965204,36.20838875135341
adamw,500,L3.k,k,3,adam,0.07893519848585129,0.45322170853614807,0.736954927444458,-0.08975337702198949,0.6873290538787842,0.45322170853614807,0.9999996423721313,0.736954927444458,0.8850435018539429,0.07893113791942596,0.39319799606309336,301.0697143253644,123.58685451438781,24.664003449484998,60.0839345077091,0.10690425585902419,0.04543690246989382,9.354161200942663,22.008534649445444,6.13007137046449,2.530106356552515,15.388112961846804,37.28310885769387,8.146616182506602,3.3594397430134055,13.905843321864745,33.72156576789436,0.6431761141832398,0.22948089714167094,15.709076133830877,44.028512486285315,0.20243047772998998,0.08105105187771133,9.789001145311008,24.448691687981107,sign,sign,0.5346493124961853,0.24617211520671844,0.06790715184631962,0.08967128396034241,0.75958997222422,0.27453367471497003,16.45333269120943,45.52369225701451
adamw,500,L3.v,v,3,adam,0.09017858654260635,0.39662572741508484,0.7548255920410156,-0.038491963822315345,0.7344256043434143,0.39662572741508484,0.999999463558197,0.7548255920410156,0.8051068186759949,0.09017577767372131,0.39974240480839845,586.8104570564019,128.66344135205188,11.07396066281102,50.50631204700882,0.19826053972170685,0.049882697635043584,5.043865334785582,20.04702052953282,14.309206905604118,3.3857484983807593,6.752133533229592,28.536577902185467,15.137875787194771,3.604006666440932,6.80767065599132,28.59419594034659,1.3740253606325394,0.2800696590132577,8.400758525623237,41.21422971493653,0.4095435970007033,0.09620196350279057,4.919077451732766,20.941118041205602,sign,sign,0.0,0.0,0.06790715184631962,0.12057344615459442,2.088062469266835,0.3895907545759557,8.53209254190789,45.72886294609429
adamw,500,L3.o,o,3,adam,0.09761520475149155,0.48588842153549194,0.889761745929718,-0.14930511973717153,0.7492942214012146,0.48588842153549194,1.000000238418579,0.889761745929718,0.783445417881012,0.09761349856853485,0.4098261557187707,606.0614247790032,104.89159528175374,13.135295488143562,75.89546023257317,0.1724663080040564,0.031030301895607338,5.798235319069154,32.226571361851285,13.578897910290577,2.3904507477095196,8.387242045077484,47.643526472206325,14.413760729738977,2.449047805364821,6.957310820476312,40.94693997769114,1.2161874877231893,0.17347299267411107,10.273703023047165,72.02705664210617,0.3562921834961316,0.05815331707561883,5.796913247213788,35.51637262070098,sign,sign,0.0,0.0,0.04893831990705906,0.134280264377594,1.875802332935712,0.28150278862320605,10.799758955149558,71.96451993350831
adamw,500,L3.up,up,3,adam,0.17753635346889496,0.32243552803993225,0.5419122576713562,-0.13831619947481566,0.955073356628418,0.32243552803993225,1.0000044107437134,0.5419122576713562,0.8892909288406372,0.1775367558002472,0.5005536578400808,1739.8339357740074,203.6808942380081,12.145489480997105,103.74627843558338,0.16419637048623156,0.021574357435483457,6.090295466229975,46.35152697984881,30.162846594808503,3.5329504816904445,9.19870328072714,78.53466312807642,16.56711339183838,2.1359472850970493,6.8707949417234255,53.292157388813834,1.6878987667041403,0.1923981095482325,13.463310235604249,118.11293154486405,0.40016475419083103,0.0493034062641815,6.3039819983272745,51.16545889886573,spectral,spectral,0.0,0.0,0.07272231670860033,,,,,
adamw,500,L3.down,down,3,adam,0.18873846530914307,0.3158129155635834,0.9288578629493713,-0.08353499199324466,0.8652250170707703,0.3158129155635834,1.0000032186508179,0.9288578629493713,0.5193496942520142,0.18873874843120575,0.5236949554958051,1104.5881433559862,128.94552432956445,18.737404849822603,160.51053607317485,0.10375485029289946,0.01397822771892575,9.638134659033417,71.54005777834544,9.188854341206435,1.202243729046931,12.938915129425109,98.89326397382969,22.69560850289466,2.640555114492922,11.716233271432962,100.70119044195548,1.2275621374180923,0.12736912443968712,19.680111550203534,189.67359558661406,0.2654442810063275,0.0319226037451653,9.942792592948576,82.6767594554373,spectral,spectral,0.0,0.0,0.02159531232675899,,,,,
adamw,500,head,head,4,adam,0.20064383286696214,0.27513838547926683,0.5419058579664964,-0.07077609352268666,0.9550600647926331,0.27513838547926683,1.0,0.5419058579664964,0.7504774928092957,0.20064361278827375,0.5169345030389023,7682.051859236553,943.9234503256342,0.2979869713369778,2.425145139044686,6.799429194579594,1.186205816423811,0.14707116897359346,0.8430240234488255,187.34187679210703,22.399058340281183,0.18801925853935023,1.572560785043256,636.3155378349365,107.36158644041467,0.15096459754297023,0.8947438489361691,57.13276299622785,6.8250854920908886,0.22827270039238143,1.9108698499293728,15.25497297504314,2.3014407986840344,0.13624749616221923,0.9031089885346643,sign,sign,0.0,0.0428774431347847,0.0641935459919998,,,,,
adamw,550,embed,embed,-1,adam,0.12204283200777494,0.1228993269113394,0.29122918935922476,-0.17004784767079195,0.974531888961792,0.1228993269113394,1.000000238418579,0.29122918935922476,0.44437018036842346,0.12204281733586238,0.3805395452405661,12623.944590663526,4923.570577642333,0.08099864448538419,0.20767903775880914,10.806185096531205,9.177616990090312,0.09253961777311959,0.10896077266008664,295.7803888425652,132.9468440969956,0.06399983914560817,0.14238696252570465,869.1428235491935,547.2316651751374,0.06544307971719544,0.10394022624577907,81.840251479326,33.68642335007316,0.09693012722300759,0.23548911397970584,23.57847316061023,15.722254627130228,0.06489164823155742,0.09731721196877825,spectral,spectral,0.0,0.0,nan,,,,,
adamw,550,pos,pos,-1,adam,0.17556315660476685,0.35180532932281494,0.799020528793335,-0.08319371607164838,0.9623650908470154,0.35180532932281494,1.000000238418579,0.799020528793335,0.5884684324264526,0.17556321620941162,0.4412530181619339,19830.141511528338,3144.6071485205034,0.2906675432585333,1.8329725283289764,7.316783127184627,1.2211969084576915,0.13667211683549818,0.8188689567528693,470.72212094803865,74.70624078182735,0.21727176848958116,1.3690238809396185,585.1923662903333,99.69423234073419,0.1287165788372831,0.7555498205066095,79.57233910879184,12.565949186140696,0.2824107509857938,1.788331602533869,17.614431858319875,2.9116563815871315,0.12624736597328964,0.7637493350148382,sign,sign,0.29798623919487,0.0,nan,,,,,
adamw,550,L0.q,q,0,adam,0.20428219437599182,0.40934696793556213,0.7151263952255249,-0.09423539704376227,0.8628217577934265,0.40934696793556213,1.0,0.7151263952255249,0.85646653175354,0.20428165793418884,0.5399377185913542,4147.3165855241805,895.251282051282,1.6171277461830378,7.491461734954625,1.3447367403454917,0.3213776240067172,0.7436399779953052,3.1116043100097683,114.89316552863512,25.577722468340966,0.7967069073926193,3.5787462586697014,121.15942183512657,26.946847257909944,0.9048220468865743,4.068294706805567,17.853218876347388,3.234686026403797,1.4646167152589833,8.083666412763433,3.4526142614015165,0.7291477664229479,0.7881322891049407,3.7319140324381603,sign,spectral,0.17300739884376526,0.25307968258857727,0.13852990687465613,0.2503320276737213,26.19991415092796,4.807917749208611,1.4529555369517755,7.917629277147654
adamw,550,L0.k,k,0,adam,0.10897842049598694,0.31932875514030457,0.5510967969894409,-0.07737053365944857,0.8366045355796814,0.31932875514030457,0.9999996423721313,0.5510967969894409,0.7900919318199158,0.10897693783044815,0.39930120818165615,8871.340583982657,3373.9343087542975,0.5897510387173044,1.550676997665207,2.9340593229549357,1.6063045051610914,0.3408246161038818,0.6225467457503299,200.8353323971141,84.62471160806777,0.351234960366277,0.8335672721858163,235.48952626363732,102.6914959394666,0.42945335564406073,0.9848115109021608,23.75909399131254,6.380161237620584,0.5871114412543762,2.1863453597200815,6.403617337294086,2.697152477720767,0.3142523429074628,0.7461023312364067,sign,spectral,0.0,0.5373711585998535,0.13852990687465613,0.1135883778333664,32.27436773072732,8.90512313000636,0.5724872955213673,2.0748354881885813
adamw,550,L0.v,v,0,adam,0.11755523085594177,0.30644965171813965,0.6018581986427307,-0.11176485852896578,0.8337914347648621,0.30644965171813965,1.0000005960464478,0.6018581986427307,0.7154873609542847,0.11755411326885223,0.4150495055745769,17193.84117833288,4995.933042425208,0.2920156724535259,1.0049916704473456,5.943533812753774,2.0401165830531607,0.1682501736425934,0.4901683581973953,404.7340371963837,121.78520985989209,0.19034190936822415,0.6325714716499466,537.7968647380554,161.29330697548045,0.170291774100906,0.5678002635042423,46.44173391135193,9.8410669766199,0.32399901894280364,1.5290086187838308,13.187650665554063,3.667979000577186,0.15861194424782352,0.5702646912088333,spectral,spectral,0.3406910002231598,0.6159429550170898,0.13852990687465613,0.16559329628944397,86.27595291607136,19.048946641195474,0.28072905996871905,1.2714701561321697
adamw,550,L0.o,o,0,adam,0.13204942643642426,0.3805924355983734,0.8854623436927795,-0.05379421192498235,0.8256651163101196,0.3805924355983734,1.0000005960464478,0.8854623436927795,0.6334999203681946,0.13204902410507202,0.460672529433094,15244.806919179857,3431.7455927522933,0.40903282658165774,1.8170421717778669,4.9206927690193725,1.1550333131588344,0.20322353842988136,0.8657764106488006,472.1728477776775,108.32452149766208,0.24003747891501276,1.0462929208057654,360.7818308626375,82.30865819934458,0.22475630109544512,0.9851696234767998,46.07945952478741,8.758533812547734,0.36680830603316233,1.9298125523014096,11.135060693397572,2.416192287899717,0.20849846965509242,0.9608685226406635,sign,spectral,0.29232117533683777,0.2181440144777298,0.09536026199137776,0.19426533579826355,91.6308063543133,18.170104561870396,0.32496734106641134,1.6387918627182205
adamw,550,L0.up,up,0,adam,0.28670021891593933,0.5636701583862305,0.907874345779419,-0.10551989670390616,0.9796995520591736,0.5636701583862305,1.000001072883606,0.907874345779419,0.9388598799705505,0.28670018911361694,0.5864666952058348,15377.423888706451,3330.805027315879,2.4022676208548903,11.090618393166219,1.174729901442315,0.27271075932489,0.8512604230605013,3.666892627775897,350.06693617077076,76.5320846072957,1.3278365278470825,6.073683572376528,116.91928436078156,26.099068288311017,1.0278378395253047,4.604534664176223,18.540357197132536,3.223485330058169,1.9793383199223213,11.384459895981536,3.2272598074729357,0.6644603646558372,0.9158255342704489,4.448131287619132,sign,spectral,0.23066827654838562,0.18492957949638367,0.1212876510909074,,,,,
adamw,550,L0.down,down,0,adam,0.2009476274251938,0.551099419593811,0.9265680313110352,-0.15274014385031254,0.9807178974151611,0.551099419593811,1.0000027418136597,0.9265680313110352,0.8779982924461365,0.20094801485538483,0.514400495226712,14221.55397464414,3341.2812898929924,2.5395854508511073,10.809281957717687,1.0620216676021248,0.2678952607786094,0.9416029562480642,3.73281236445638,95.23957345703029,22.18646145361553,1.2452881055932299,5.345634239861409,322.2609382729165,77.4734291016656,1.3949414041354256,5.802442604451044,10.189137561431165,1.7483554440506075,2.5243877906566063,14.71173069808163,2.4748695670510354,0.5334438385742403,1.0474956453824908,4.859771370317964,sign,spectral,0.29773789644241333,0.27541813254356384,0.04416997019036382,,,,,
adamw,550,L1.q,q,1,adam,0.07407370209693909,0.5174354910850525,0.8599913716316223,-0.0332444206649537,0.6934650540351868,0.5174354910850525,0.9999997615814209,0.8599913716316223,0.8345187306404114,0.07406828552484512,0.37747917170239004,516.6277193958376,207.95946452541327,16.40961715304702,40.76594015706125,0.141636758548873,0.06117779352284754,7.060312392254883,16.345796472832248,10.876061532694482,4.266301059291202,10.121209340158655,25.801952098320985,11.002600996302084,4.619990519940153,9.70846780301074,23.120912707707543,0.7137436578512905,0.25312883875583125,13.284084423151153,37.45693716286143,0.26466693246887235,0.10454857077380598,7.187812532492275,18.196100435001608,sign,spectral_head,0.4312291443347931,0.19748252630233765,0.08523191415912536,0.0875747874379158,0.9504142420759986,0.3383565719382338,14.912018777361288,41.886566419924776
adamw,550,L1.k,k,1,adam,0.091691754758358,0.5685937404632568,0.9097450375556946,-0.10690919832331514,0.6918516755104065,0.5685937404632568,1.0000005960464478,0.9097450375556946,0.9037411212921143,0.09168784320354462,0.4158908352775563,525.0063827205436,173.63373377017354,17.744241118509873,53.65224626270323,0.16446435242165908,0.05445770649523337,6.080348606381361,18.36288489552855,13.184466820491028,4.318379456219235,8.832163362582763,26.965523985953567,13.603090604380618,4.526546615605905,8.503866282279883,25.555654972506307,1.104985403381209,0.35830605763707146,10.62145023289849,32.755649032260386,0.3225959519613859,0.10665190767359838,6.497163702685516,19.65233210953291,sign,sign,0.1254139393568039,0.04230813309550285,0.08523191415912536,0.12644155323505402,1.4873920133870229,0.47878918973572737,11.508455117717235,35.75181853617842
adamw,550,L1.v,v,1,adam,0.10246755927801132,0.4877723455429077,0.8300376534461975,-0.09248424070462835,0.7371795773506165,0.4877723455429077,0.9999997615814209,0.8300376534461975,0.8464778661727905,0.10246556252241135,0.4226058138746435,1513.0968030985032,324.89727624829897,5.2816595032186715,24.597504176266057,0.5282797399493245,0.11950161817486929,1.8929360449775081,8.368085527662895,34.77662308656205,7.494062446609586,3.055064299275426,14.17719966947698,43.28787508025144,9.83341138044687,2.5029911186272957,11.01847188917193,3.3859863190696196,0.6854026210520486,3.873567239882029,19.135972459668803,1.0483099922268733,0.23105733364071082,2.031651262950762,9.217627011066545,sign,sign,0.6441627144813538,0.2706001102924347,0.08523191415912536,0.17658282816410065,6.21614506431837,1.162761452912091,3.9144124725381073,20.926524275408408
adamw,550,L1.o,o,1,adam,0.11823505163192749,0.4626843333244324,0.876651406288147,-0.08932693660285207,0.7948883771896362,0.4626843333244324,1.000000238418579,0.876651406288147,0.7567263245582581,0.11823351681232452,0.4307656806739573,1185.9323510145907,201.2745333746032,6.392118497064454,37.66308628364219,0.3964333670166395,0.07128878957748642,2.5224926093988604,14.027454307267229,33.2301212868418,5.735117967523367,3.3767971845867257,19.56566205617908,28.59843497045379,4.897308565245491,3.386932524228268,19.778408538691213,3.022388930958805,0.44416225468091786,5.00732692437059,34.073335386821334,0.8494487721133253,0.14003675451635242,2.5556844225139734,15.502522906299886,sign,sign,0.499557763338089,0.4211742579936981,0.057882619951366454,0.15349797904491425,4.827726198043044,0.752859593053907,5.137825778797428,32.9464037413218
adamw,550,L1.up,up,1,adam,0.16765989363193512,0.41763418912887573,0.7068583965301514,-0.14374681341815387,0.9447045922279358,0.41763418912887573,1.000002384185791,0.7068583965301514,0.8873863816261292,0.16766022145748138,0.4983608737047457,4009.9483609107206,680.1855807545884,6.825542813856545,40.2391273693071,0.3482917198369973,0.06760079830686283,2.871163244000743,14.79275998556175,72.8796621499044,12.385202811880031,4.965877836796643,29.22128159873876,35.39547813839637,6.684180878100397,3.209038634935944,16.99317521766778,3.9196535281035194,0.6205791857109594,5.475099504050291,34.58139361084531,0.8518349851299261,0.15165670520725907,2.948434889656339,16.560955791269198,sign,sign,0.1883276104927063,0.12590137124061584,0.07778429543104054,,,,,
adamw,550,L1.down,down,1,adam,0.21784308552742004,0.42257633805274963,0.9301149249076843,-0.07380655327213026,0.9769296050071716,0.42257633805274963,1.0000032186508179,0.9301149249076843,0.6860421299934387,0.2178434580564499,0.540517433738695,3286.729231965957,475.5019484926827,8.425994639680086,58.24153397985744,0.27861456806388885,0.04608686663007987,3.5891993214852573,21.69822536813857,27.408859335386694,4.37023422584973,4.343657973189563,27.242180678550493,68.82913599708603,9.989425563737644,5.103268629894052,35.16253945889713,3.757105135776795,0.48457491264509706,7.421661524907122,57.54314122251685,0.7242031731604552,0.1070956952730099,3.7614273841959176,25.435547528807373,sign,sign,0.28795570135116577,0.17792819440364838,0.012353713994695129,,,,,
adamw,550,L2.q,q,2,adam,0.0844796821475029,0.5263010263442993,0.8943073749542236,-0.08720864609466883,0.6850988864898682,0.5263010263442993,1.0,0.8943073749542236,0.8481366038322449,0.08447612076997757,0.40371227559255934,432.7737441832717,172.35668476315476,19.924766997818043,50.02948407527242,0.1379145689980808,0.06033244028205586,7.250865570365636,16.574830975259278,11.666088603664758,4.660290289672183,9.812315668353563,24.56313595911057,10.306905686940393,4.3058641987112845,10.532888200197924,25.212473101919713,0.9123610047482211,0.3044458886574968,11.852103883501517,35.51829014743854,0.27531568063908723,0.1075301879514893,7.390001635328447,18.921043187167978,sign,sign,0.0,0.11005189269781113,0.07528823130638396,0.1035032793879509,1.1718100515022885,0.4001230298468137,12.669023278007154,37.1028101670851
adamw,550,L2.k,k,2,adam,0.08040356636047363,0.5449249148368835,0.8875833749771118,-0.11994375681743663,0.6879088878631592,0.5449249148368835,1.000001311302185,0.8875833749771118,0.8746250867843628,0.08039970695972443,0.3954589040610178,484.9975394743274,156.03079730808716,18.408443503371817,57.21979223793119,0.13137228948516,0.04402817359815043,7.611965317961111,22.7127593442621,11.065690912649497,3.5780346898421156,10.266929818832985,31.752255594280864,9.7134954929069,3.1889516357782517,11.525409281360075,35.106211662905,0.8914154518798726,0.25788079067543296,11.545303813707541,39.90860346453467,0.2597721731669851,0.08232697227095141,7.672061122182682,24.208202189436616,sign,sign,0.0,0.03413159027695656,0.07528823130638396,0.09508508443832397,1.166364201938897,0.324898819341909,11.999960660587734,43.07902554873696
adamw,550,L2.v,v,2,adam,0.10081753134727478,0.5083022713661194,0.8513981103897095,-0.09743585708930413,0.7422778010368347,0.5083022713661194,1.0,0.8513981103897095,0.8524401783943176,0.10081571340560913,0.41709355260992503,1272.5393008559645,317.0002491501099,6.544414312753023,26.271349743068846,0.39328781665511126,0.11610017193533971,2.5426671197316475,8.6132516716421,26.68945283161665,6.644671901430013,4.083221893585807,16.400953989380458,35.849731756082036,10.066759072275767,3.0436027688257767,10.838874959764572,2.550199079607777,0.5193793435854652,5.060248532994126,24.84627336609649,0.7933481220296341,0.2050348826466525,2.6495544808265925,10.25200709481957,sign,sign,0.1796565055847168,0.1348235011100769,0.07528823130638396,0.16171856224536896,4.996971226326165,0.9675913928406917,4.826703095128188,24.9267373220072
adamw,550,L2.o,o,2,adam,0.14060275256633759,0.5621018409729004,0.9222378730773926,-0.08606140780706151,0.7923428416252136,0.5621018409729004,1.0000008344650269,0.9222378730773926,0.9022011756896973,0.14060193300247192,0.47433751395320195,1135.4013677586381,190.30968738059406,8.11120791643941,48.392053443303034,0.33564858706337114,0.06531914172200318,2.9793089350208546,15.309460720121038,31.603930507779406,5.338528664193783,3.7351824870279584,22.11216894753406,25.80690269028695,4.561049232818693,4.4748396145867435,25.319119481837827,2.967411500702499,0.38656331146448164,6.06493570360064,46.55682374435413,0.7566183637502306,0.12183182146759895,3.15946989631481,19.62141675689858,sign,sign,0.35727375745773315,0.3494182825088501,0.09780370485401048,0.19275446236133575,4.999540718876784,0.7141663418569126,6.03067823817191,42.21792549868644
adamw,550,L2.up,up,2,adam,0.16877205669879913,0.3005753755569458,0.5303148031234741,-0.14735229697439134,0.9463891983032227,0.3005753755569458,1.000004529953003,0.5303148031234741,0.8584127426147461,0.16877244412899017,0.49338026241765215,2676.5461147421934,406.763895871739,7.35967435942996,48.42737522287707,0.2806600989226491,0.05492224151153154,3.563044885224699,18.207642339998827,54.01772276176407,8.439929032555849,5.026520284772397,32.17102633823859,29.357030704081968,5.362502513678002,3.742777400147952,20.489842340293063,3.0671818280689815,0.44757630056590747,7.043233128701933,48.26635511284605,0.6872787732639076,0.11851620544584714,3.617864778154816,20.980098520797426,sign,sign,0.0,0.05381089821457863,0.06758890313416306,,,,,
adamw,550,L2.down,down,2,adam,0.17192094027996063,0.27818062901496887,0.9093338251113892,-0.11313121713194063,0.9468433260917664,0.27818062901496887,1.000005841255188,0.9093338251113892,0.4534943997859955,0.17192146182060242,0.4938761473674177,2174.905835617971,244.10636155094275,8.382360930097438,74.68402538669764,0.23962755609658562,0.032817736609606074,4.173167132965793,30.471505489579574,20.967419013587183,2.715482857585942,5.55121875223805,42.863363798853975,52.107282587110724,5.948509727442075,4.455982372565022,39.033160124001945,2.562687724746811,0.27200136883362447,8.587056859556553,80.90380316853806,0.5858457907777016,0.07189203580795225,4.248523039306173,34.62107188407501,spectral,spectral,0.23242564499378204,0.16320645809173584,0.007741348249232471,,,,,
adamw,550,L3.q,q,3,adam,0.05664607137441635,0.36366456747055054,0.6418415904045105,-0.06392524174491543,0.6913495063781738,0.36366456747055054,1.0000005960464478,0.6418415904045105,0.7474786043167114,0.05664011463522911,0.338580611742661,298.68318710034237,99.85600641381542,19.948495699678674,59.668721866821535,0.09693284169337879,0.03699317728344158,10.316427111563314,27.03202778135133,6.755737410263365,2.16777071585497,12.160881719139315,37.89871455080298,7.311004926954766,2.7089636977827163,13.086745571705046,35.31876836550109,0.5288894703971304,0.1509689311154712,13.709288938939155,48.02775321295046,0.18168630776306338,0.061391570337601585,9.391677672812802,27.794357282127475,sign,sign,1.2646136283874512,1.2048848867416382,0.06926433496635724,0.060936298221349716,0.6657857333457962,0.1788838384015274,14.198924888892314,52.84681782517212
adamw,550,L3.k,k,3,adam,0.05904290825128555,0.39195606112480164,0.6811425089836121,-0.008228703460478437,0.6791553497314453,0.39195606112480164,0.9999998807907104,0.6811425089836121,0.7982552647590637,0.0590386800467968,0.34735139347221683,403.41623166330976,80.27694149119178,15.918566486507602,79.99567480000928,0.122981334788506,0.024297523177844352,8.13131425602458,41.156453415900366,8.645749635614068,1.7595832201233335,10.084289370439294,49.54937064232247,10.346210282516152,2.011230605026289,9.875758475721918,50.803062380718195,0.6033398481103237,0.11581651973440385,12.526093421743145,65.25400106842656,0.22291842587458022,0.043713651549557205,7.852836919028347,40.04566039638753,sign,sign,0.8856351971626282,0.28841301798820496,0.06926433496635724,0.05608911067247391,0.7194130067457621,0.13934325601031322,12.653190729292323,65.32695049708083
adamw,550,L3.v,v,3,adam,0.09010882675647736,0.3861910402774811,0.766924262046814,-0.16299876998339236,0.7398600578308105,0.3861910402774811,1.0,0.766924262046814,0.777216911315918,0.09010627120733261,0.40090084163008405,1045.8149285944285,219.26730312339544,6.050166077099503,28.85680588840668,0.3624187271040581,0.09378836874384901,2.759239314123188,10.66230294218209,25.516087746332047,5.890091823013194,3.8472318530141303,16.666345532754914,27.21577132611785,6.336530940699182,3.6553718598071496,15.700036120625382,2.5838436194004153,0.4753479717450996,4.463866019435883,24.26418627565468,0.7471073684813528,0.17318373629855588,2.7043159225211415,11.666305367924089,sign,sign,0.9007798433303833,0.6068438291549683,0.06926433496635724,0.1214321032166481,4.052698328533038,0.6686698561518098,4.411480314088699,26.737258649812222
adamw,550,L3.o,o,3,adam,0.1035601943731308,0.48151731491088867,0.8752663731575012,-0.10006820591082843,0.7501636743545532,0.48151731491088867,1.0000005960464478,0.8752663731575012,0.7934442162513733,0.10355804860591888,0.424019431331612,1066.646361888592,167.63442610671393,7.39624674998329,47.06181105352339,0.3299434665423756,0.06401761117507364,3.030824057605683,15.620710890190406,25.557095093237887,4.182689002350042,4.383678792735841,26.785184292022155,26.975444069271735,4.5653571347810304,3.7649374527207793,22.245983541230007,2.399540614042645,0.27758910849817575,5.524269758368316,47.75298901260543,0.6840038733617438,0.10746142964227492,3.124140593404282,19.885500071316077,sign,spectral,0.0538264736533165,0.03589553013443947,0.08106789418336545,0.14815449714660645,4.3277554985984645,0.5709989670381104,4.930521353047035,37.369753937194545
adamw,550,L3.up,up,3,adam,0.18385930359363556,0.32890063524246216,0.5548908114433289,-0.13242124460754923,0.9575597643852234,0.32890063524246216,1.0000035762786865,0.5548908114433289,0.9018888473510742,0.18385960161685944,0.5099692745064596,3028.014088136758,384.78275062279874,7.118471514283289,56.01818687652173,0.2872880839220707,0.04540975261856734,3.48083903316347,22.021779873555193,58.4563843798704,7.5441366420951255,4.860103793159269,37.658927580092744,27.7932772953708,4.1581648900988535,4.153586179639394,27.76267308105549,3.3752729309164207,0.4108814660218119,6.972481778108617,57.27693009571935,0.7239726375397804,0.1020701405536233,3.5499734173625357,25.17958341415088,sign,spectral,0.4495527446269989,0.27657216787338257,0.07399234708257893,,,,,
adamw,550,L3.down,down,3,adam,0.18385237455368042,0.3155405819416046,0.919376015663147,-0.06874328468373947,0.8638280630111694,0.3155405819416046,1.0000040531158447,0.919376015663147,0.5223888158798218,0.1838526725769043,0.5199614366682392,1904.7073972754151,200.75384785432038,10.85692616498766,103.00807580600485,0.1960600698937164,0.028063439051606832,5.100498299617786,35.63369590152164,18.179694013952854,2.360551381466524,6.473163404981608,49.85281444362057,45.497391518670156,4.958329159426891,5.878646331201504,53.94217792539281,2.121262080582373,0.21171585863775436,11.09393966419969,111.15442029404491,0.4913460043574722,0.060216521443555215,5.333192585346811,43.517008363483114,spectral,spectral,0.5268341898918152,0.4212644398212433,0.022332703207400155,,,,,
adamw,550,head,head,4,adam,0.22677088517409105,0.2872700030987079,0.5537855295034555,-0.11654829355053709,0.9533458948135376,0.2872700030987079,0.9999998807907104,0.5537855295034555,0.7774432897567749,0.22677084115835336,0.5449874501785154,12322.923809523809,1402.5188095238095,0.193954491866132,1.7041385894801258,10.343897885578642,1.883774507332171,0.09667534345876522,0.5308490357515905,280.2880545937088,31.33690221930359,0.12842523549532872,1.148679571637779,961.2496962971736,163.5635058795197,0.10352434073290202,0.6084043048219321,101.75753864778073,11.477897878624223,0.14485521754176528,1.2842168969624657,24.27011100797981,3.667378123282985,0.09028574604871252,0.597496359900559,sign,sign,0.320457398891449,0.06966582685709,0.06518268256204898,,,,,
