ckpt,block,kind,layer,incumbent,rule,L0,L_after,gain_vs_incumbent,is_best,best_gain_alt,proxy_free,proxy_same,proxy_own,proxy_fit,proxy_lookahead
100,embed,embed,-1,adam,adam,2.4497213661670685,2.367034137248993,0.0,True,0.0,1.9594544064730852,4.3365076650151515,10.07223757400311,0.35393976064828725,0.010313272476196289
100,embed,embed,-1,adam,sign,2.4497213661670685,2.370729088783264,-0.0036949515342712402,False,,1.9594544064730852,4.3365076650151515,2.740197499802324,0.35393976064828725,0.009708642959594727
100,embed,embed,-1,adam,euclid,2.4497213661670685,2.390535831451416,-0.023501694202423096,False,,0.6757709303264718,1.3452148057516298,0.7680977205891317,1.0000003576278687,0.01355290412902832
100,embed,embed,-1,adam,rows,2.4497213661670685,2.3739441335201263,-0.006909996271133423,False,,1.0347926476970313,2.2719876522567484,2.640434140913708,0.5560255197378305,0.011991024017333984
100,embed,embed,-1,adam,cols,2.4497213661670685,2.3890130519866943,-0.021978914737701416,False,,0.8980176247190232,1.8177054702951405,0.9128558994283885,0.9372170567512512,0.014389514923095703
100,embed,embed,-1,adam,spectral,2.4497213661670685,2.370138257741928,-0.0031041204929351807,False,,1.3793661457763193,3.3553015836519924,4.849359663554226,0.4230057056133564,0.009929895401000977
100,pos,pos,-1,adam,adam,2.4497213661670685,2.367034137248993,0.0,True,0.0,4.62351968281079,13.980976901046375,46.03533950635842,0.5988205671310425,0.01323080062866211
100,pos,pos,-1,adam,sign,2.4497213661670685,2.3723961114883423,-0.005361974239349365,False,,4.62351968281079,13.980976901046375,15.56888917938271,0.5988205671310425,0.010286569595336914
100,pos,pos,-1,adam,euclid,2.4497213661670685,2.3692522644996643,-0.0022181272506713867,False,,1.6317517703693434,4.515084895708026,12.732878501957064,1.0000009536743164,0.013327360153198242
100,pos,pos,-1,adam,rows,2.4497213661670685,2.36787873506546,-0.0008445978164672852,False,,2.082198832312229,6.214674333750988,15.152102273521118,0.9341916441917419,0.012982606887817383
100,pos,pos,-1,adam,cols,2.4497213661670685,2.369747519493103,-0.0027133822441101074,False,,2.0391029061823223,5.850571412785046,14.465618200659728,0.9786116480827332,0.013161182403564453
100,pos,pos,-1,adam,spectral,2.4497213661670685,2.376651704311371,-0.00961756706237793,False,,4.462544511567068,16.99886329086924,36.23026110245362,0.4902140498161316,0.009202957153320312
100,L0.q,q,0,spectral,adam,2.4497213661670685,2.3770479559898376,-0.010013818740844727,False,,5.92370709920475,15.083867915394938,12.767132125254285,0.5900885462760925,0.013798952102661133
100,L0.q,q,0,spectral,sign,2.4497213661670685,2.3759651482105255,-0.008931010961532593,False,,5.92370709920475,15.083867915394938,4.1283919830092755,0.5900885462760925,0.014019966125488281
100,L0.q,q,0,spectral,euclid,2.4497213661670685,2.3765392005443573,-0.00950506329536438,False,,1.8479138149442274,4.508919913988328,2.9884693834178067,1.0000008344650269,0.0173032283782959
100,L0.q,q,0,spectral,rows,2.4497213661670685,2.377391219139099,-0.010357081890106201,False,,1.9873998055836122,5.044968317185298,4.269495201647062,0.923144519329071,0.016543149948120117
100,L0.q,q,0,spectral,cols,2.4497213661670685,2.3762121200561523,-0.009177982807159424,False,,1.97450990453369,4.87841135762781,4.001890046364316,0.9592559933662415,0.016933679580688477
100,L0.q,q,0,spectral,spectral,2.4497213661670685,2.367034137248993,0.0,True,0.0,1.7166834474724404,5.420834175696077,29.07892387501062,0.2792474627494812,0.007670879364013672
100,L0.q,q,0,spectral,spectral_head,2.4497213661670685,2.3688741326332092,-0.0018399953842163086,False,,2.0152092811509075,6.176808443472088,19.459678518233712,0.5140362977981567,0.010846614837646484
100,L0.q,q,0,spectral,normuon,2.4497213661670685,2.367102175951004,-6.80387020111084e-05,False,,1.7166834474724404,5.420834175696077,30.127290113277883,0.2792474627494812,0.007620096206665039
100,L0.q,q,0,spectral,pw05,2.4497213661670685,2.372513562440872,-0.0054794251918792725,False,,1.6269660843210485,4.310271708743814,7.388961657437191,0.5760330998761232,0.015011072158813477
100,L0.k,k,0,spectral,adam,2.4497213661670685,2.3841646313667297,-0.017130494117736816,False,,2.9174914722109593,7.3898094822817,2.545700091145661,0.5094760060310364,0.016251564025878906
100,L0.k,k,0,spectral,sign,2.4497213661670685,2.3875523507595062,-0.020518213510513306,False,,2.9174914722109593,7.3898094822817,0.816255896634549,0.5094760060310364,0.016483545303344727
100,L0.k,k,0,spectral,euclid,2.4497213661670685,2.417641133069992,-0.050606995820999146,False,,1.1123207376283117,2.7295391262119,0.769060060984162,0.9999997615814209,0.011261463165283203
100,L0.k,k,0,spectral,rows,2.4497213661670685,2.397428423166275,-0.030394285917282104,False,,1.1056206764659886,2.798908829576928,0.8743911625511759,0.7947293519973755,0.016316652297973633
100,L0.k,k,0,spectral,cols,2.4497213661670685,2.3968318104743958,-0.029797673225402832,False,,1.1903473315645738,2.8826982691112777,0.903324554050375,0.8551965355873108,0.01592230796813965
100,L0.k,k,0,spectral,spectral,2.4497213661670685,2.367034137248993,0.0,True,0.0,0.8023931782020209,2.2623812673442147,6.932092275924693,0.14662203192710876,0.008814811706542969
100,L0.k,k,0,spectral,spectral_head,2.4497213661670685,2.371009796857834,-0.003975659608840942,False,,1.007898563557617,2.8616089207440423,4.685939759382929,0.2934098541736603,0.012914896011352539
100,L0.k,k,0,spectral,normuon,2.4497213661670685,2.3671241998672485,-9.006261825561523e-05,False,,0.8023931782020209,2.2623812673442147,7.191121633638887,0.14662203192710876,0.008787393569946289
100,L0.k,k,0,spectral,pw05,2.4497213661670685,2.3802311420440674,-0.013197004795074463,False,,0.830565773325687,2.069065431739783,1.2579385631779796,0.41087526320264783,0.018636465072631836
100,L0.v,v,0,spectral,adam,2.4497213661670685,2.3713329434394836,-0.004298806190490723,False,,4.75710101214779,9.251246926374725,8.004679452676578,0.6134880185127258,0.011222362518310547
100,L0.v,v,0,spectral,sign,2.4497213661670685,2.3752308189868927,-0.00819668173789978,False,,4.75710101214779,9.251246926374725,2.0592473361826213,0.6134880185127258,0.01442575454711914
100,L0.v,v,0,spectral,euclid,2.4497213661670685,2.38296976685524,-0.015935629606246948,False,,1.543926646199875,2.896715037126869,1.6588954446405053,1.0000004768371582,0.015219449996948242
100,L0.v,v,0,spectral,rows,2.4497213661670685,2.3800036311149597,-0.012969493865966797,False,,1.6496348696893937,3.2275555956936275,2.1413219755120676,0.9407864809036255,0.016175031661987305
100,L0.v,v,0,spectral,cols,2.4497213661670685,2.3795235753059387,-0.0124894380569458,False,,1.7067096673376838,3.2783436944779645,2.16062415258204,0.9654829502105713,0.016394615173339844
100,L0.v,v,0,spectral,spectral,2.4497213661670685,2.367034137248993,0.0,True,0.0,1.3454445256344758,3.3817708818777876,14.634321663969253,0.23290087282657623,0.008517265319824219
100,L0.v,v,0,spectral,spectral_head,2.4497213661670685,2.3711093068122864,-0.004075169563293457,False,,1.6621676089963346,4.089572700321852,10.701681808683963,0.49567678570747375,0.012105226516723633
100,L0.v,v,0,spectral,normuon,2.4497213661670685,2.3670837581157684,-4.9620866775512695e-05,False,,1.3454445256344758,3.3817708818777876,14.808912947395207,0.23290087282657623,0.008502483367919922
100,L0.v,v,0,spectral,pw05,2.4497213661670685,2.3747234642505646,-0.007689327001571655,False,,1.3042251546562467,2.712638371694713,3.668588771480597,0.5363600330994617,0.01645350456237793
100,L0.o,o,0,spectral,adam,2.4497213661670685,2.36808118224144,-0.0010470449924468994,False,,6.913753199575881,13.813678727387517,25.329024023765697,0.6075575351715088,0.007886648178100586
100,L0.o,o,0,spectral,sign,2.4497213661670685,2.3709761798381805,-0.003942042589187622,False,,6.913753199575881,13.813678727387517,6.321639517305785,0.6075575351715088,0.012386322021484375
100,L0.o,o,0,spectral,euclid,2.4497213661670685,2.376114457845688,-0.009080320596694946,False,,2.1152662481915145,4.129289994763512,5.101637464236114,1.0000003576278687,0.01511836051940918
100,L0.o,o,0,spectral,rows,2.4497213661670685,2.37479430437088,-0.007760167121887207,False,,2.254623798091915,4.501872070140897,6.549770995197575,0.9545791745185852,0.014789581298828125
100,L0.o,o,0,spectral,cols,2.4497213661670685,2.374501019716263,-0.0074668824672698975,False,,2.2071354052391,4.449273709174602,6.316043883247862,0.9582759737968445,0.014877557754516602
100,L0.o,o,0,spectral,spectral,2.4497213661670685,2.367034137248993,0.0,False,,1.917288558049141,5.241386265459575,46.88673300573653,0.2962549328804016,0.006343364715576172
100,L0.o,o,0,spectral,spectral_head,2.4497213661670685,2.3705942630767822,-0.0035601258277893066,False,,2.2106352912512213,5.619815674706125,24.799438753430533,0.5572175979614258,0.00979757308959961
100,L0.o,o,0,spectral,normuon,2.4497213661670685,2.3670296370983124,4.500150680541992e-06,True,2.6434659957885742e-05,1.917288558049141,5.241386265459575,46.99584683341902,0.2962549328804016,0.006349802017211914
100,L0.o,o,0,spectral,pw05,2.4497213661670685,2.3724933862686157,-0.005459249019622803,False,,1.812990583077302,4.020239313913478,11.350954459426555,0.5929790526199563,0.013235092163085938
100,L0.up,up,0,spectral,adam,2.4497213661670685,2.3671348690986633,-0.00010073184967041016,False,,26.636440735940052,57.49804931776871,79.18564838299967,0.5827613472938538,0.010891437530517578
100,L0.up,up,0,spectral,sign,2.4497213661670685,2.3696414828300476,-0.0026073455810546875,False,,26.636440735940052,57.49804931776871,25.152561811491328,0.5827613472938538,0.015132904052734375
100,L0.up,up,0,spectral,euclid,2.4497213661670685,2.3720207512378693,-0.004986613988876343,False,,6.034721218701739,12.593635598053615,17.393438986621327,1.0000011920928955,0.020004987716674805
100,L0.up,up,0,spectral,rows,2.4497213661670685,2.3718189001083374,-0.004784762859344482,False,,9.18595700680682,19.774533911747863,24.28274354780529,0.9125268459320068,0.018482446670532227
100,L0.up,up,0,spectral,cols,2.4497213661670685,2.3711054921150208,-0.004071354866027832,False,,6.434853799627042,13.652498084715214,21.602855129878613,0.9715602993965149,0.019676923751831055
100,L0.up,up,0,spectral,spectral,2.4497213661670685,2.367034137248993,0.0,False,,6.024544882491428,17.01452707888449,119.41772834238175,0.42091891169548035,0.010230302810668945
100,L0.up,up,0,spectral,normuon,2.4497213661670685,2.366905599832535,0.00012853741645812988,True,-0.00035965442657470703,6.024544882491428,17.01452707888449,137.10867531919294,0.42091891169548035,0.009762763977050781
100,L0.up,up,0,spectral,pw05,2.4497213661670685,2.368831694126129,-0.0017975568771362305,False,,5.417654017838929,12.66155149893459,35.95636310954647,0.6719729763420444,0.017345428466796875
100,L0.down,down,0,spectral,adam,2.4497213661670685,2.366042912006378,0.000991225242614746,True,-0.0017739832401275635,24.957153576399207,51.019135159088506,87.72304717787652,0.5850297212600708,0.006600856781005859
100,L0.down,down,0,spectral,sign,2.4497213661670685,2.3696523308753967,-0.0026181936264038086,False,,24.957153576399207,51.019135159088506,23.882020203748922,0.5850297212600708,0.013295412063598633
100,L0.down,down,0,spectral,euclid,2.4497213661670685,2.3737904131412506,-0.00675627589225769,False,,6.227991143762952,12.450151434759526,16.138741990224222,0.9999993443489075,0.017865419387817383
100,L0.down,down,0,spectral,rows,2.4497213661670685,2.373602330684662,-0.006568193435668945,False,,6.550863246831704,13.325714975406502,18.35379559754995,0.9707162380218506,0.01754307746887207
100,L0.down,down,0,spectral,cols,2.4497213661670685,2.3714968264102936,-0.004462689161300659,False,,9.557603678071905,19.398254702248654,25.094877123374204,0.913358747959137,0.016079425811767578
100,L0.down,down,0,spectral,spectral,2.4497213661670685,2.367034137248993,0.0,False,,6.019177403027801,15.686829072845082,118.94108037711369,0.3460552394390106,0.008178472518920898
100,L0.down,down,0,spectral,normuon,2.4497213661670685,2.367034137248993,0.0,False,,6.019177403027801,15.686829072845082,119.19948223109724,0.3460552394390106,0.008180856704711914
100,L0.down,down,0,spectral,pw05,2.4497213661670685,2.369943529367447,-0.0029093921184539795,False,,5.479478277903186,12.00668210129819,32.68725915665064,0.6178591172518001,0.01540827751159668
100,L1.q,q,1,spectral,adam,2.4497213661670685,2.3717397451400757,-0.004705607891082764,False,,26.815522578358145,57.206170381066016,318.7063689616778,0.4919252097606659,0.0029685497283935547
100,L1.q,q,1,spectral,sign,2.4497213661670685,2.3709715008735657,-0.003937363624572754,False,,26.815522578358145,57.206170381066016,113.80599951030018,0.4919252097606659,0.0026144981384277344
100,L1.q,q,1,spectral,euclid,2.4497213661670685,2.373909115791321,-0.006874978542327881,False,,10.244218615370384,21.453820403775403,105.45580104529074,0.9999997615814209,0.003561258316040039
100,L1.q,q,1,spectral,rows,2.4497213661670685,2.372594714164734,-0.005560576915740967,False,,9.593270083078128,20.442139974460652,116.07776615354877,0.7694414258003235,0.0032761096954345703
100,L1.q,q,1,spectral,cols,2.4497213661670685,2.372993677854538,-0.005959540605545044,False,,10.590056768831372,22.57651621615061,114.09691430594629,0.9086099863052368,0.0033447742462158203
100,L1.q,q,1,spectral,spectral,2.4497213661670685,2.367034137248993,0.0,False,,6.225308043318434,15.866838456601695,316.56719476627507,0.14475120604038239,0.0011889934539794922
100,L1.q,q,1,spectral,spectral_head,2.4497213661670685,2.3678613901138306,-0.0008272528648376465,False,,7.1588107994835095,17.37539620062787,271.30430270623316,0.2594091594219208,0.0016696453094482422
100,L1.q,q,1,spectral,normuon,2.4497213661670685,2.3670268058776855,7.331371307373047e-06,True,-4.997849464416504e-05,6.225308043318434,15.866838456601695,329.26962500827347,0.14475120604038239,0.0011820793151855469
100,L1.q,q,1,spectral,pw05,2.4497213661670685,2.3718028366565704,-0.004768699407577515,False,,7.402638349784199,16.49140640796415,144.8040607631984,0.43743486489674827,0.0029785633087158203
100,L1.k,k,1,spectral,adam,2.4497213661670685,2.3686635494232178,-0.0016294121742248535,False,,24.66592549489688,50.014861324373314,138.3326044901298,0.5172713398933411,0.0033392906188964844
100,L1.k,k,1,spectral,sign,2.4497213661670685,2.370013326406479,-0.002979189157485962,False,,24.66592549489688,50.014861324373314,40.83994392035723,0.5172713398933411,0.003224611282348633
100,L1.k,k,1,spectral,euclid,2.4497213661670685,2.371448427438736,-0.004414290189743042,False,,8.981789555161582,18.57684510876181,28.014067136813736,1.000000238418579,0.004616498947143555
100,L1.k,k,1,spectral,rows,2.4497213661670685,2.370434522628784,-0.0034003853797912598,False,,9.414000255894054,19.12532782580491,38.62224262382498,0.8205047845840454,0.004020214080810547
100,L1.k,k,1,spectral,cols,2.4497213661670685,2.3715657591819763,-0.0045316219329833984,False,,9.6409757601281,19.840333773051317,33.73928209893888,0.9021733999252319,0.004248857498168945
100,L1.k,k,1,spectral,spectral,2.4497213661670685,2.367034137248993,0.0,False,,5.931411149590777,13.72356369485663,147.72174610128508,0.14763055741786957,0.0014331340789794922
100,L1.k,k,1,spectral,spectral_head,2.4497213661670685,2.366425782442093,0.0006083548069000244,True,0.0007928907871246338,6.975282657915474,16.113639452605423,159.4649508940548,0.2629776895046234,0.0018000602722167969
100,L1.k,k,1,spectral,normuon,2.4497213661670685,2.367030531167984,3.606081008911133e-06,False,,5.931411149590777,13.72356369485663,153.92438437701787,0.14763055741786957,0.0014197826385498047
100,L1.k,k,1,spectral,pw05,2.4497213661670685,2.3703635334968567,-0.0033293962478637695,False,,6.756325407689319,14.22168901408454,46.71902525030416,0.44440209101836803,0.0037610530853271484
100,L1.v,v,1,spectral,adam,2.4497213661670685,2.367987036705017,-0.0009528994560241699,False,,23.734412684945433,48.44096922145542,260.59056945063986,0.5545272827148438,0.0015177726745605469
100,L1.v,v,1,spectral,sign,2.4497213661670685,2.370220512151718,-0.0031863749027252197,False,,23.734412684945433,48.44096922145542,72.7009598499402,0.5545272827148438,0.0025534629821777344
100,L1.v,v,1,spectral,euclid,2.4497213661670685,2.372094541788101,-0.005060404539108276,False,,7.372737840957834,14.584408881691036,54.116344065829395,0.9999995827674866,0.0033223628997802734
100,L1.v,v,1,spectral,rows,2.4497213661670685,2.3714175820350647,-0.004383444786071777,False,,7.642891697599184,15.555828010232414,69.90309777168561,0.8896864056587219,0.0031502246856689453
100,L1.v,v,1,spectral,cols,2.4497213661670685,2.3715479373931885,-0.004513800144195557,False,,7.408917609705831,14.874993866475636,64.58132669800737,0.8719201683998108,0.0032324790954589844
100,L1.v,v,1,spectral,spectral,2.4497213661670685,2.367034137248993,0.0,True,0.0,5.058437133736125,12.350514983468889,288.649601557158,0.16803589463233948,0.0013010501861572266
100,L1.v,v,1,spectral,spectral_head,2.4497213661670685,2.3677190244197845,-0.000684887170791626,False,,6.446733824199439,15.834282953010398,253.9341263724136,0.3689935505390167,0.0018372535705566406
100,L1.v,v,1,spectral,normuon,2.4497213661670685,2.3670460283756256,-1.189112663269043e-05,False,,5.058437133736125,12.350514983468889,290.60798453191063,0.16803589463233948,0.0012998580932617188
100,L1.v,v,1,spectral,pw05,2.4497213661670685,2.3703575432300568,-0.0033234059810638428,False,,5.424159898894041,11.413083731589966,91.02239304683414,0.45152761050403234,0.002842426300048828
100,L1.o,o,1,spectral,adam,2.4497213661670685,2.3673329949378967,-0.0002988576889038086,False,,25.043634872807658,59.032568531797516,527.1567827798698,0.5437259674072266,0.0008287429809570312
100,L1.o,o,1,spectral,sign,2.4497213661670685,2.368910074234009,-0.0018759369850158691,False,,25.043634872807658,59.032568531797516,107.30998380848166,0.5437259674072266,0.0019583702087402344
100,L1.o,o,1,spectral,euclid,2.4497213661670685,2.370327591896057,-0.003293454647064209,False,,8.145420742865047,19.15268042938548,98.72258553944097,1.0000003576278687,0.002357959747314453
100,L1.o,o,1,spectral,rows,2.4497213661670685,2.3698403537273407,-0.0028062164783477783,False,,8.007121998995379,19.167800115221464,110.57344898983118,0.8746341466903687,0.0024671554565429688
100,L1.o,o,1,spectral,cols,2.4497213661670685,2.3698730766773224,-0.0028389394283294678,False,,8.138959333204658,19.17152617829307,109.31929118756969,0.869046688079834,0.0023183822631835938
100,L1.o,o,1,spectral,spectral,2.4497213661670685,2.367034137248993,0.0,False,,4.983994635091603,14.325995046013736,480.80414548406986,0.14730188250541687,0.001068115234375
100,L1.o,o,1,spectral,spectral_head,2.4497213661670685,2.3674240112304688,-0.0003898739814758301,False,,6.653921962532996,18.284313577917832,339.81925995990196,0.3395562767982483,0.001508474349975586
100,L1.o,o,1,spectral,normuon,2.4497213661670685,2.3670325577259064,1.5795230865478516e-06,True,3.039836883544922e-06,4.983994635091603,14.325995046013736,484.1407256240385,0.14730188250541687,0.0010683536529541016
100,L1.o,o,1,spectral,pw05,2.4497213661670685,2.3689261376857758,-0.001892000436782837,False,,5.7419427109501,14.433224901265351,158.78309741440938,0.43090907194306044,0.0021805763244628906
100,L1.up,up,1,spectral,adam,2.4497213661670685,2.367258608341217,-0.0002244710922241211,False,,48.59860865525539,103.09995459884773,314.74795021625874,0.5628499984741211,0.005187273025512695
100,L1.up,up,1,spectral,sign,2.4497213661670685,2.3670296370983124,4.500150680541992e-06,False,,48.59860865525539,103.09995459884773,80.41013640485524,0.5628499984741211,0.008556127548217773
100,L1.up,up,1,spectral,euclid,2.4497213661670685,2.367967128753662,-0.0009329915046691895,False,,10.830739690741451,21.934681636825818,58.145295726821075,1.000001311302185,0.012018442153930664
100,L1.up,up,1,spectral,rows,2.4497213661670685,2.3667725026607513,0.00026163458824157715,True,-0.0010558366775512695,18.552310415795148,39.29361737042078,83.38195048999151,0.878130316734314,0.010582447052001953
100,L1.up,up,1,spectral,cols,2.4497213661670685,2.3679471611976624,-0.0009130239486694336,False,,11.349670148356404,23.389627697360016,65.36672620955602,0.9763792157173157,0.011704683303833008
100,L1.up,up,1,spectral,spectral,2.4497213661670685,2.367034137248993,0.0,False,,11.129659703220925,29.798048725308785,348.7066832757617,0.40936511754989624,0.005598783493041992
100,L1.up,up,1,spectral,normuon,2.4497213661670685,2.3671723008155823,-0.00013816356658935547,False,,11.129659703220925,29.798048725308785,416.21894061982556,0.40936511754989624,0.00520014762878418
100,L1.up,up,1,spectral,pw05,2.4497213661670685,2.3671634793281555,-0.00012934207916259766,False,,9.819702749291203,22.102082929745094,116.26611116323677,0.6636137526281808,0.009922504425048828
100,L1.down,down,1,spectral,adam,2.4497213661670685,2.3672909140586853,-0.0002567768096923828,False,,41.94599050008721,88.07312685034913,278.0143440290432,0.5583502650260925,0.0034584999084472656
100,L1.down,down,1,spectral,sign,2.4497213661670685,2.3694315254688263,-0.002397388219833374,False,,41.94599050008721,88.07312685034913,69.20251483479926,0.5583502650260925,0.008265972137451172
100,L1.down,down,1,spectral,euclid,2.4497213661670685,2.3709087669849396,-0.0038746297359466553,False,,10.195227329709972,20.896107449967364,41.56294794397302,1.0000005960464478,0.012145757675170898
100,L1.down,down,1,spectral,rows,2.4497213661670685,2.370888888835907,-0.0038547515869140625,False,,10.672558423934587,22.24497221704069,48.556556939406796,0.9625034928321838,0.01168680191040039
100,L1.down,down,1,spectral,cols,2.4497213661670685,2.369981437921524,-0.002947300672531128,False,,16.094235622928803,33.70177217578043,71.82221270413297,0.8741657733917236,0.01009368896484375
100,L1.down,down,1,spectral,spectral,2.4497213661670685,2.367034137248993,0.0,True,0.0,9.86514530180544,25.42845972172602,351.78898243288387,0.30657264590263367,0.004651784896850586
100,L1.down,down,1,spectral,normuon,2.4497213661670685,2.3670437335968018,-9.59634780883789e-06,False,,9.86514530180544,25.42845972172602,350.086122976985,0.30657264590263367,0.004654645919799805
100,L1.down,down,1,spectral,pw05,2.4497213661670685,2.369293987751007,-0.00225985050201416,False,,8.837620998523573,19.56040779638246,86.83713533611306,0.5858959686236968,0.009878873825073242
100,L2.q,q,2,spectral,adam,2.4497213661670685,2.368867814540863,-0.0018336772918701172,False,,30.880153540213428,63.81728409403314,406.3614793507507,0.42316728830337524,0.0017688274383544922
100,L2.q,q,2,spectral,sign,2.4497213661670685,2.3686830401420593,-0.0016489028930664062,False,,30.880153540213428,63.81728409403314,111.52544903644704,0.42316728830337524,0.0018620491027832031
100,L2.q,q,2,spectral,euclid,2.4497213661670685,2.3689798712730408,-0.0019457340240478516,False,,11.275980112956502,22.45644084618403,70.18136993333674,1.000001072883606,0.0028390884399414062
100,L2.q,q,2,spectral,rows,2.4497213661670685,2.3689281940460205,-0.0018940567970275879,False,,11.601887450422513,23.709473579216993,112.36453070309149,0.68331378698349,0.002286195755004883
100,L2.q,q,2,spectral,cols,2.4497213661670685,2.3689480125904083,-0.0019138753414154053,False,,11.769910426521397,23.95857390407397,82.12586863590617,0.8482950329780579,0.002593994140625
100,L2.q,q,2,spectral,spectral,2.4497213661670685,2.367034137248993,0.0,True,0.0,8.239277208071153,19.6317086855379,343.0411542419425,0.12641963362693787,0.0007245540618896484
100,L2.q,q,2,spectral,spectral_head,2.4497213661670685,2.3677812814712524,-0.0007471442222595215,False,,10.144614316713675,23.678774422856907,365.62766767901167,0.2312031388282776,0.0010304450988769531
100,L2.q,q,2,spectral,normuon,2.4497213661670685,2.3670522272586823,-1.8090009689331055e-05,False,,8.239277208071153,19.6317086855379,356.87711220609617,0.12641963362693787,0.0007166862487792969
100,L2.q,q,2,spectral,pw05,2.4497213661670685,2.3685681223869324,-0.0015339851379394531,False,,8.675437629925847,18.045094628912157,109.69043776164818,0.4058836290961214,0.002178192138671875
100,L2.k,k,2,spectral,adam,2.4497213661670685,2.3683269321918488,-0.001292794942855835,False,,41.864703613985206,93.07664887176624,484.5200379414937,0.5543956160545349,0.0022406578063964844
100,L2.k,k,2,spectral,sign,2.4497213661670685,2.3688410818576813,-0.0018069446086883545,False,,41.864703613985206,93.07664887176624,175.60023132343613,0.5543956160545349,0.0021424293518066406
100,L2.k,k,2,spectral,euclid,2.4497213661670685,2.3680812418460846,-0.0010471045970916748,False,,12.517332262564132,28.445290159965445,100.14247035798925,1.0,0.0033545494079589844
100,L2.k,k,2,spectral,rows,2.4497213661670685,2.3689124286174774,-0.001878291368484497,False,,13.928699677331576,31.015988837991582,166.92970204866006,0.8677543997764587,0.0027010440826416016
100,L2.k,k,2,spectral,cols,2.4497213661670685,2.3684064149856567,-0.0013722777366638184,False,,13.561000291249664,30.494756167988303,139.1289065377997,0.9193805456161499,0.002938508987426758
100,L2.k,k,2,spectral,spectral,2.4497213661670685,2.367034137248993,0.0,False,,9.776896474936386,23.730840314901503,521.2376069939237,0.15387460589408875,0.0008795261383056641
100,L2.k,k,2,spectral,spectral_head,2.4497213661670685,2.3674030005931854,-0.0003688633441925049,False,,12.190565226847843,29.72037683010833,588.7937759877126,0.29243114590644836,0.0010483264923095703
100,L2.k,k,2,spectral,normuon,2.4497213661670685,2.36703297495842,1.1622905731201172e-06,True,-3.427267074584961e-06,9.776896474936386,23.730840314901503,543.4049003588832,0.15387460589408875,0.0008702278137207031
100,L2.k,k,2,spectral,pw05,2.4497213661670685,2.368329644203186,-0.0012955069541931152,False,,9.973487256519432,22.688848053789826,191.3045860498385,0.45332097118669895,0.0025298595428466797
100,L2.v,v,2,spectral,adam,2.4497213661670685,2.3666302859783173,0.0004038512706756592,True,-0.0007846951484680176,27.90465149892434,58.85394151444538,323.1784735750763,0.5921279788017273,0.0012996196746826172
100,L2.v,v,2,spectral,sign,2.4497213661670685,2.3684094548225403,-0.0013753175735473633,False,,27.90465149892434,58.85394151444538,83.71733439959675,0.5921279788017273,0.0024733543395996094
100,L2.v,v,2,spectral,euclid,2.4497213661670685,2.3693107068538666,-0.0022765696048736572,False,,8.621278529292598,17.371038841230167,52.321173565345084,0.9999998807907104,0.0034782886505126953
100,L2.v,v,2,spectral,rows,2.4497213661670685,2.368910938501358,-0.0018768012523651123,False,,9.998812025709855,20.95953992383576,82.96041983329668,0.9286692142486572,0.0030651092529296875
100,L2.v,v,2,spectral,cols,2.4497213661670685,2.3691428005695343,-0.002108663320541382,False,,9.343448338853852,19.236108223039793,63.277219023197205,0.9338890314102173,0.0032546520233154297
100,L2.v,v,2,spectral,spectral,2.4497213661670685,2.367034137248993,0.0,False,,8.679533556914313,21.3518299641627,538.5599514467041,0.20161287486553192,0.000972747802734375
100,L2.v,v,2,spectral,spectral_head,2.4497213661670685,2.367316782474518,-0.00028264522552490234,False,,11.644916668830923,28.93900595734663,545.2570751858677,0.4518815279006958,0.0014414787292480469
100,L2.v,v,2,spectral,normuon,2.4497213661670685,2.3670301735401154,3.9637088775634766e-06,False,,8.679533556914313,21.3518299641627,548.8564151345392,0.20161287486553192,0.0009717941284179688
100,L2.v,v,2,spectral,pw05,2.4497213661670685,2.368528366088867,-0.0014942288398742676,False,,7.652361869570188,16.278918924888508,107.24530326522111,0.5078394576357819,0.0026683807373046875
100,L2.o,o,2,spectral,adam,2.4497213661670685,2.3673082888126373,-0.0002741515636444092,False,,39.986410875063356,83.63226264862983,870.3154552058817,0.5850650072097778,0.0005519390106201172
100,L2.o,o,2,spectral,sign,2.4497213661670685,2.3680976927280426,-0.0010635554790496826,False,,39.986410875063356,83.63226264862983,213.4458231842503,0.5850650072097778,0.0014388561248779297
100,L2.o,o,2,spectral,euclid,2.4497213661670685,2.368342101573944,-0.0013079643249511719,False,,11.85696053599296,23.45285097469901,151.19577391212826,1.0000003576278687,0.0019505023956298828
100,L2.o,o,2,spectral,rows,2.4497213661670685,2.3683150708675385,-0.0012809336185455322,False,,12.9970272104205,26.335720297142945,192.3175987023153,0.9277995228767395,0.0018165111541748047
100,L2.o,o,2,spectral,cols,2.4497213661670685,2.368126332759857,-0.0010921955108642578,False,,13.498442572192614,28.33978189611121,214.34814285706923,0.9078507423400879,0.0017778873443603516
100,L2.o,o,2,spectral,spectral,2.4497213661670685,2.367034137248993,0.0,False,,9.309265421216121,24.74047007337323,1994.7734809267433,0.1642940491437912,0.0005786418914794922
100,L2.o,o,2,spectral,spectral_head,2.4497213661670685,2.367233783006668,-0.0001996457576751709,False,,12.5285460189209,32.86248453782108,1011.5917059858047,0.38448306918144226,0.0009937286376953125
100,L2.o,o,2,spectral,normuon,2.4497213661670685,2.3670334815979004,6.556510925292969e-07,True,-5.8710575103759766e-06,9.309265421216121,24.74047007337323,2014.3174686437842,0.1642940491437912,0.0005776882171630859
100,L2.o,o,2,spectral,pw05,2.4497213661670685,2.3677725195884705,-0.0007383823394775391,False,,9.56726381395739,20.799155858729204,325.1705598629707,0.4619825418490411,0.00157928466796875
100,L2.up,up,2,spectral,adam,2.4497213661670685,2.3672938644886017,-0.00025972723960876465,False,,67.53308767806118,147.6671037002996,512.1514255304677,0.5650642514228821,0.0034580230712890625
100,L2.up,up,2,spectral,sign,2.4497213661670685,2.3668242394924164,0.00020989775657653809,False,,67.53308767806118,147.6671037002996,137.12960570208526,0.5650642514228821,0.006399631500244141
100,L2.up,up,2,spectral,euclid,2.4497213661670685,2.366460621356964,0.0005735158920288086,False,,14.63488187694002,30.56801474368315,99.82384634256636,1.0000022649765015,0.008919954299926758
100,L2.up,up,2,spectral,rows,2.4497213661670685,2.3663839399814606,0.0006501972675323486,True,-0.0013366937637329102,22.63307116541938,49.13130252020222,143.27472864335684,0.8896083235740662,0.0078887939453125
100,L2.up,up,2,spectral,cols,2.4497213661670685,2.366768717765808,0.00026541948318481445,False,,15.298343482089601,32.566348363808125,111.71429032186539,0.9681470394134521,0.008649110794067383
100,L2.up,up,2,spectral,spectral,2.4497213661670685,2.367034137248993,0.0,False,,15.073009840902811,39.67159746425732,530.11199904926,0.3734580874443054,0.003983736038208008
100,L2.up,up,2,spectral,normuon,2.4497213661670685,2.3670351803302765,-1.043081283569336e-06,False,,15.073009840902811,39.67159746425732,612.0190346741794,0.3734580874443054,0.0037369728088378906
100,L2.up,up,2,spectral,pw05,2.4497213661670685,2.3666566610336304,0.00037747621536254883,False,,13.183812752819438,29.920336195380575,189.00684983609375,0.6394113785043882,0.0073010921478271484
100,L2.down,down,2,spectral,adam,2.4497213661670685,2.369203060865402,-0.0021689236164093018,False,,45.35640450850088,97.3169899422498,322.1313075293228,0.5356014966964722,0.0028252601623535156
100,L2.down,down,2,spectral,sign,2.4497213661670685,2.3700290620326996,-0.002994924783706665,False,,45.35640450850088,97.3169899422498,83.865986158589,0.5356014966964722,0.0071909427642822266
100,L2.down,down,2,spectral,euclid,2.4497213661670685,2.3707146048545837,-0.0036804676055908203,False,,11.768141231094402,24.590558845418016,57.44846520555372,1.0,0.010201215744018555
100,L2.down,down,2,spectral,rows,2.4497213661670685,2.370668262243271,-0.003634124994277954,False,,12.154459388379388,25.77541841349009,63.8032043621458,0.9387750625610352,0.009904623031616211
100,L2.down,down,2,spectral,cols,2.4497213661670685,2.370521694421768,-0.0034875571727752686,False,,18.17490641009271,39.03855263264244,91.63496110033344,0.847597599029541,0.008640050888061523
100,L2.down,down,2,spectral,spectral,2.4497213661670685,2.367034137248993,0.0,True,0.0,11.230118568966665,28.535387723822453,490.72501043846114,0.25713250041007996,0.0033948421478271484
100,L2.down,down,2,spectral,normuon,2.4497213661670685,2.367038071155548,-3.933906555175781e-06,False,,11.230118568966665,28.535387723822453,492.2644919946027,0.25713250041007996,0.003404855728149414
100,L2.down,down,2,spectral,pw05,2.4497213661670685,2.369380831718445,-0.0023466944694519043,False,,10.064005297236829,22.350905481307787,116.23752163206848,0.5455780905643312,0.008259057998657227
100,L3.q,q,3,spectral,adam,2.4497213661670685,2.369929760694504,-0.0028956234455108643,False,,37.87284015059944,84.37451821026005,397.1026600766872,0.5558702945709229,0.001970052719116211
100,L3.q,q,3,spectral,sign,2.4497213661670685,2.3696519136428833,-0.002617776393890381,False,,37.87284015059944,84.37451821026005,119.41283732860681,0.5558702945709229,0.0021245479583740234
100,L3.q,q,3,spectral,euclid,2.4497213661670685,2.370134800672531,-0.003100663423538208,False,,12.009161473140567,26.44419074760299,69.8920406436811,0.9999995231628418,0.0031919479370117188
100,L3.q,q,3,spectral,rows,2.4497213661670685,2.370096504688263,-0.0030623674392700195,False,,14.129278914248818,31.478958587765415,110.04457056336642,0.8898863792419434,0.0026547908782958984
100,L3.q,q,3,spectral,cols,2.4497213661670685,2.3699567317962646,-0.0029225945472717285,False,,13.704328519239258,30.20795444758745,97.66598581277636,0.9263142943382263,0.0028717517852783203
100,L3.q,q,3,spectral,spectral,2.4497213661670685,2.367034137248993,0.0,True,0.0,11.895987517773783,29.669088129955735,457.1383404344631,0.1825898140668869,0.0008876323699951172
100,L3.q,q,3,spectral,spectral_head,2.4497213661670685,2.3678354024887085,-0.0008012652397155762,False,,13.675445556042803,33.80529512363285,399.01235765444915,0.3378005623817444,0.0012423992156982422
100,L3.q,q,3,spectral,normuon,2.4497213661670685,2.367036372423172,-2.2351741790771484e-06,False,,11.895987517773783,29.669088129955735,477.9075852592875,0.1825898140668869,0.0008752346038818359
100,L3.q,q,3,spectral,pw05,2.4497213661670685,2.369158834218979,-0.002124696969985962,False,,10.809791908189238,24.500139496145447,136.1391936635845,0.49793457917294476,0.0024955272674560547
100,L3.k,k,3,spectral,adam,2.4497213661670685,2.3679407238960266,-0.0009065866470336914,False,,40.85112414839129,98.41403548642322,338.0333083820109,0.5278639197349548,0.0021185874938964844
100,L3.k,k,3,spectral,sign,2.4497213661670685,2.3689230382442474,-0.0018889009952545166,False,,40.85112414839129,98.41403548642322,95.62228036521562,0.5278639197349548,0.0022592544555664062
100,L3.k,k,3,spectral,euclid,2.4497213661670685,2.3697568774223328,-0.0027227401733398438,False,,11.766164646594694,28.958623540444144,73.61047076603363,0.9999998807907104,0.0035140514373779297
100,L3.k,k,3,spectral,rows,2.4497213661670685,2.3695934116840363,-0.002559274435043335,False,,12.677734155936532,30.67771282203318,94.34823944433666,0.8476166725158691,0.002861499786376953
100,L3.k,k,3,spectral,cols,2.4497213661670685,2.3694568276405334,-0.0024226903915405273,False,,12.45152413736295,30.3560532961731,85.1316308901361,0.9046961665153503,0.0031147003173828125
100,L3.k,k,3,spectral,spectral,2.4497213661670685,2.367034137248993,0.0,True,0.0,9.716559911791743,24.89443673456686,355.54821024369693,0.1594545543193817,0.0009667873382568359
100,L3.k,k,3,spectral,spectral_head,2.4497213661670685,2.3677287697792053,-0.0006946325302124023,False,,11.512894042443154,29.67060278532296,336.758877895168,0.3011936843395233,0.0012485980987548828
100,L3.k,k,3,spectral,normuon,2.4497213661670685,2.3670384287834167,-4.291534423828125e-06,False,,9.716559911791743,24.89443673456686,371.6495644024195,0.1594545543193817,0.0009591579437255859
100,L3.k,k,3,spectral,pw05,2.4497213661670685,2.3689333498477936,-0.0018992125988006592,False,,9.575114747524575,23.55025730433302,121.99019417802081,0.4640911173208975,0.0027587413787841797
100,L3.v,v,3,spectral,adam,2.4497213661670685,2.36761212348938,-0.0005779862403869629,False,,27.795534487103616,56.843490538761635,197.83682768724327,0.5787777900695801,0.00131988525390625
100,L3.v,v,3,spectral,sign,2.4497213661670685,2.370122939348221,-0.0030888020992279053,False,,27.795534487103616,56.843490538761635,51.75052583927388,0.5787777900695801,0.0026254653930664062
100,L3.v,v,3,spectral,euclid,2.4497213661670685,2.3713998794555664,-0.004365742206573486,False,,8.653350457271376,17.442738007478983,36.593386828847436,1.0000003576278687,0.0036749839782714844
100,L3.v,v,3,spectral,rows,2.4497213661670685,2.370679557323456,-0.0036454200744628906,False,,9.831531089920045,19.970508027570457,51.13229266502296,0.9109693765640259,0.003231525421142578
100,L3.v,v,3,spectral,cols,2.4497213661670685,2.37079194188118,-0.0037578046321868896,False,,10.087243852438641,20.615677739740057,51.52210553166267,0.9379913210868835,0.003335237503051758
100,L3.v,v,3,spectral,spectral,2.4497213661670685,2.367034137248993,0.0,False,,8.769462226869758,21.35806183580559,427.9234873889525,0.18047767877578735,0.001028299331665039
100,L3.v,v,3,spectral,spectral_head,2.4497213661670685,2.3674338161945343,-0.00039967894554138184,False,,11.386540400429665,27.938092429479703,317.14595654543234,0.40914714336395264,0.0015728473663330078
100,L3.v,v,3,spectral,normuon,2.4497213661670685,2.3670213520526886,1.2785196304321289e-05,True,4.380941390991211e-06,8.769462226869758,21.35806183580559,433.4976962375361,0.18047767877578735,0.0010251998901367188
100,L3.v,v,3,spectral,pw05,2.4497213661670685,2.3698156774044037,-0.0027815401554107666,False,,7.854981747186504,16.538899703553128,87.00402246651954,0.4910894083051311,0.002791166305541992
100,L3.o,o,3,spectral,adam,2.4497213661670685,2.367315709590912,-0.0002815723419189453,False,,45.61751793163538,100.6548042679356,857.2387558183024,0.5717297792434692,0.0005092620849609375
100,L3.o,o,3,spectral,sign,2.4497213661670685,2.3683183193206787,-0.001284182071685791,False,,45.61751793163538,100.6548042679356,188.41079598874498,0.5717297792434692,0.0014851093292236328
100,L3.o,o,3,spectral,euclid,2.4497213661670685,2.3684252202510834,-0.001391083002090454,False,,13.774253663858604,29.171969685696304,149.75243533405333,1.0000007152557373,0.0019526481628417969
100,L3.o,o,3,spectral,rows,2.4497213661670685,2.3684869408607483,-0.001452803611755371,False,,15.027153735947458,32.795975258946015,179.9276611193464,0.9081573486328125,0.0018851757049560547
100,L3.o,o,3,spectral,cols,2.4497213661670685,2.368252694606781,-0.001218557357788086,False,,14.53942415896449,31.79428842010859,194.4309370698714,0.8773943781852722,0.0017962455749511719
100,L3.o,o,3,spectral,spectral,2.4497213661670685,2.367034137248993,0.0,True,0.0,9.16532502504991,24.835636490204216,1119.9185889675548,0.12946176528930664,0.0006172657012939453
100,L3.o,o,3,spectral,spectral_head,2.4497213661670685,2.3674057722091675,-0.00037163496017456055,False,,12.712735388621985,33.57184555955435,858.6407755221314,0.32648903131484985,0.0009620189666748047
100,L3.o,o,3,spectral,normuon,2.4497213661670685,2.367037296295166,-3.159046173095703e-06,False,,9.16532502504991,24.835636490204216,1137.1000893220105,0.12946176528930664,0.0006175041198730469
100,L3.o,o,3,spectral,pw05,2.4497213661670685,2.367788642644882,-0.0007545053958892822,False,,10.411926346968821,23.769513140602488,284.4788998116336,0.42122001366156575,0.001611948013305664
100,L3.up,up,3,spectral,adam,2.4497213661670685,2.368261158466339,-0.0012270212173461914,False,,67.56926272237708,152.11784873505945,428.6286295917423,0.5462101697921753,0.0034062862396240234
100,L3.up,up,3,spectral,sign,2.4497213661670685,2.36753648519516,-0.0005023479461669922,False,,67.56926272237708,152.11784873505945,108.08841678259704,0.5462101697921753,0.006390094757080078
100,L3.up,up,3,spectral,euclid,2.4497213661670685,2.368204176425934,-0.001170039176940918,False,,13.230601106432715,29.65186830128684,60.521955667110134,1.0000008344650269,0.009583473205566406
100,L3.up,up,3,spectral,rows,2.4497213661670685,2.367543876171112,-0.0005097389221191406,False,,22.06106235991062,49.34730994725608,106.23180181517486,0.8672583699226379,0.008002519607543945
100,L3.up,up,3,spectral,cols,2.4497213661670685,2.368177741765976,-0.0011436045169830322,False,,14.230447833040197,32.04298186566808,75.70260284766891,0.9473198652267456,0.009062051773071289
100,L3.up,up,3,spectral,spectral,2.4497213661670685,2.367034137248993,0.0,False,,13.93679955806028,36.64906113207667,466.74708089368147,0.3144835829734802,0.0035593509674072266
100,L3.up,up,3,spectral,normuon,2.4497213661670685,2.3670173585414886,1.677870750427246e-05,True,0.00014951825141906738,13.93679955806028,36.64906113207667,581.9065720545012,0.3144835829734802,0.0032434463500976562
100,L3.up,up,3,spectral,pw05,2.4497213661670685,2.367794781923294,-0.0007606446743011475,False,,11.872646154821382,27.83739186193396,125.67948733225437,0.5900986432466093,0.007731914520263672
100,L3.down,down,3,spectral,adam,2.4497213661670685,2.3696679770946503,-0.0026338398456573486,False,,53.63614718159183,117.8605711935121,303.3667051828674,0.5312550663948059,0.0027344226837158203
100,L3.down,down,3,spectral,sign,2.4497213661670685,2.3706135749816895,-0.003579437732696533,False,,53.63614718159183,117.8605711935121,61.98812663104071,0.5312550663948059,0.006964921951293945
100,L3.down,down,3,spectral,euclid,2.4497213661670685,2.371667295694351,-0.004633158445358276,False,,11.978582502510582,25.97490982960815,43.59584050649981,1.0000020265579224,0.00993490219116211
100,L3.down,down,3,spectral,rows,2.4497213661670685,2.371558576822281,-0.004524439573287964,False,,12.333274740087996,26.962929319177846,48.25008321214268,0.9261225461959839,0.009728431701660156
100,L3.down,down,3,spectral,cols,2.4497213661670685,2.371146261692047,-0.004112124443054199,False,,18.399910544753364,40.39655228546142,72.66123187477022,0.8340085744857788,0.008210182189941406
100,L3.down,down,3,spectral,spectral,2.4497213661670685,2.367034137248993,0.0,False,,10.976933589145986,28.029134419949102,396.98801132974074,0.21279267966747284,0.003150463104248047
100,L3.down,down,3,spectral,normuon,2.4497213661670685,2.367033690214157,4.470348358154297e-07,True,-3.159046173095703e-06,10.976933589145986,28.029134419949102,398.09202598324987,0.21279267966747284,0.0031511783599853516
100,L3.down,down,3,spectral,pw05,2.4497213661670685,2.369806706905365,-0.0027725696563720703,False,,10.029622956212082,22.723945065844468,92.57700175740008,0.5046551401421053,0.008139610290527344
100,head,head,4,adam,adam,2.4497213661670685,2.367034137248993,0.0,False,,1.032297874837776,2.9005912549958084,7.341100650728342,0.37612853417029746,0.011014938354492188
100,head,head,4,adam,sign,2.4497213661670685,2.371956467628479,-0.004922330379486084,False,,1.032297874837776,2.9005912549958084,1.4643978761748961,0.37612853417029746,0.011882543563842773
100,head,head,4,adam,euclid,2.4497213661670685,2.3681339025497437,-0.0010997653007507324,False,,0.3054692283370121,0.7126446498586296,0.43064860809487215,1.000000238418579,0.013129234313964844
100,head,head,4,adam,rows,2.4497213661670685,2.373881757259369,-0.0068476200103759766,False,,0.5490362717476045,1.5305943415354655,1.4132784410731047,0.6285854046161358,0.014791727066040039
100,head,head,4,adam,cols,2.4497213661670685,2.365566998720169,0.0014671385288238525,True,-0.008464813232421875,0.3857746385922791,0.9318531510543123,0.5203063924966228,0.8830580711364746,0.014937877655029297
100,head,head,4,adam,spectral,2.4497213661670685,2.3679159581661224,-0.0008818209171295166,False,,0.7914708517609792,2.2751600135336743,2.6653887048972473,0.27902427086463344,0.010679006576538086
300,embed,embed,-1,adam,adam,1.9411113411188126,1.8921206146478653,0.0,True,0.0,1.9331018323185807,9.870648773089949,41.00442523339742,0.414129638671875,0.0042008161544799805
300,embed,embed,-1,adam,sign,1.9411113411188126,1.8921615183353424,-4.0903687477111816e-05,False,,1.9331018323185807,9.870648773089949,14.369015304887105,0.414129638671875,0.003301382064819336
300,embed,embed,-1,adam,euclid,1.9411113411188126,1.8962613940238953,-0.004140779376029968,False,,0.79127964596402,3.533123355174875,4.031398864258258,0.9999996423721313,0.005627274513244629
300,embed,embed,-1,adam,rows,1.9411113411188126,1.8938467055559158,-0.0017260909080505371,False,,0.8982432436734618,4.596167169684163,13.654387888659432,0.6538649338942307,0.004182577133178711
300,embed,embed,-1,adam,cols,1.9411113411188126,1.8960380405187607,-0.003917425870895386,False,,0.9085750283233813,4.081003533178367,5.466539294736631,0.9570450186729431,0.0054634809494018555
300,embed,embed,-1,adam,spectral,1.9411113411188126,1.8927652090787888,-0.0006445944309234619,False,,1.582699123635232,8.109371994171127,19.34548813533115,0.5097792405348558,0.0036864280700683594
300,pos,pos,-1,adam,adam,1.9411113411188126,1.8921206146478653,0.0,False,,3.510044266922762,21.897235925888516,83.20183426475931,0.6024371385574341,0.006242513656616211
300,pos,pos,-1,adam,sign,1.9411113411188126,1.8927462846040726,-0.0006256699562072754,False,,3.510044266922762,21.897235925888516,28.60210749742054,0.6024371385574341,0.0046155452728271484
300,pos,pos,-1,adam,euclid,1.9411113411188126,1.894500344991684,-0.0023797303438186646,False,,1.3249285427874342,7.775525501699337,21.597939252945498,1.0000003576278687,0.0060378313064575195
300,pos,pos,-1,adam,rows,1.9411113411188126,1.894509106874466,-0.002388492226600647,False,,1.775378235144204,11.047325824686956,28.595095788641082,0.968634307384491,0.005791187286376953
300,pos,pos,-1,adam,cols,1.9411113411188126,1.8942587822675705,-0.0021381676197052,False,,1.528030718022867,9.016013103025708,22.85011276017881,0.9666622877120972,0.005997300148010254
300,pos,pos,-1,adam,spectral,1.9411113411188126,1.891740083694458,0.0003805309534072876,True,0.0028237104415893555,3.174227859867032,20.04129435020044,44.42131321608511,0.5381747484207153,0.004363894462585449
300,L0.q,q,0,spectral,adam,1.9411113411188126,1.8937397599220276,-0.0016191452741622925,False,,6.7624854243817625,35.49102088857586,99.13117284158699,0.6060094833374023,0.004546523094177246
300,L0.q,q,0,spectral,sign,1.9411113411188126,1.8937986344099045,-0.0016780197620391846,False,,6.7624854243817625,35.49102088857586,33.51102965714179,0.6060094833374023,0.004500746726989746
300,L0.q,q,0,spectral,euclid,1.9411113411188126,1.8951082974672318,-0.002987682819366455,False,,2.0260646172051526,10.565662772430711,36.15889844496986,1.000001311302185,0.005865693092346191
300,L0.q,q,0,spectral,rows,1.9411113411188126,1.895010769367218,-0.002890154719352722,False,,2.1537758167449153,11.327878307661939,37.62250727324604,0.9473840594291687,0.0056504011154174805
300,L0.q,q,0,spectral,cols,1.9411113411188126,1.895176112651825,-0.0030554980039596558,False,,2.126141358817455,11.137188445593932,37.44544695162318,0.9801266193389893,0.00577998161315918
300,L0.q,q,0,spectral,spectral,1.9411113411188126,1.8921206146478653,0.0,False,,1.8283489864966904,10.885042804971436,82.69919396093441,0.38178551197052,0.003228902816772461
300,L0.q,q,0,spectral,spectral_head,1.9411113411188126,1.893621176481247,-0.0015005618333816528,False,,2.1391855754962696,12.39578185815574,73.94326658134847,0.6585145592689514,0.004195809364318848
300,L0.q,q,0,spectral,normuon,1.9411113411188126,1.8921074569225311,1.315772533416748e-05,True,-1.767277717590332e-05,1.8283489864966904,10.885042804971436,86.1463215399064,0.38178551197052,0.003220081329345703
300,L0.q,q,0,spectral,pw05,1.9411113411188126,1.8943355232477188,-0.0022149085998535156,False,,1.7482497740078302,9.629645898246002,44.05758136999979,0.66534007753773,0.005238175392150879
300,L0.k,k,0,spectral,adam,1.9411113411188126,1.8953483253717422,-0.003227710723876953,False,,4.870396882047167,23.635237175918203,26.34609987352382,0.5850008726119995,0.00601959228515625
300,L0.k,k,0,spectral,sign,1.9411113411188126,1.894034132361412,-0.001913517713546753,False,,4.870396882047167,23.635237175918203,7.937511418680535,0.5850008726119995,0.006517529487609863
300,L0.k,k,0,spectral,euclid,1.9411113411188126,1.8957496583461761,-0.003629043698310852,False,,1.4845422533571064,7.059042727795896,5.538099287035705,1.0,0.00856471061706543
300,L0.k,k,0,spectral,rows,1.9411113411188126,1.895123913884163,-0.0030032992362976074,False,,1.553322424723529,7.528474301800789,8.600141334517724,0.9130029082298279,0.007992267608642578
300,L0.k,k,0,spectral,cols,1.9411113411188126,1.8954353779554367,-0.003314763307571411,False,,1.5670036551945332,7.579960852438133,7.08045889270939,0.9705374836921692,0.00837552547454834
300,L0.k,k,0,spectral,spectral,1.9411113411188126,1.8921206146478653,0.0,True,0.0,1.2985366924585806,7.370928717069511,39.18113315778413,0.3275398313999176,0.00391840934753418
300,L0.k,k,0,spectral,spectral_head,1.9411113411188126,1.8934467881917953,-0.0013261735439300537,False,,1.528697512959281,8.524180443345676,34.07238378386822,0.5511828660964966,0.005105733871459961
300,L0.k,k,0,spectral,normuon,1.9411113411188126,1.8921239227056503,-3.3080577850341797e-06,False,,1.2985366924585806,7.370928717069511,39.41660627175453,0.3275398313999176,0.003922820091247559
300,L0.k,k,0,spectral,pw05,1.9411113411188126,1.894824966788292,-0.0027043521404266357,False,,1.2545584636533986,6.444289667125275,12.245409576248887,0.613548627154692,0.007388710975646973
300,L0.v,v,0,spectral,adam,1.9411113411188126,1.897645264863968,-0.0055246502161026,False,,2.7460011201798546,12.865085957422519,18.12472882293297,0.5680076479911804,0.008611559867858887
300,L0.v,v,0,spectral,sign,1.9411113411188126,1.8963717073202133,-0.0042510926723480225,False,,2.7460011201798546,12.865085957422519,6.154365577346234,0.5680076479911804,0.009999990463256836
300,L0.v,v,0,spectral,euclid,1.9411113411188126,1.898912936449051,-0.006792321801185608,False,,0.8090135460740265,3.7326687219768884,6.511358078942851,0.9999997615814209,0.012996315956115723
300,L0.v,v,0,spectral,rows,1.9411113411188126,1.8985104858875275,-0.00638987123966217,False,,0.8490720071848409,3.9564577908271623,6.334230757172808,0.8996480703353882,0.012377381324768066
300,L0.v,v,0,spectral,cols,1.9411113411188126,1.8990772664546967,-0.00695665180683136,False,,0.8465916143477574,3.9537495005688466,7.038477517514565,0.9670833349227905,0.012799978256225586
300,L0.v,v,0,spectral,spectral,1.9411113411188126,1.8921206146478653,0.0,False,,0.6968354732818565,3.869354699664458,21.162361866323767,0.3230951726436615,0.007097363471984863
300,L0.v,v,0,spectral,spectral_head,1.9411113411188126,1.8940019756555557,-0.0018813610076904297,False,,0.810839411479655,4.324513013486031,15.871395210880442,0.560982346534729,0.00969088077545166
300,L0.v,v,0,spectral,normuon,1.9411113411188126,1.892050787806511,6.982684135437012e-05,True,6.592273712158203e-05,0.6968354732818565,3.869354699664458,21.895164699029408,0.3230951726436615,0.007035017013549805
300,L0.v,v,0,spectral,pw05,1.9411113411188126,1.897553026676178,-0.005432412028312683,False,,0.6827339432962811,3.4044974904875063,9.776004269241914,0.6205018500378906,0.01198875904083252
300,L0.o,o,0,spectral,adam,1.9411113411188126,1.9010315835475922,-0.008910968899726868,False,,2.175465949753545,10.381981335404955,14.192521577190737,0.5606048703193665,0.011050581932067871
300,L0.o,o,0,spectral,sign,1.9411113411188126,1.897155448794365,-0.005034834146499634,False,,2.175465949753545,10.381981335404955,4.989586105885939,0.5606048703193665,0.012537479400634766
300,L0.o,o,0,spectral,euclid,1.9411113411188126,1.9016249179840088,-0.009504303336143494,False,,0.6955239940261663,3.275515340162988,3.9669354663940393,0.9999997615814209,0.017032980918884277
300,L0.o,o,0,spectral,rows,1.9411113411188126,1.9012876600027084,-0.00916704535484314,False,,0.7308574387051106,3.4634424262979797,4.338528003052612,0.9707611203193665,0.016705632209777832
300,L0.o,o,0,spectral,cols,1.9411113411188126,1.8999817967414856,-0.0078611820936203,False,,0.7293308978843308,3.4710488985015133,5.152317472495482,0.8821563124656677,0.015619516372680664
300,L0.o,o,0,spectral,spectral,1.9411113411188126,1.8921206146478653,0.0,False,,0.654676137640554,3.562308666971938,15.740113909468858,0.34978243708610535,0.008754372596740723
300,L0.o,o,0,spectral,spectral_head,1.9411113411188126,1.8952230364084244,-0.003102421760559082,False,,0.7573275090025342,3.994534450369885,12.572259561323149,0.5705320835113525,0.011447310447692871
300,L0.o,o,0,spectral,normuon,1.9411113411188126,1.8921061605215073,1.4454126358032227e-05,True,3.3974647521972656e-06,0.654676137640554,3.562308666971938,15.751928556356033,0.34978243708610535,0.008763313293457031
300,L0.o,o,0,spectral,pw05,1.9411113411188126,1.8997229933738708,-0.007602378726005554,False,,0.6114200973711035,3.038895448202255,6.641887387097033,0.643180898901003,0.0152512788772583
300,L0.up,up,0,spectral,adam,1.9411113411188126,1.9004135876893997,-0.008292973041534424,False,,11.446775184880968,54.96520833480762,86.18465960226959,0.5951060652732849,0.012251734733581543
300,L0.up,up,0,spectral,sign,1.9411113411188126,1.8969856053590775,-0.004864990711212158,False,,11.446775184880968,54.96520833480762,26.163860511071693,0.5951060652732849,0.013179302215576172
300,L0.up,up,0,spectral,euclid,1.9411113411188126,1.9015083611011505,-0.009387746453285217,False,,2.6866105916777334,12.563064307637003,21.000280696859445,0.9999991655349731,0.01710069179534912
300,L0.up,up,0,spectral,rows,1.9411113411188126,1.8995990455150604,-0.007478430867195129,False,,3.858348978929539,18.577846039819562,25.92535587325663,0.933843195438385,0.016266465187072754
300,L0.up,up,0,spectral,cols,1.9411113411188126,1.9010459631681442,-0.00892534852027893,False,,2.794776194430563,13.176109466473529,23.35343551552145,0.9775047302246094,0.016916632652282715
300,L0.up,up,0,spectral,spectral,1.9411113411188126,1.8921206146478653,0.0,False,,2.681680340834152,14.867836929157,78.4772199668269,0.4616534411907196,0.01015627384185791
300,L0.up,up,0,spectral,normuon,1.9411113411188126,1.8918219059705734,0.0002987086772918701,True,0.0006181448698043823,2.681680340834152,14.867836929157,85.51484990180674,0.4616534411907196,0.009830594062805176
300,L0.up,up,0,spectral,pw05,1.9411113411188126,1.8978975415229797,-0.005776926875114441,False,,2.4174611866361557,12.128973579656282,34.196713774292526,0.7048323795373399,0.015318155288696289
300,L0.down,down,0,spectral,adam,1.9411113411188126,1.8965661525726318,-0.0044455379247665405,False,,12.895671606074178,55.70875640193588,71.79277886347869,0.5809940695762634,0.010175466537475586
300,L0.down,down,0,spectral,sign,1.9411113411188126,1.8952116072177887,-0.003090992569923401,False,,12.895671606074178,55.70875640193588,23.24536836044122,0.5809940695762634,0.011237859725952148
300,L0.down,down,0,spectral,euclid,1.9411113411188126,1.8976618349552155,-0.005541220307350159,False,,3.2865947458064704,13.51044451456199,18.526777997710866,1.0000035762786865,0.014962315559387207
300,L0.down,down,0,spectral,rows,1.9411113411188126,1.8972321450710297,-0.005111530423164368,False,,3.514330968694864,14.869141964501702,21.206757722020892,0.9823840260505676,0.014677762985229492
300,L0.down,down,0,spectral,cols,1.9411113411188126,1.896769717335701,-0.004649102687835693,False,,4.548476634145236,19.467853976563074,23.134996958557416,0.914276123046875,0.013976216316223145
300,L0.down,down,0,spectral,spectral,1.9411113411188126,1.8921206146478653,0.0,True,0.0,3.5986687197593734,18.992776566375195,103.97709759393558,0.5368083715438843,0.008963584899902344
300,L0.down,down,0,spectral,normuon,1.9411113411188126,1.8921263068914413,-5.692243576049805e-06,False,,3.5986687197593734,18.992776566375195,105.21090098866821,0.5368083715438843,0.008957505226135254
300,L0.down,down,0,spectral,pw05,1.9411113411188126,1.8957663923501968,-0.003645777702331543,False,,3.1167074812431705,14.279334381328528,38.1777777572825,0.7446653954663729,0.013051033020019531
300,L1.q,q,1,spectral,adam,1.9411113411188126,1.892698496580124,-0.000577881932258606,False,,20.080922253817707,95.22668747388532,368.6695217255838,0.5843994617462158,0.0015575885772705078
300,L1.q,q,1,spectral,sign,1.9411113411188126,1.8925887197256088,-0.0004681050777435303,False,,20.080922253817707,95.22668747388532,129.95862059839044,0.5843994617462158,0.0015424489974975586
300,L1.q,q,1,spectral,euclid,1.9411113411188126,1.8930833637714386,-0.0009627491235733032,False,,6.12845350199926,28.434092502461915,101.23453134412021,0.9999997615814209,0.0019870996475219727
300,L1.q,q,1,spectral,rows,1.9411113411188126,1.8928635567426682,-0.0007429420948028564,False,,6.314638462048119,29.919246218927405,123.66745078792289,0.9266197085380554,0.0019382238388061523
300,L1.q,q,1,spectral,cols,1.9411113411188126,1.892911583185196,-0.0007909685373306274,False,,6.358602386866283,30.08479830440161,121.41717662179303,0.9372453689575195,0.0018947124481201172
300,L1.q,q,1,spectral,spectral,1.9411113411188126,1.8921206146478653,0.0,False,,4.841735516113631,26.480426310456778,424.1593029359527,0.2929663360118866,0.0008914470672607422
300,L1.q,q,1,spectral,spectral_head,1.9411113411188126,1.8921459466218948,-2.5331974029541016e-05,False,,5.629597054529402,30.038128520592412,320.33875587992776,0.4933248460292816,0.001257777214050293
300,L1.q,q,1,spectral,normuon,1.9411113411188126,1.8921190351247787,1.5795230865478516e-06,True,-1.817941665649414e-06,4.841735516113631,26.480426310456778,425.4386109085981,0.2929663360118866,0.0008925199508666992
300,L1.q,q,1,spectral,pw05,1.9411113411188126,1.8925461322069168,-0.00042551755905151367,False,,4.946232261879084,24.707541234211032,169.71986262672226,0.5810221793378024,0.001714468002319336
300,L1.k,k,1,spectral,adam,1.9411113411188126,1.893620878458023,-0.0015002638101577759,False,,14.981422594745673,68.08774948467375,123.04157846293067,0.5765808820724487,0.0019196271896362305
300,L1.k,k,1,spectral,sign,1.9411113411188126,1.8933774828910828,-0.0012568682432174683,False,,14.981422594745673,68.08774948467375,38.38326059618577,0.5765808820724487,0.0019620656967163086
300,L1.k,k,1,spectral,euclid,1.9411113411188126,1.8947583734989166,-0.0026377588510513306,False,,4.8091260662626745,21.068887029658548,17.889485111286533,0.9999994039535522,0.0026663541793823242
300,L1.k,k,1,spectral,rows,1.9411113411188126,1.8940783739089966,-0.0019577592611312866,False,,5.2064836981333364,23.637258910571067,38.444977993592595,0.9110967516899109,0.002399444580078125
300,L1.k,k,1,spectral,cols,1.9411113411188126,1.8945639431476593,-0.0024433284997940063,False,,5.05230513795417,22.31055062605891,23.132678753100592,0.9543421268463135,0.0025779008865356445
300,L1.k,k,1,spectral,spectral,1.9411113411188126,1.8921206146478653,0.0,False,,4.169730134449079,21.400076650424232,187.68273118623168,0.28751611709594727,0.0010404586791992188
300,L1.k,k,1,spectral,spectral_head,1.9411113411188126,1.8920926749706268,2.7939677238464355e-05,True,-0.0001264810562133789,4.663310743904443,24.374789136484047,165.19758129824626,0.4479157626628876,0.0013805627822875977
300,L1.k,k,1,spectral,normuon,1.9411113411188126,1.8921095579862595,1.1056661605834961e-05,False,,4.169730134449079,21.400076650424232,188.34181956026222,0.28751611709594727,0.0010421276092529297
300,L1.k,k,1,spectral,pw05,1.9411113411188126,1.8939747214317322,-0.0018541067838668823,False,,4.106950210259278,19.02898237962435,41.60123654727875,0.5830690648674252,0.002247929573059082
300,L1.v,v,1,spectral,adam,1.9411113411188126,1.893548384308815,-0.001427769660949707,False,,10.474148726040402,39.0820159982636,101.42757870239262,0.5626057386398315,0.002566695213317871
300,L1.v,v,1,spectral,sign,1.9411113411188126,1.892913356423378,-0.0007927417755126953,False,,10.474148726040402,39.0820159982636,31.360554839616952,0.5626057386398315,0.002912759780883789
300,L1.v,v,1,spectral,euclid,1.9411113411188126,1.8932276219129562,-0.0011070072650909424,False,,3.0714437111629076,10.485813825659674,24.23607987209754,1.000001072883606,0.004200339317321777
300,L1.v,v,1,spectral,rows,1.9411113411188126,1.8932339996099472,-0.0011133849620819092,False,,3.34725001725522,12.415536494791574,30.37789859454066,0.9064146876335144,0.003663182258605957
300,L1.v,v,1,spectral,cols,1.9411113411188126,1.893209546804428,-0.0010889321565628052,False,,3.252868436526198,11.648131547198581,33.492065622614135,0.8985784649848938,0.003733992576599121
300,L1.v,v,1,spectral,spectral,1.9411113411188126,1.8921206146478653,0.0,False,,2.78630278390081,13.27875189360512,239.63678346363542,0.23784416913986206,0.0014412403106689453
300,L1.v,v,1,spectral,spectral_head,1.9411113411188126,1.8925488591194153,-0.0004282444715499878,False,,3.226629209099253,14.933873140557855,164.06842500642216,0.4363827109336853,0.0020689964294433594
300,L1.v,v,1,spectral,normuon,1.9411113411188126,1.8921204805374146,1.341104507446289e-07,True,5.364418029785156e-06,2.78630278390081,13.27875189360512,243.6479733123391,0.23784416913986206,0.0014407634735107422
300,L1.v,v,1,spectral,pw05,1.9411113411188126,1.8929987996816635,-0.0008781850337982178,False,,2.638655692088832,10.160815330842036,56.459778175474725,0.5177671386692911,0.0031622648239135742
300,L1.o,o,1,spectral,adam,1.9411113411188126,1.892724022269249,-0.000603407621383667,False,,14.630143240845886,67.74767492132722,906.2879883834473,0.6143803000450134,0.0017708539962768555
300,L1.o,o,1,spectral,sign,1.9411113411188126,1.892424687743187,-0.0003040730953216553,False,,14.630143240845886,67.74767492132722,291.1820509276529,0.6143803000450134,0.0018427371978759766
300,L1.o,o,1,spectral,euclid,1.9411113411188126,1.8924538642168045,-0.000333249568939209,False,,4.804313375002896,21.470555493668982,228.74992444218125,1.0,0.002383112907409668
300,L1.o,o,1,spectral,rows,1.9411113411188126,1.8925717622041702,-0.00045114755630493164,False,,5.08716830720187,23.67163726603468,272.76943640358223,0.9659037590026855,0.0023189783096313477
300,L1.o,o,1,spectral,cols,1.9411113411188126,1.8925116509199142,-0.0003910362720489502,False,,5.186433616078114,23.794427248959558,289.0003003710992,0.9624010324478149,0.0022891759872436523
300,L1.o,o,1,spectral,spectral,1.9411113411188126,1.8921206146478653,0.0,True,0.0,4.676153879173857,26.645875189890212,1112.6137040640913,0.3646259009838104,0.0011966228485107422
300,L1.o,o,1,spectral,spectral_head,1.9411113411188126,1.8921312540769577,-1.0639429092407227e-05,False,,5.126534567493994,27.484725560341285,814.0840291604833,0.565499484539032,0.0015588998794555664
300,L1.o,o,1,spectral,normuon,1.9411113411188126,1.8921216875314713,-1.0728836059570312e-06,False,,4.676153879173857,26.645875189890212,1110.8939567115976,0.3646259009838104,0.0011965036392211914
300,L1.o,o,1,spectral,pw05,1.9411113411188126,1.8923033624887466,-0.00018274784088134766,False,,4.307962423095042,21.473373842072274,447.1374634178985,0.6420520770362487,0.002013087272644043
300,L1.up,up,1,spectral,adam,1.9411113411188126,1.894623339176178,-0.002502724528312683,False,,16.68446426154125,76.53181049832357,231.6310655118994,0.5443494915962219,0.007347464561462402
300,L1.up,up,1,spectral,sign,1.9411113411188126,1.8940875381231308,-0.001966923475265503,False,,16.68446426154125,76.53181049832357,75.01771810072839,0.5443494915962219,0.007607936859130859
300,L1.up,up,1,spectral,euclid,1.9411113411188126,1.895436480641365,-0.003315865993499756,False,,4.537722697563574,19.32345006374996,56.87596802297191,0.9999998211860657,0.010300397872924805
300,L1.up,up,1,spectral,rows,1.9411113411188126,1.8949786126613617,-0.002857998013496399,False,,6.8636636828834385,31.271660619241583,74.80101510434199,0.8678744435310364,0.009521484375
300,L1.up,up,1,spectral,cols,1.9411113411188126,1.8949411064386368,-0.0028204917907714844,False,,4.63830600538682,20.369939441414523,66.95330152217744,0.9445559978485107,0.009936809539794922
300,L1.up,up,1,spectral,spectral,1.9411113411188126,1.8921206146478653,0.0,False,,4.252016037318153,22.908072601894357,259.01122099960656,0.44106030464172363,0.005761981010437012
300,L1.up,up,1,spectral,normuon,1.9411113411188126,1.8920691907405853,5.142390727996826e-05,True,0.00024549663066864014,4.252016037318153,22.908072601894357,301.5403726488352,0.44106030464172363,0.005482316017150879
300,L1.up,up,1,spectral,pw05,1.9411113411188126,1.8935951590538025,-0.0014745444059371948,False,,3.9476361779064018,18.689340955329882,103.13334501739503,0.6694289285402327,0.008870840072631836
300,L1.down,down,1,spectral,adam,1.9411113411188126,1.8933393508195877,-0.0012187361717224121,False,,24.954600367192437,109.32791104788403,627.8551991794945,0.5464943647384644,0.004591464996337891
300,L1.down,down,1,spectral,sign,1.9411113411188126,1.8932147920131683,-0.0010941773653030396,False,,24.954600367192437,109.32791104788403,179.66289815564113,0.5464943647384644,0.0050781965255737305
300,L1.down,down,1,spectral,euclid,1.9411113411188126,1.8943938910961151,-0.002273276448249817,False,,6.68239674576619,27.394562410016597,133.7418940839745,1.0000008344650269,0.00703585147857666
300,L1.down,down,1,spectral,rows,1.9411113411188126,1.8943074494600296,-0.0021868348121643066,False,,7.061428181977844,29.34227990807864,146.1252123276324,0.9836508631706238,0.00693202018737793
300,L1.down,down,1,spectral,cols,1.9411113411188126,1.8938075304031372,-0.0016869157552719116,False,,10.311664748711006,45.19923342696335,175.67079058388885,0.856808602809906,0.0063010454177856445
300,L1.down,down,1,spectral,spectral,1.9411113411188126,1.8921206146478653,0.0,False,,6.8080694323354285,35.86824779096814,527.2326043793546,0.5247764587402344,0.004326581954956055
300,L1.down,down,1,spectral,normuon,1.9411113411188126,1.8921194821596146,1.1324882507324219e-06,True,-3.337860107421875e-06,6.8080694323354285,35.86824779096814,531.7516815826048,0.5247764587402344,0.004324436187744141
300,L1.down,down,1,spectral,pw05,1.9411113411188126,1.893588438630104,-0.0014678239822387695,False,,6.141699706451884,28.106654584056457,219.1031110185049,0.737682084543864,0.006240725517272949
300,L2.q,q,2,spectral,adam,1.9411113411188126,1.8939219862222672,-0.0018013715744018555,False,,18.224135909960918,85.67658886469977,277.7767591135841,0.6009271740913391,0.0016350746154785156
300,L2.q,q,2,spectral,sign,1.9411113411188126,1.8932006806135178,-0.0010800659656524658,False,,18.224135909960918,85.67658886469977,92.0635425696673,0.6009271740913391,0.0016126632690429688
300,L2.q,q,2,spectral,euclid,1.9411113411188126,1.89388969540596,-0.0017690807580947876,False,,5.8153102471013005,26.599454302116367,76.0185449717262,1.000000238418579,0.002106308937072754
300,L2.q,q,2,spectral,rows,1.9411113411188126,1.893666610121727,-0.0015459954738616943,False,,6.04937706719857,28.509356120457394,91.29793920250098,0.9523170590400696,0.0020171403884887695
300,L2.q,q,2,spectral,cols,1.9411113411188126,1.8938543200492859,-0.0017337054014205933,False,,6.085757702053502,28.39129654885111,92.05985023598252,0.9518061876296997,0.0020139217376708984
300,L2.q,q,2,spectral,spectral,1.9411113411188126,1.8921206146478653,0.0,True,0.0,5.013371345805181,27.489597528560108,432.1393697180487,0.3167188763618469,0.0009201765060424805
300,L2.q,q,2,spectral,spectral_head,1.9411113411188126,1.8923956453800201,-0.0002750307321548462,False,,5.770786627778245,30.885911290992873,309.32649972902664,0.5092177391052246,0.0012775659561157227
300,L2.q,q,2,spectral,normuon,1.9411113411188126,1.892123505473137,-2.8908252716064453e-06,False,,5.013371345805181,27.489597528560108,433.0562027624987,0.3167188763618469,0.000922083854675293
300,L2.q,q,2,spectral,pw05,1.9411113411188126,1.8933188617229462,-0.0011982470750808716,False,,4.861198847517308,24.104557318760232,150.0932839230893,0.6014907507846018,0.0017790794372558594
300,L2.k,k,2,spectral,adam,1.9411113411188126,1.8927614837884903,-0.000640869140625,False,,13.86420120968564,52.31378428905299,53.842731414002884,0.5726318359375,0.0020904541015625
300,L2.k,k,2,spectral,sign,1.9411113411188126,1.8932401090860367,-0.0011194944381713867,False,,13.86420120968564,52.31378428905299,15.025870940121916,0.5726318359375,0.002148866653442383
300,L2.k,k,2,spectral,euclid,1.9411113411188126,1.893325850367546,-0.0012052357196807861,False,,4.596772639857974,16.04544343698862,5.281261780117651,1.0000005960464478,0.0025010108947753906
300,L2.k,k,2,spectral,rows,1.9411113411188126,1.89348666369915,-0.00136604905128479,False,,5.038863640404238,19.08603456273515,15.729493543939242,0.9100022912025452,0.002608776092529297
300,L2.k,k,2,spectral,cols,1.9411113411188126,1.8934625685214996,-0.0013419538736343384,False,,4.940373965223014,17.763320207155274,7.173764689501414,0.9473042488098145,0.0025589466094970703
300,L2.k,k,2,spectral,spectral,1.9411113411188126,1.8921206146478653,0.0,False,,4.0068876868895105,18.258708284507918,87.82424600650148,0.2841208875179291,0.001260995864868164
300,L2.k,k,2,spectral,spectral_head,1.9411113411188126,1.8921080231666565,1.259148120880127e-05,True,9.584426879882812e-05,4.49270821118956,21.048189462801385,122.09245800231501,0.43165478110313416,0.001440286636352539
300,L2.k,k,2,spectral,normuon,1.9411113411188126,1.8921205401420593,7.450580596923828e-08,False,,4.0068876868895105,18.258708284507918,89.7722033510464,0.2841208875179291,0.0012580156326293945
300,L2.k,k,2,spectral,pw05,1.9411113411188126,1.8930686265230179,-0.0009480118751525879,False,,3.8810967613811633,15.024109134904466,14.714669456651054,0.5754811546644351,0.002466559410095215
300,L2.v,v,2,spectral,adam,1.9411113411188126,1.8920511305332184,6.948411464691162e-05,True,-0.0020150989294052124,14.263188478656314,50.30357464322566,150.0335896721647,0.58884197473526,0.0020982027053833008
300,L2.v,v,2,spectral,sign,1.9411113411188126,1.8922238796949387,-0.00010326504707336426,False,,14.263188478656314,50.30357464322566,42.32050022702715,0.58884197473526,0.00250244140625
300,L2.v,v,2,spectral,euclid,1.9411113411188126,1.8922352194786072,-0.00011460483074188232,False,,3.9526325006428955,13.563299658219865,30.457310640129045,1.000001072883606,0.0034853219985961914
300,L2.v,v,2,spectral,rows,1.9411113411188126,1.8921483755111694,-2.7760863304138184e-05,False,,4.346341059517032,15.358232363703122,42.299095614924425,0.9310713410377502,0.003142714500427246
300,L2.v,v,2,spectral,cols,1.9411113411188126,1.8922858834266663,-0.00016526877880096436,False,,4.205577528464909,14.974135793274678,40.217990535875835,0.9331076145172119,0.0031920671463012695
300,L2.v,v,2,spectral,spectral,1.9411113411188126,1.8921206146478653,0.0,False,,3.8762155661753486,18.46156444244848,338.1590730252138,0.2759067416191101,0.001245260238647461
300,L2.v,v,2,spectral,spectral_head,1.9411113411188126,1.8921755254268646,-5.491077899932861e-05,False,,4.448875647157385,20.877008120735294,254.31332986965856,0.4767419397830963,0.0017118453979492188
300,L2.v,v,2,spectral,normuon,1.9411113411188126,1.8921198546886444,7.599592208862305e-07,False,,3.8762155661753486,18.46156444244848,340.4633096032871,0.2759067416191101,0.0012422800064086914
300,L2.v,v,2,spectral,pw05,1.9411113411188126,1.8922730088233948,-0.00015239417552947998,False,,3.5392475267311276,13.71896535481351,75.37659412600601,0.5625053565541901,0.002630472183227539
300,L2.o,o,2,spectral,adam,1.9411113411188126,1.8919701427221298,0.00015047192573547363,True,-0.0013090819120407104,18.615462521757053,76.4798955399899,549.0910781866793,0.59559166431427,0.0016567707061767578
300,L2.o,o,2,spectral,sign,1.9411113411188126,1.8921804577112198,-5.984306335449219e-05,False,,18.615462521757053,76.4798955399899,169.81625340997115,0.59559166431427,0.0017540454864501953
300,L2.o,o,2,spectral,euclid,1.9411113411188126,1.8921640664339066,-4.3451786041259766e-05,False,,5.628897816442423,21.718775891936293,135.0863874803288,1.0000001192092896,0.002299666404724121
300,L2.o,o,2,spectral,rows,1.9411113411188126,1.892215073108673,-9.445846080780029e-05,False,,5.953707225977635,24.51528107602256,173.22864748041846,0.9620856046676636,0.0021865367889404297
300,L2.o,o,2,spectral,cols,1.9411113411188126,1.8922079056501389,-8.729100227355957e-05,False,,5.939248317340071,24.034794179772053,178.609159027985,0.9417478442192078,0.002166748046875
300,L2.o,o,2,spectral,spectral,1.9411113411188126,1.8921206146478653,0.0,False,,5.384883759180133,29.395442127587174,1478.5604415373,0.33056047558784485,0.0009279251098632812
300,L2.o,o,2,spectral,spectral_head,1.9411113411188126,1.892161801457405,-4.118680953979492e-05,False,,5.821510576620769,29.51801559879756,826.1697691138835,0.529168426990509,0.0013325214385986328
300,L2.o,o,2,spectral,normuon,1.9411113411188126,1.892118752002716,1.862645149230957e-06,False,,5.384883759180133,29.395442127587174,1474.7644185306058,0.33056047558784485,0.000929713249206543
300,L2.o,o,2,spectral,pw05,1.9411113411188126,1.8921746164560318,-5.4001808166503906e-05,False,,4.974329660623674,22.394018823072052,335.4082166102373,0.6140522706554747,0.0018712282180786133
300,L2.up,up,2,spectral,adam,1.9411113411188126,1.8932878524065018,-0.0011672377586364746,False,,24.568247544644375,110.20193937795213,419.81020102543,0.5502122044563293,0.005629777908325195
300,L2.up,up,2,spectral,sign,1.9411113411188126,1.8924885094165802,-0.0003678947687149048,False,,24.568247544644375,110.20193937795213,117.67576697613764,0.5502122044563293,0.0058335065841674805
300,L2.up,up,2,spectral,euclid,1.9411113411188126,1.8933343887329102,-0.0012137740850448608,False,,5.777510907197264,24.70903341066575,76.90608799813435,1.0000008344650269,0.007928252220153809
300,L2.up,up,2,spectral,rows,1.9411113411188126,1.8927671164274216,-0.0006465017795562744,False,,8.904773378465945,39.869483236409984,117.32177827469285,0.8733354806900024,0.0072247982025146484
300,L2.up,up,2,spectral,cols,1.9411113411188126,1.8932831436395645,-0.0011625289916992188,False,,6.032167180188457,26.373470835247772,93.01135268277493,0.9554033875465393,0.0077152252197265625
300,L2.up,up,2,spectral,spectral,1.9411113411188126,1.8921206146478653,0.0,False,,5.579555902229833,30.676752907687472,410.71360197175466,0.4765280783176422,0.00462031364440918
300,L2.up,up,2,spectral,normuon,1.9411113411188126,1.8920857608318329,3.485381603240967e-05,True,0.00019666552543640137,5.579555902229833,30.676752907687472,491.3653051349032,0.4765280783176422,0.004361152648925781
300,L2.up,up,2,spectral,pw05,1.9411113411188126,1.8928433060646057,-0.0007226914167404175,False,,5.111064535905583,24.49171308880337,155.35872619519336,0.6942853863613596,0.006935477256774902
300,L2.down,down,2,spectral,adam,1.9411113411188126,1.8930795043706894,-0.0009588897228240967,False,,36.604038342318354,159.90781402089488,815.3781918783371,0.5513516068458557,0.00402522087097168
300,L2.down,down,2,spectral,sign,1.9411113411188126,1.8928586691617966,-0.0007380545139312744,False,,36.604038342318354,159.90781402089488,231.6808947010956,0.5513516068458557,0.004464387893676758
300,L2.down,down,2,spectral,euclid,1.9411113411188126,1.893474668264389,-0.0013540536165237427,False,,7.6795416780034,31.389326369882138,167.6491275132153,1.0000011920928955,0.006215691566467285
300,L2.down,down,2,spectral,rows,1.9411113411188126,1.8933667838573456,-0.0012461692094802856,False,,8.098450476991706,33.698470266540255,180.2864605561757,0.974918782711029,0.006096959114074707
300,L2.down,down,2,spectral,cols,1.9411113411188126,1.893207922577858,-0.0010873079299926758,False,,11.658579168177253,51.204432687614826,238.35863388497637,0.8649353981018066,0.005591273307800293
300,L2.down,down,2,spectral,spectral,1.9411113411188126,1.8921206146478653,0.0,False,,7.443798024149281,39.902498794149935,766.9355791486041,0.4340984523296356,0.0033980607986450195
300,L2.down,down,2,spectral,normuon,1.9411113411188126,1.892119139432907,1.475214958190918e-06,True,-5.364418029785156e-07,7.443798024149281,39.902498794149935,768.5262114805337,0.4340984523296356,0.003401517868041992
300,L2.down,down,2,spectral,pw05,1.9411113411188126,1.892968013882637,-0.0008473992347717285,False,,6.825938236562748,31.402307109607374,307.3732938315356,0.6801904172668939,0.005357861518859863
300,L3.q,q,3,spectral,adam,1.9411113411188126,1.8915526121854782,0.000568002462387085,True,0.0003171265125274658,22.915860689087577,113.40073031348324,567.2799716942728,0.60011225938797,0.0010086297988891602
300,L3.q,q,3,spectral,sign,1.9411113411188126,1.8922101110219955,-8.949637413024902e-05,False,,22.915860689087577,113.40073031348324,186.74766392310357,0.60011225938797,0.0010350942611694336
300,L3.q,q,3,spectral,euclid,1.9411113411188126,1.8922042697668076,-8.365511894226074e-05,False,,6.412755852525752,31.34983072220996,153.47835791072467,0.9999992251396179,0.0013647079467773438
300,L3.q,q,3,spectral,rows,1.9411113411188126,1.8922507166862488,-0.0001301020383834839,False,,6.877856340590811,34.10236833318534,190.49159615466257,0.9455950856208801,0.0013087987899780273
300,L3.q,q,3,spectral,cols,1.9411113411188126,1.892305925488472,-0.00018531084060668945,False,,6.845503050335269,34.067217284594896,169.42086350580763,0.955493152141571,0.0013387203216552734
300,L3.q,q,3,spectral,spectral,1.9411113411188126,1.8921206146478653,0.0,False,,5.783873977725461,33.12163320913551,488.86370203605617,0.33412495255470276,0.0007423162460327148
300,L3.q,q,3,spectral,spectral_head,1.9411113411188126,1.8921492993831635,-2.8684735298156738e-05,False,,6.458052750434987,35.68133380549151,418.3209901974197,0.5359880924224854,0.0009363889694213867
300,L3.q,q,3,spectral,normuon,1.9411113411188126,1.8921225816011429,-1.9669532775878906e-06,False,,5.783873977725461,33.12163320913551,487.2331435756479,0.33412495255470276,0.0007424354553222656
300,L3.q,q,3,spectral,pw05,1.9411113411188126,1.8922529816627502,-0.00013236701488494873,False,,5.523735907852479,29.03051739945095,241.47437011719603,0.6148738728232459,0.001213669776916504
300,L3.k,k,3,spectral,adam,1.9411113411188126,1.8918139189481735,0.00030669569969177246,True,-0.0006446987390518188,22.211103243565248,109.83933866226135,635.4551038954756,0.5836983919143677,0.0009846687316894531
300,L3.k,k,3,spectral,sign,1.9411113411188126,1.891939401626587,0.00018121302127838135,False,,22.211103243565248,109.83933866226135,205.97423360559205,0.5836983919143677,0.0010663270950317383
300,L3.k,k,3,spectral,euclid,1.9411113411188126,1.8920099884271622,0.000110626220703125,False,,6.519783374142159,31.965013214075395,192.60750757881902,1.0,0.0013606548309326172
300,L3.k,k,3,spectral,rows,1.9411113411188126,1.8919426798820496,0.00017793476581573486,False,,6.812778068860292,33.77746195312364,209.19158945786066,0.9263812303543091,0.0013201236724853516
300,L3.k,k,3,spectral,cols,1.9411113411188126,1.8919330686330795,0.0001875460147857666,False,,6.826896297801597,33.59941416255926,201.98487415908656,0.9636387825012207,0.0013283491134643555
300,L3.k,k,3,spectral,spectral,1.9411113411188126,1.8921206146478653,0.0,False,,5.673956228140632,30.68135051239034,477.5727827509243,0.32384824752807617,0.0007238388061523438
300,L3.k,k,3,spectral,spectral_head,1.9411113411188126,1.8919564932584763,0.00016412138938903809,False,,6.2504754203307895,33.95132675348262,417.0379337617725,0.4975413382053375,0.0009330511093139648
300,L3.k,k,3,spectral,normuon,1.9411113411188126,1.8921124339103699,8.180737495422363e-06,False,,5.673956228140632,30.68135051239034,476.8375149951568,0.32384824752807617,0.0007246732711791992
300,L3.k,k,3,spectral,pw05,1.9411113411188126,1.8919670581817627,0.0001535564661026001,False,,5.53005525093582,28.086854581152167,256.45049117975844,0.6116743220769626,0.001203775405883789
300,L3.v,v,3,spectral,adam,1.9411113411188126,1.892383873462677,-0.00026325881481170654,False,,15.641959109945459,57.63717604419349,189.67793574363495,0.5794692635536194,0.0014781951904296875
300,L3.v,v,3,spectral,sign,1.9411113411188126,1.892247661948204,-0.00012704730033874512,False,,15.641959109945459,57.63717604419349,53.674335733195825,0.5794692635536194,0.001863718032836914
300,L3.v,v,3,spectral,euclid,1.9411113411188126,1.8924427181482315,-0.00032210350036621094,False,,5.241364194413683,18.19046092222748,37.29328641079996,1.0000007152557373,0.002588033676147461
300,L3.v,v,3,spectral,rows,1.9411113411188126,1.8923380672931671,-0.00021745264530181885,False,,5.790628659512719,21.081177602330545,51.14826443921738,0.9318658113479614,0.00237119197845459
300,L3.v,v,3,spectral,cols,1.9411113411188126,1.8923527896404266,-0.00023217499256134033,False,,5.57360083279499,20.525996812711906,53.965954354993514,0.9264422059059143,0.0023120641708374023
300,L3.v,v,3,spectral,spectral,1.9411113411188126,1.8921206146478653,0.0,False,,4.996289814646654,24.809580328189142,542.8146927660548,0.2803554832935333,0.0009142160415649414
300,L3.v,v,3,spectral,spectral_head,1.9411113411188126,1.8922676891088486,-0.00014707446098327637,False,,5.573833015556542,26.78446336924307,316.6310254535835,0.47789254784584045,0.001313328742980957
300,L3.v,v,3,spectral,normuon,1.9411113411188126,1.8921186178922653,1.996755599975586e-06,True,-8.940696716308594e-08,4.996289814646654,24.809580328189142,545.174711969594,0.2803554832935333,0.0009148120880126953
300,L3.v,v,3,spectral,pw05,1.9411113411188126,1.8923727422952652,-0.00025212764739990234,False,,4.650758174856683,18.569409756295375,102.52187813243914,0.5678502885814234,0.0019153356552124023
300,L3.o,o,3,spectral,adam,1.9411113411188126,1.8919733315706253,0.00014728307723999023,True,-0.0011395514011383057,23.09756482979563,95.00031855115634,868.5142285114138,0.6061311364173889,0.001131296157836914
300,L3.o,o,3,spectral,sign,1.9411113411188126,1.8920727521181107,4.786252975463867e-05,False,,23.09756482979563,95.00031855115634,254.64513659208095,0.6061311364173889,0.001293182373046875
300,L3.o,o,3,spectral,euclid,1.9411113411188126,1.8919875621795654,0.00013305246829986572,False,,7.301197902558733,28.521782390293453,192.52348169283647,1.0,0.0016827583312988281
300,L3.o,o,3,spectral,rows,1.9411113411188126,1.8920527249574661,6.788969039916992e-05,False,,7.8133690530684285,32.202887577937176,273.3357987115568,0.9638504981994629,0.0015717744827270508
300,L3.o,o,3,spectral,cols,1.9411113411188126,1.891998752951622,0.00012186169624328613,False,,7.866952997769076,32.31079375430891,251.1291467493528,0.9532764554023743,0.0015953779220581055
300,L3.o,o,3,spectral,spectral,1.9411113411188126,1.8921206146478653,0.0,False,,6.778764815451421,37.11837938387846,2708.001271182036,0.297286719083786,0.0006049871444702148
300,L3.o,o,3,spectral,spectral_head,1.9411113411188126,1.8920723795890808,4.823505878448486e-05,False,,7.706671957603953,40.09160762467083,1417.1173240429223,0.5354477763175964,0.0009298324584960938
300,L3.o,o,3,spectral,normuon,1.9411113411188126,1.8921186178922653,1.996755599975586e-06,False,,6.778764815451421,37.11837938387846,2709.0297655441304,0.297286719083786,0.0006058216094970703
300,L3.o,o,3,spectral,pw05,1.9411113411188126,1.892080470919609,4.0143728256225586e-05,False,,6.41876204503631,29.1211183603302,509.81359655405794,0.5936456256920987,0.0013186931610107422
300,L3.up,up,3,spectral,adam,1.9411113411188126,1.894378438591957,-0.002257823944091797,False,,31.304921239023482,143.01649693245972,494.2893023431453,0.5521827340126038,0.004802227020263672
300,L3.up,up,3,spectral,sign,1.9411113411188126,1.893722876906395,-0.001602262258529663,False,,31.304921239023482,143.01649693245972,156.79047540025354,0.5521827340126038,0.004990339279174805
300,L3.up,up,3,spectral,euclid,1.9411113411188126,1.8945486843585968,-0.0024280697107315063,False,,6.811699792708855,29.2479216117003,120.69418641143199,0.9999987483024597,0.0068242549896240234
300,L3.up,up,3,spectral,rows,1.9411113411188126,1.8944402635097504,-0.002319648861885071,False,,10.87679729950005,49.1723414398602,155.04594642737638,0.8859964609146118,0.006302237510681152
300,L3.up,up,3,spectral,cols,1.9411113411188126,1.8941942900419235,-0.0020736753940582275,False,,7.093326575366458,31.302575738309688,139.73045489438957,0.9551630020141602,0.006621599197387695
300,L3.up,up,3,spectral,spectral,1.9411113411188126,1.8921206146478653,0.0,False,,6.693010129416933,37.11756752959157,529.5208477320348,0.49241212010383606,0.003984332084655762
300,L3.up,up,3,spectral,normuon,1.9411113411188126,1.8920850306749344,3.55839729309082e-05,True,0.00015644729137420654,6.693010129416933,37.11756752959157,620.620747750439,0.49241212010383606,0.0037796497344970703
300,L3.up,up,3,spectral,pw05,1.9411113411188126,1.8934086859226227,-0.0012880712747573853,False,,6.099580551080925,29.415303042695584,220.96697116038337,0.7099803200619187,0.0059479475021362305
300,L3.down,down,3,spectral,adam,1.9411113411188126,1.8926579803228378,-0.0005373656749725342,False,,30.124613530582007,123.72933937750074,371.669246402076,0.5247904062271118,0.0042678117752075195
300,L3.down,down,3,spectral,sign,1.9411113411188126,1.89244344830513,-0.00032283365726470947,False,,30.124613530582007,123.72933937750074,107.08318931343655,0.5247904062271118,0.0049315690994262695
300,L3.down,down,3,spectral,euclid,1.9411113411188126,1.8937062323093414,-0.0015856176614761353,False,,6.980383271235523,26.514800504418414,76.69447786829112,1.000002384185791,0.00709080696105957
300,L3.down,down,3,spectral,rows,1.9411113411188126,1.8934886902570724,-0.0013680756092071533,False,,7.341020598189489,28.490962351229374,85.66609288636204,0.9544963240623474,0.006865143775939941
300,L3.down,down,3,spectral,cols,1.9411113411188126,1.8931246399879456,-0.0010040253400802612,False,,10.101076279663445,41.43831152026563,107.52772907511093,0.8317986130714417,0.006197452545166016
300,L3.down,down,3,spectral,spectral,1.9411113411188126,1.8921206146478653,0.0,True,0.0,5.156790106487127,25.467367956007337,350.2652461673842,0.2460402101278305,0.002885103225708008
300,L3.down,down,3,spectral,normuon,1.9411113411188126,1.8921229839324951,-2.3692846298217773e-06,False,,5.156790106487127,25.467367956007337,352.69374830629283,0.2460402101278305,0.0028924942016601562
300,L3.down,down,3,spectral,pw05,1.9411113411188126,1.8933068215847015,-0.0011862069368362427,False,,5.637334645887894,23.796289915372252,132.30412771152209,0.5625322276333227,0.006160378456115723
300,head,head,4,adam,adam,1.9411113411188126,1.8921206146478653,0.0,False,,0.7291053010003524,3.274032819176079,6.826413016319879,0.2976821605975811,0.007876873016357422
300,head,head,4,adam,sign,1.9411113411188126,1.8918534815311432,0.00026713311672210693,True,0.002574622631072998,0.7291053010003524,3.274032819176079,2.1510300779232465,0.2976821605975811,0.006475210189819336
300,head,head,4,adam,euclid,1.9411113411188126,1.8997261077165604,-0.007605493068695068,False,,0.3563270750294194,1.2271732459429692,0.9573658428257841,1.0000003576278687,0.009410381317138672
300,head,head,4,adam,rows,1.9411113411188126,1.8945003598928452,-0.0023797452449798584,False,,0.42206129516059987,1.8248178705445175,1.737915114533642,0.5577890836275541,0.008819580078125
300,head,head,4,adam,cols,1.9411113411188126,1.8988717645406723,-0.006751149892807007,False,,0.3847569058914805,1.3817532339914025,1.1566679392451775,0.8232542872428894,0.009208202362060547
300,head,head,4,adam,spectral,1.9411113411188126,1.8920107036828995,0.00010991096496582031,False,,0.6260886744842245,2.9423698374748626,4.583366214030797,0.3143297929030198,0.005614519119262695
500,embed,embed,-1,adam,adam,1.7282778322696686,1.7189302295446396,0.0,True,0.0,0.5823491861546384,7.933601100606563,57.9047255684769,0.37208119905911957,0.0012202262878417969
500,embed,embed,-1,adam,sign,1.7282778322696686,1.7190120071172714,-8.177757263183594e-05,False,,0.5823491861546384,7.933601100606563,22.00790523180648,0.37208119905911957,0.000850677490234375
500,embed,embed,-1,adam,euclid,1.7282778322696686,1.7198722809553146,-0.0009420514106750488,False,,0.2559780440072508,3.1162800285430596,11.749538303648498,1.0000001192092896,0.0014911890029907227
500,embed,embed,-1,adam,rows,1.7282778322696686,1.7193719148635864,-0.0004416853189468384,False,,0.3157667827367566,4.287694825609382,20.741941750395302,0.589892108623798,0.0010845661163330078
500,embed,embed,-1,adam,cols,1.7282778322696686,1.7194750159978867,-0.0005447864532470703,False,,0.30266426761669646,3.742355213481821,13.42129211132694,0.9470769166946411,0.0014314651489257812
500,embed,embed,-1,adam,spectral,1.7282778322696686,1.7193008810281754,-0.0003706514835357666,False,,0.4992962246767166,7.026667367946453,34.61631646712405,0.4557627751277043,0.0009369850158691406
500,pos,pos,-1,adam,adam,1.7282778322696686,1.7189302295446396,0.0,False,,1.124506323130919,21.264626708829006,86.24901146191792,0.5945324301719666,0.001978158950805664
500,pos,pos,-1,adam,sign,1.7282778322696686,1.718832865357399,9.736418724060059e-05,True,8.697807788848877e-05,1.124506323130919,21.264626708829006,30.194641251215945,0.5945324301719666,0.0013872385025024414
500,pos,pos,-1,adam,euclid,1.7282778322696686,1.7191558480262756,-0.00022561848163604736,False,,0.40769513713674593,7.037573035373561,23.612300899395237,1.000001072883606,0.001776576042175293
500,pos,pos,-1,adam,rows,1.7282778322696686,1.7189850360155106,-5.480647087097168e-05,False,,0.6542681106581444,12.381016788765203,29.289828102756363,0.9593052268028259,0.0017399787902832031
500,pos,pos,-1,adam,cols,1.7282778322696686,1.7190446257591248,-0.00011439621448516846,False,,0.4497685002673617,7.804395611166774,26.45143785596057,0.9592568278312683,0.0017430782318115234
500,pos,pos,-1,adam,spectral,1.7282778322696686,1.7188704907894135,5.9738755226135254e-05,False,,1.1537002388311695,22.127147668087176,53.90976916019867,0.5015478134155273,0.0012195110321044922
500,L0.q,q,0,spectral,adam,1.7282778322696686,1.7190604954957962,-0.0001302659511566162,False,,2.060639934090595,31.910773859323076,217.46940419485915,0.562421441078186,0.0009762048721313477
500,L0.q,q,0,spectral,sign,1.7282778322696686,1.7190938889980316,-0.0001636594533920288,False,,2.060639934090595,31.910773859323076,74.68005577260253,0.562421441078186,0.0008908510208129883
500,L0.q,q,0,spectral,euclid,1.7282778322696686,1.7192578166723251,-0.0003275871276855469,False,,0.7187858149709235,10.676857778382619,72.82317079490763,1.0000003576278687,0.001195073127746582
500,L0.q,q,0,spectral,rows,1.7282778322696686,1.7192086577415466,-0.00027842819690704346,False,,0.7174751498107927,11.088408004211644,76.96755670385096,0.8709205985069275,0.0011227130889892578
500,L0.q,q,0,spectral,cols,1.7282778322696686,1.7192448526620865,-0.0003146231174468994,False,,0.7719972240394084,11.60109986643227,74.94922167425075,0.9775242805480957,0.0011731386184692383
500,L0.q,q,0,spectral,spectral,1.7282778322696686,1.7189302295446396,0.0,True,0.0,0.5482070371156789,9.463183968499196,139.58227417434003,0.3218289613723755,0.0006887912750244141
500,L0.q,q,0,spectral,spectral_head,1.7282778322696686,1.7190585732460022,-0.00012834370136260986,False,,0.6559324988655536,11.081713786928502,121.01467509641896,0.5622122287750244,0.0008851289749145508
500,L0.q,q,0,spectral,normuon,1.7282778322696686,1.7189314812421799,-1.2516975402832031e-06,False,,0.5482070371156789,9.463183968499196,143.41182615237489,0.3218289613723755,0.0006835460662841797
500,L0.q,q,0,spectral,pw05,1.7282778322696686,1.7191649079322815,-0.00023467838764190674,False,,0.5750012357082306,9.114310062697385,89.09344797521376,0.6199566699042236,0.0011072158813476562
500,L0.k,k,0,spectral,adam,1.7282778322696686,1.7196991294622421,-0.0007688999176025391,False,,1.3657652849854955,20.08851928229549,41.12789789981123,0.5544425845146179,0.0015398263931274414
500,L0.k,k,0,spectral,sign,1.7282778322696686,1.7191916704177856,-0.00026144087314605713,False,,1.3657652849854955,20.08851928229549,13.991693485725067,0.5544425845146179,0.001496434211730957
500,L0.k,k,0,spectral,euclid,1.7282778322696686,1.7201288789510727,-0.0011986494064331055,False,,0.43984477166256775,6.395891810183652,9.223076885593063,0.9999992847442627,0.0021953582763671875
500,L0.k,k,0,spectral,rows,1.7282778322696686,1.719643458724022,-0.0007132291793823242,False,,0.4668353708264216,6.9047468059678785,14.40144005576211,0.871265172958374,0.0018727779388427734
500,L0.k,k,0,spectral,cols,1.7282778322696686,1.719806432723999,-0.000876203179359436,False,,0.47429106683429995,6.874963027756448,11.513365786398781,0.9635134339332581,0.0020961761474609375
500,L0.k,k,0,spectral,spectral,1.7282778322696686,1.7189302295446396,0.0,False,,0.3620139252798923,6.026866642654166,58.89836437798822,0.28077763319015503,0.0009511709213256836
500,L0.k,k,0,spectral,spectral_head,1.7282778322696686,1.7191096395254135,-0.00017940998077392578,False,,0.41384480294918147,6.898040327041639,50.16071762528058,0.4644578695297241,0.0012170076370239258
500,L0.k,k,0,spectral,normuon,1.7282778322696686,1.718928024172783,2.205371856689453e-06,True,5.200505256652832e-06,0.3620139252798923,6.026866642654166,61.085949296890476,0.28077763319015503,0.0009423494338989258
500,L0.k,k,0,spectral,pw05,1.7282778322696686,1.7192434072494507,-0.0003131777048110962,False,,0.3684652306181215,5.621562996272392,19.848568277588793,0.5791254501553039,0.0018361806869506836
500,L0.v,v,0,spectral,adam,1.7282778322696686,1.7204071581363678,-0.0014769285917282104,False,,0.6952520321595966,9.637774059993808,18.347980527888442,0.590829610824585,0.0031586885452270508
500,L0.v,v,0,spectral,sign,1.7282778322696686,1.7208258360624313,-0.001895606517791748,False,,0.6952520321595966,9.637774059993808,6.525474339772331,0.590829610824585,0.003056168556213379
500,L0.v,v,0,spectral,euclid,1.7282778322696686,1.72157621383667,-0.0026459842920303345,False,,0.2242908176709768,3.067564140189127,6.575426227476313,1.0000009536743164,0.00391232967376709
500,L0.v,v,0,spectral,rows,1.7282778322696686,1.7213823348283768,-0.0024521052837371826,False,,0.2331740321095544,3.259567750513998,6.3701022386957,0.9209261536598206,0.0037790536880493164
500,L0.v,v,0,spectral,cols,1.7282778322696686,1.7214856147766113,-0.0025553852319717407,False,,0.24046850768391073,3.338013504073789,7.235282732847047,0.9739163517951965,0.003854036331176758
500,L0.v,v,0,spectral,spectral,1.7282778322696686,1.7189302295446396,0.0,False,,0.17963821654980056,3.029128225475426,20.51482996679046,0.3080940544605255,0.002154827117919922
500,L0.v,v,0,spectral,spectral_head,1.7282778322696686,1.7198476195335388,-0.000917389988899231,False,,0.2105059552215517,3.43077589635558,16.811152503598684,0.5512147545814514,0.002817392349243164
500,L0.v,v,0,spectral,normuon,1.7282778322696686,1.71890427172184,2.5957822799682617e-05,True,1.8298625946044922e-05,0.17963821654980056,3.029128225475426,21.204953755251076,0.3080940544605255,0.0021399259567260742
500,L0.v,v,0,spectral,pw05,1.7282778322696686,1.7209489792585373,-0.002018749713897705,False,,0.18546263111177497,2.7905841123001345,10.203225615174174,0.6123659685151969,0.003592371940612793
500,L0.o,o,0,spectral,adam,1.7282778322696686,1.7196338027715683,-0.0007035732269287109,False,,0.5264242400656812,6.535280590865417,15.979105861901544,0.5514130592346191,0.0033617019653320312
500,L0.o,o,0,spectral,sign,1.7282778322696686,1.7195729613304138,-0.000642731785774231,False,,0.5264242400656812,6.535280590865417,5.354470984633635,0.5514130592346191,0.0032868385314941406
500,L0.o,o,0,spectral,euclid,1.7282778322696686,1.7209625542163849,-0.0020323246717453003,False,,0.1983479338642673,2.388217619504773,4.398063888374054,1.0000011920928955,0.004306793212890625
500,L0.o,o,0,spectral,rows,1.7282778322696686,1.720932587981224,-0.0020023584365844727,False,,0.20919060640471102,2.561590655632594,4.724446770416025,0.9688498377799988,0.004250049591064453
500,L0.o,o,0,spectral,cols,1.7282778322696686,1.7204760313034058,-0.0015458017587661743,False,,0.1986829903236955,2.460447890015736,5.516196964877339,0.8641952872276306,0.004056215286254883
500,L0.o,o,0,spectral,spectral,1.7282778322696686,1.7189302295446396,0.0,False,,0.15399792536869497,2.4181359192154837,14.548006727508797,0.3072132170200348,0.002344369888305664
500,L0.o,o,0,spectral,spectral_head,1.7282778322696686,1.7196145504713058,-0.0006843209266662598,False,,0.17282029780439997,2.5457280836380134,13.482959065185094,0.4950786530971527,0.0028717517852783203
500,L0.o,o,0,spectral,normuon,1.7282778322696686,1.7189232558012009,6.973743438720703e-06,True,2.8312206268310547e-06,0.15399792536869497,2.4181359192154837,14.569260706633537,0.3072132170200348,0.00234377384185791
500,L0.o,o,0,spectral,pw05,1.7282778322696686,1.7206974178552628,-0.001767188310623169,False,,0.16036280570009673,2.168422245210681,7.007357497309026,0.6072823198859368,0.003960251808166504
500,L0.up,up,0,spectral,adam,1.7282778322696686,1.7197389006614685,-0.0008086711168289185,False,,2.5046912789782443,35.26183012177458,86.5671012571866,0.5817590355873108,0.004203081130981445
500,L0.up,up,0,spectral,sign,1.7282778322696686,1.719825729727745,-0.0008955001831054688,False,,2.5046912789782443,35.26183012177458,27.73897477036594,0.5817590355873108,0.003934979438781738
500,L0.up,up,0,spectral,euclid,1.7282778322696686,1.720586895942688,-0.0016566663980484009,False,,0.6493897895975463,8.612333723716235,21.314565377081994,1.0000016689300537,0.005135536193847656
500,L0.up,up,0,spectral,rows,1.7282778322696686,1.7203564494848251,-0.0014262199401855469,False,,0.8852966653134343,12.468204921397959,27.887868163199673,0.913240909576416,0.004888296127319336
500,L0.up,up,0,spectral,cols,1.7282778322696686,1.7205528765916824,-0.0016226470470428467,False,,0.6769023719782075,9.127534931454553,23.204333718260383,0.9751808643341064,0.0050678253173828125
500,L0.up,up,0,spectral,spectral,1.7282778322696686,1.7189302295446396,0.0,False,,0.5749031117633987,9.540753692710805,64.72658642478171,0.4082392454147339,0.0031484365463256836
500,L0.up,up,0,spectral,normuon,1.7282778322696686,1.7188544273376465,7.580220699310303e-05,True,7.048249244689941e-05,0.5749031117633987,9.540753692710805,71.994960288004,0.4082392454147339,0.0030596256256103516
500,L0.up,up,0,spectral,pw05,1.7282778322696686,1.7200685888528824,-0.0011383593082427979,False,,0.5516039861923929,8.09316346352669,33.318240268789395,0.6693170445575772,0.004675626754760742
500,L0.down,down,0,spectral,adam,1.7282778322696686,1.7200793623924255,-0.0011491328477859497,False,,2.8637661179073044,36.41572302183055,123.20031157386161,0.5675608515739441,0.0032830238342285156
500,L0.down,down,0,spectral,sign,1.7282778322696686,1.719656080007553,-0.0007258504629135132,False,,2.8637661179073044,36.41572302183055,44.28668056553381,0.5675608515739441,0.0031203031539916992
500,L0.down,down,0,spectral,euclid,1.7282778322696686,1.7205087095499039,-0.0015784800052642822,False,,0.8018389818724996,9.601445183100324,36.19399333692233,1.0000007152557373,0.004181623458862305
500,L0.down,down,0,spectral,rows,1.7282778322696686,1.720456376671791,-0.0015261471271514893,False,,0.8290741747780241,10.266329089326073,39.55111206037112,0.9802087545394897,0.004119277000427246
500,L0.down,down,0,spectral,cols,1.7282778322696686,1.7202478051185608,-0.0013175755739212036,False,,1.120424437685299,14.217556951836675,43.261931300626074,0.8902488946914673,0.0038814544677734375
500,L0.down,down,0,spectral,spectral,1.7282778322696686,1.7189302295446396,0.0,False,,0.7680434232588045,12.762142287351336,112.1919371957864,0.5177661180496216,0.0027960538864135742
500,L0.down,down,0,spectral,normuon,1.7282778322696686,1.7189232409000397,6.988644599914551e-06,True,-3.769993782043457e-06,0.7680434232588045,12.762142287351336,113.14499076889116,0.5177661180496216,0.0027959346771240234
500,L0.down,down,0,spectral,pw05,1.7282778322696686,1.719890981912613,-0.0009607523679733276,False,,0.7191027293248293,10.080723814347385,58.48344784064468,0.7284936893441636,0.0037994384765625
500,L1.q,q,1,spectral,adam,1.7282778322696686,1.719033658504486,-0.00010342895984649658,False,,4.262640205553379,60.76018635873302,273.6150765061505,0.5667261481285095,0.0005335807800292969
500,L1.q,q,1,spectral,sign,1.7282778322696686,1.7189557701349258,-2.5540590286254883e-05,False,,4.262640205553379,60.76018635873302,96.90275567160161,0.5667261481285095,0.0004334449768066406
500,L1.q,q,1,spectral,euclid,1.7282778322696686,1.7189257144927979,4.51505184173584e-06,False,,1.435552705805518,19.454434904976043,74.30331707468302,1.0,0.0005878210067749023
500,L1.q,q,1,spectral,rows,1.7282778322696686,1.718968316912651,-3.808736801147461e-05,False,,1.4397497114413118,20.19811623268045,94.4191364628168,0.9043800830841064,0.0005537271499633789
500,L1.q,q,1,spectral,cols,1.7282778322696686,1.7189548164606094,-2.4586915969848633e-05,False,,1.4275481274137947,20.055627659228662,90.12159979154039,0.9043513536453247,0.0005666017532348633
500,L1.q,q,1,spectral,spectral,1.7282778322696686,1.7189302295446396,0.0,False,,0.9463278289798067,16.139616370897617,256.42001639668615,0.264530748128891,0.00032150745391845703
500,L1.q,q,1,spectral,spectral_head,1.7282778322696686,1.718900427222252,2.9802322387695312e-05,False,,1.1293363050373015,18.50346984893149,211.84087458457492,0.45096996426582336,0.00040793418884277344
500,L1.q,q,1,spectral,normuon,1.7282778322696686,1.7189303040504456,-7.450580596923828e-08,False,,0.9463278289798067,16.139616370897617,260.1808376608006,0.264530748128891,0.0003209114074707031
500,L1.q,q,1,spectral,pw05,1.7282778322696686,1.7188998758792877,3.0353665351867676e-05,True,3.0800700187683105e-05,1.0546944342050713,15.879406688742863,124.08764146092575,0.5430375908803625,0.0005354881286621094
500,L1.k,k,1,spectral,adam,1.7282778322696686,1.7193997949361801,-0.00046956539154052734,False,,3.80702760227251,49.209037109103946,172.76372873569383,0.5475288033485413,0.0005676746368408203
500,L1.k,k,1,spectral,sign,1.7282778322696686,1.7191602140665054,-0.00022998452186584473,False,,3.80702760227251,49.209037109103946,63.24015522890458,0.5475288033485413,0.0004856586456298828
500,L1.k,k,1,spectral,euclid,1.7282778322696686,1.7194665670394897,-0.0005363374948501587,False,,1.2421463944786015,14.797363558760203,46.27581222996014,1.0000004768371582,0.0006289482116699219
500,L1.k,k,1,spectral,rows,1.7282778322696686,1.7193289548158646,-0.0003987252712249756,False,,1.235146375448005,15.874534532780554,61.88354902125642,0.8704496026039124,0.0006117820739746094
500,L1.k,k,1,spectral,cols,1.7282778322696686,1.71937096118927,-0.00044073164463043213,False,,1.2828571737712682,15.723923346713724,52.45021817537982,0.9313282370567322,0.0006057024002075195
500,L1.k,k,1,spectral,spectral,1.7282778322696686,1.7189302295446396,0.0,False,,0.810630513166885,12.650540797093267,162.13341405398376,0.24970294535160065,0.0003396272659301758
500,L1.k,k,1,spectral,spectral_head,1.7282778322696686,1.719004139304161,-7.390975952148438e-05,False,,0.8974197232872969,14.082669412252763,152.72812149663557,0.3779824376106262,0.00042808055877685547
500,L1.k,k,1,spectral,normuon,1.7282778322696686,1.7189300507307053,1.7881393432617188e-07,True,-7.152557373046875e-07,0.810630513166885,12.650540797093267,162.6775934984464,0.24970294535160065,0.000339508056640625
500,L1.k,k,1,spectral,pw05,1.7282778322696686,1.719228595495224,-0.0002983659505844116,False,,0.9229437501330072,12.407683701879446,74.00040410658626,0.5398844968237062,0.0005811452865600586
500,L1.v,v,1,spectral,adam,1.7282778322696686,1.719082236289978,-0.00015200674533843994,False,,2.021334754058646,22.844119757826128,111.84998158300046,0.5322552919387817,0.0008912086486816406
500,L1.v,v,1,spectral,sign,1.7282778322696686,1.7188327759504318,9.745359420776367e-05,True,6.246566772460938e-05,2.021334754058646,22.844119757826128,35.490286034138904,0.5322552919387817,0.0008952617645263672
500,L1.v,v,1,spectral,euclid,1.7282778322696686,1.7189935594797134,-6.332993507385254e-05,False,,0.6364344489234744,6.664616720708992,25.993172412886025,0.9999989867210388,0.0012415647506713867
500,L1.v,v,1,spectral,rows,1.7282778322696686,1.7188592553138733,7.097423076629639e-05,False,,0.6566680021437165,7.4030992581912045,33.2514016895422,0.8672947883605957,0.0011391639709472656
500,L1.v,v,1,spectral,cols,1.7282778322696686,1.7189977169036865,-6.748735904693604e-05,False,,0.6580986271009424,7.306836413800604,35.362304355702555,0.8441371321678162,0.0011265277862548828
500,L1.v,v,1,spectral,spectral,1.7282778322696686,1.7189302295446396,0.0,False,,0.48987839464252236,7.477830341807002,196.3493122909875,0.20005857944488525,0.00047957897186279297
500,L1.v,v,1,spectral,spectral_head,1.7282778322696686,1.71893772482872,-7.495284080505371e-06,False,,0.5768747074429857,8.60910110481282,128.3525632272357,0.3782337009906769,0.0007102489471435547
500,L1.v,v,1,spectral,normuon,1.7282778322696686,1.7189297527074814,4.76837158203125e-07,False,,0.48987839464252236,7.477830341807002,198.19732784808696,0.20005857944488525,0.0004792213439941406
500,L1.v,v,1,spectral,pw05,1.7282778322696686,1.7189288884401321,1.341104507446289e-06,False,,0.49623031177934945,5.989470513474389,54.32350068390945,0.46675835577422514,0.0009897947311401367
500,L1.o,o,1,spectral,adam,1.7282778322696686,1.7189549803733826,-2.4750828742980957e-05,False,,3.7294954633732464,57.10322504841368,1022.8625035883169,0.6159447431564331,0.0006911754608154297
500,L1.o,o,1,spectral,sign,1.7282778322696686,1.7189608961343765,-3.0666589736938477e-05,False,,3.7294954633732464,57.10322504841368,351.25270570818935,0.6159447431564331,0.0006356239318847656
500,L1.o,o,1,spectral,euclid,1.7282778322696686,1.718999370932579,-6.914138793945312e-05,False,,1.126276212019851,16.474456577965874,317.2721692126758,0.9999995231628418,0.0008133649826049805
500,L1.o,o,1,spectral,rows,1.7282778322696686,1.7189992368221283,-6.90072774887085e-05,False,,1.194395552369367,18.278199303302188,336.49249551871713,0.9752236008644104,0.0008020401000976562
500,L1.o,o,1,spectral,cols,1.7282778322696686,1.7190012037754059,-7.097423076629639e-05,False,,1.191382872356692,18.017955676188063,343.98025955985923,0.96728515625,0.0007917881011962891
500,L1.o,o,1,spectral,spectral,1.7282778322696686,1.7189302295446396,0.0,True,0.0,1.0646486651911318,19.67041055259683,896.4580414560672,0.3979547619819641,0.00045621395111083984
500,L1.o,o,1,spectral,spectral_head,1.7282778322696686,1.7189719080924988,-4.1678547859191895e-05,False,,1.1662824509150473,20.561031929094387,707.0936240112867,0.6097583770751953,0.0005818605422973633
500,L1.o,o,1,spectral,normuon,1.7282778322696686,1.7189310491085052,-8.195638656616211e-07,False,,1.0646486651911318,19.67041055259683,895.150984193676,0.3979547619819641,0.00045680999755859375
500,L1.o,o,1,spectral,pw05,1.7282778322696686,1.7189788818359375,-4.86522912979126e-05,False,,0.9908054543133227,16.334609437691128,464.2405188305669,0.6666923835183679,0.0007202625274658203
500,L1.up,up,1,spectral,adam,1.7282778322696686,1.7195310145616531,-0.0006007850170135498,False,,4.155669691327615,62.37648389394319,209.93569183762503,0.5518912076950073,0.0026869773864746094
500,L1.up,up,1,spectral,sign,1.7282778322696686,1.7193835377693176,-0.00045330822467803955,False,,4.155669691327615,62.37648389394319,65.61179966561035,0.5518912076950073,0.0025235414505004883
500,L1.up,up,1,spectral,euclid,1.7282778322696686,1.720021516084671,-0.001091286540031433,False,,0.9968669382595435,14.06272893040099,51.3844334830959,1.000001072883606,0.0034704208374023438
500,L1.up,up,1,spectral,rows,1.7282778322696686,1.7197109460830688,-0.0007807165384292603,False,,1.4988347925212968,22.434885444341077,65.74153087122538,0.8823660016059875,0.0031621456146240234
500,L1.up,up,1,spectral,cols,1.7282778322696686,1.7198783457279205,-0.0009481161832809448,False,,1.020675607948821,14.81772315774776,58.893376562529205,0.9348482489585876,0.003345966339111328
500,L1.up,up,1,spectral,spectral,1.7282778322696686,1.7189302295446396,0.0,False,,0.9122850997774071,16.08896971853879,187.90895511020238,0.4409322738647461,0.0020568370819091797
500,L1.up,up,1,spectral,normuon,1.7282778322696686,1.7189275026321411,2.726912498474121e-06,True,3.701448440551758e-05,0.9122850997774071,16.08896971853879,216.20575186135696,0.4409322738647461,0.0019599199295043945
500,L1.up,up,1,spectral,pw05,1.7282778322696686,1.7194944620132446,-0.0005642324686050415,False,,0.8612411933402958,13.503457514302195,86.7153401079082,0.6627881765684253,0.0030330419540405273
500,L1.down,down,1,spectral,adam,1.7282778322696686,1.7192725837230682,-0.0003423541784286499,False,,7.523200939447802,109.80140029012486,677.088586384487,0.5442917943000793,0.001634359359741211
500,L1.down,down,1,spectral,sign,1.7282778322696686,1.7192984521389008,-0.00036822259426116943,False,,7.523200939447802,109.80140029012486,217.58507656547545,0.5442917943000793,0.0015339851379394531
500,L1.down,down,1,spectral,euclid,1.7282778322696686,1.7197154015302658,-0.0007851719856262207,False,,1.6378346420923529,22.091361011766057,165.5656254500237,1.0000015497207642,0.0021060705184936523
500,L1.down,down,1,spectral,rows,1.7282778322696686,1.7196367681026459,-0.0007065385580062866,False,,1.7105827947805887,23.63914385305589,182.1095314087855,0.9824923872947693,0.002085447311401367
500,L1.down,down,1,spectral,cols,1.7282778322696686,1.7195210307836533,-0.0005908012390136719,False,,2.331204709362358,33.919702153379575,217.7575516655141,0.8585420846939087,0.0019252300262451172
500,L1.down,down,1,spectral,spectral,1.7282778322696686,1.7189302295446396,0.0,False,,1.5862432495973722,27.60919861846795,486.76516345473294,0.5488635301589966,0.0014569759368896484
500,L1.down,down,1,spectral,normuon,1.7282778322696686,1.7189301401376724,8.940696716308594e-08,True,-1.2069940567016602e-06,1.5862432495973722,27.60919861846795,492.16926967114796,0.5488635301589966,0.0014575719833374023
500,L1.down,down,1,spectral,pw05,1.7282778322696686,1.7194173634052277,-0.00048713386058807373,False,,1.46956443866752,22.504924639838503,259.10265434799214,0.7503772501868308,0.0019421577453613281
500,L2.q,q,2,spectral,adam,1.7282778322696686,1.719189316034317,-0.0002590864896774292,False,,4.287836976819147,59.93879368736156,301.2806760894318,0.593585193157196,0.0005651712417602539
500,L2.q,q,2,spectral,sign,1.7282778322696686,1.7192530930042267,-0.00032286345958709717,False,,4.287836976819147,59.93879368736156,106.65751700501157,0.593585193157196,0.0005143880844116211
500,L2.q,q,2,spectral,euclid,1.7282778322696686,1.7193120867013931,-0.00038185715675354004,False,,1.3839226117612222,18.751324876627077,94.49303891224395,0.9999998807907104,0.0006636381149291992
500,L2.q,q,2,spectral,rows,1.7282778322696686,1.7193309366703033,-0.0004007071256637573,False,,1.4306692640809033,19.973710065961438,107.17210000992603,0.9357715845108032,0.0006421804428100586
500,L2.q,q,2,spectral,cols,1.7282778322696686,1.7192830443382263,-0.00035281479358673096,False,,1.4517160761168801,20.07032524577383,105.18855630172737,0.9509381651878357,0.0006393194198608398
500,L2.q,q,2,spectral,spectral,1.7282778322696686,1.7189302295446396,0.0,True,0.0,1.1319320739126888,18.376197481506768,338.969936314123,0.32889875769615173,0.0003399848937988281
500,L2.q,q,2,spectral,spectral_head,1.7282778322696686,1.7190130352973938,-8.280575275421143e-05,False,,1.258654939576621,19.803734419496795,276.979360074472,0.5212010741233826,0.0004366636276245117
500,L2.q,q,2,spectral,normuon,1.7282778322696686,1.7189302295446396,0.0,False,,1.1319320739126888,18.376197481506768,339.3159059474137,0.32889875769615173,0.0003399848937988281
500,L2.q,q,2,spectral,pw05,1.7282778322696686,1.719147726893425,-0.0002174973487854004,False,,1.1269969439350447,16.605918060512572,147.95351963441985,0.6040220726704159,0.0005886554718017578
500,L2.k,k,2,spectral,adam,1.7282778322696686,1.7195568531751633,-0.0006266236305236816,False,,3.200938644448831,36.89165152872989,143.93419693895092,0.5296593904495239,0.0005861520767211914
500,L2.k,k,2,spectral,sign,1.7282778322696686,1.719386488199234,-0.0004562586545944214,False,,3.200938644448831,36.89165152872989,40.237920885335164,0.5296593904495239,0.0005303621292114258
500,L2.k,k,2,spectral,euclid,1.7282778322696686,1.7196944802999496,-0.0007642507553100586,False,,1.160159262959927,12.749583158059593,17.558880505929338,0.9999998211860657,0.0006834268569946289
500,L2.k,k,2,spectral,rows,1.7282778322696686,1.7196430265903473,-0.0007127970457077026,False,,1.1289219575132254,13.089123935666672,40.5998133903908,0.833547830581665,0.0006697177886962891
500,L2.k,k,2,spectral,cols,1.7282778322696686,1.719578742980957,-0.0006485134363174438,False,,1.1943806819213305,13.422398174621481,22.41257949078558,0.9250882863998413,0.0006737709045410156
500,L2.k,k,2,spectral,spectral,1.7282778322696686,1.7189302295446396,0.0,False,,0.7686015208437843,10.928765723423904,144.6443093592097,0.24578607082366943,0.0003838539123535156
500,L2.k,k,2,spectral,spectral_head,1.7282778322696686,1.7190520018339157,-0.00012177228927612305,False,,0.8296243841854177,11.86167087492605,122.81099338448527,0.35559698939323425,0.0004709959030151367
500,L2.k,k,2,spectral,normuon,1.7282778322696686,1.7189294248819351,8.046627044677734e-07,True,-1.3262033462524414e-06,0.7686015208437843,10.928765723423904,143.41073175694666,0.24578607082366943,0.00038421154022216797
500,L2.k,k,2,spectral,pw05,1.7282778322696686,1.7193637937307358,-0.0004335641860961914,False,,0.8512260070143355,10.442313817469687,43.825756594855086,0.5237401821712464,0.0006505250930786133
500,L2.v,v,2,spectral,adam,1.7282778322696686,1.7193357199430466,-0.0004054903984069824,False,,3.1942223241298477,28.719191868226176,165.9614545469126,0.5692191123962402,0.0006254911422729492
500,L2.v,v,2,spectral,sign,1.7282778322696686,1.7192964255809784,-0.00036619603633880615,False,,3.1942223241298477,28.719191868226176,50.003333466396796,0.5692191123962402,0.0006110668182373047
500,L2.v,v,2,spectral,euclid,1.7282778322696686,1.7193350195884705,-0.0004047900438308716,False,,0.8967778581678097,7.216314620770497,37.8944824416883,1.0000007152557373,0.0008605718612670898
500,L2.v,v,2,spectral,rows,1.7282778322696686,1.7193467319011688,-0.00041650235652923584,False,,0.94156245982314,8.480489113551036,49.826581708483324,0.9120782613754272,0.0007741451263427734
500,L2.v,v,2,spectral,cols,1.7282778322696686,1.7193534672260284,-0.000423237681388855,False,,0.9141732377873767,7.819100797626585,48.64645283038372,0.8835408091545105,0.0008052587509155273
500,L2.v,v,2,spectral,spectral,1.7282778322696686,1.7189302295446396,0.0,True,0.0,0.6800026591433392,9.047591448403486,296.6946597015987,0.22845304012298584,0.0003858804702758789
500,L2.v,v,2,spectral,spectral_head,1.7282778322696686,1.7190766334533691,-0.00014640390872955322,False,,0.7709440404849864,10.096019747369596,222.3434953826511,0.3934575021266937,0.000513911247253418
500,L2.v,v,2,spectral,normuon,1.7282778322696686,1.7189309895038605,-7.599592208862305e-07,False,,0.6800026591433392,9.047591448403486,295.8666968850898,0.22845304012298584,0.0003859996795654297
500,L2.v,v,2,spectral,pw05,1.7282778322696686,1.7192541360855103,-0.0003239065408706665,False,,0.7030393365940429,6.832828119181418,83.92303345627845,0.500899954141577,0.0007100105285644531
500,L2.o,o,2,spectral,adam,1.7282778322696686,1.7189940214157104,-6.379187107086182e-05,False,,3.884697900004528,48.222211664918476,882.2337357354482,0.6030009388923645,0.0005555152893066406
500,L2.o,o,2,spectral,sign,1.7282778322696686,1.719001829624176,-7.160007953643799e-05,False,,3.884697900004528,48.222211664918476,302.5388723538038,0.6030009388923645,0.0005273818969726562
500,L2.o,o,2,spectral,euclid,1.7282778322696686,1.7190261632204056,-9.593367576599121e-05,False,,1.3196089650968046,15.389080012152265,238.43652923137788,0.9999997615814209,0.0006895065307617188
500,L2.o,o,2,spectral,rows,1.7282778322696686,1.7189958691596985,-6.563961505889893e-05,False,,1.3882357888292132,17.1698724318222,290.53658564672475,0.9646157026290894,0.0006636381149291992
500,L2.o,o,2,spectral,cols,1.7282778322696686,1.719062089920044,-0.0001318603754043579,False,,1.3881962658151323,17.353499082454785,312.05400282408306,0.9430303573608398,0.0006576776504516602
500,L2.o,o,2,spectral,spectral,1.7282778322696686,1.7189302295446396,0.0,False,,1.1665164077660326,20.010542361374394,1261.3033014566743,0.3494199216365814,0.00034999847412109375
500,L2.o,o,2,spectral,spectral_head,1.7282778322696686,1.7189695686101913,-3.933906555175781e-05,False,,1.273355196476097,20.67750647813059,877.7311455235136,0.5464603304862976,0.0004627704620361328
500,L2.o,o,2,spectral,normuon,1.7282778322696686,1.7189297825098038,4.470348358154297e-07,True,6.705522537231445e-07,1.1665164077660326,20.010542361374394,1263.6251732110873,0.3494199216365814,0.00035011768341064453
500,L2.o,o,2,spectral,pw05,1.7282778322696686,1.7190093100070953,-7.908046245574951e-05,False,,1.1208668050815436,15.803067852200511,487.97698753335004,0.6251995107540484,0.0005941390991210938
500,L2.up,up,2,spectral,adam,1.7282778322696686,1.719723105430603,-0.0007928758859634399,False,,5.614022902489606,88.1545659465544,325.71988729110143,0.55705726146698,0.0021293163299560547
500,L2.up,up,2,spectral,sign,1.7282778322696686,1.7193330228328705,-0.000402793288230896,False,,5.614022902489606,88.1545659465544,98.31567398041328,0.55705726146698,0.0019860267639160156
500,L2.up,up,2,spectral,euclid,1.7282778322696686,1.7198173701763153,-0.0008871406316757202,False,,1.2411760877016178,18.433723031391224,79.06736626281402,1.0000017881393433,0.0026946067810058594
500,L2.up,up,2,spectral,rows,1.7282778322696686,1.7196102887392044,-0.0006800591945648193,False,,1.7599490369542998,27.627046386232998,99.33394461694806,0.8859940767288208,0.002496957778930664
500,L2.up,up,2,spectral,cols,1.7282778322696686,1.7196629494428635,-0.000732719898223877,False,,1.27640055188301,19.45296721365803,89.04049440183748,0.9482343792915344,0.0026328563690185547
500,L2.up,up,2,spectral,spectral,1.7282778322696686,1.7189302295446396,0.0,False,,1.1665400675046904,21.62707947751803,292.2306397521478,0.49231070280075073,0.0017319917678833008
500,L2.up,up,2,spectral,normuon,1.7282778322696686,1.7189075201749802,2.2709369659423828e-05,True,4.6446919441223145e-05,1.1665400675046904,21.62707947751803,334.74799875172783,0.49231070280075073,0.001652836799621582
500,L2.up,up,2,spectral,pw05,1.7282778322696686,1.719367355108261,-0.000437125563621521,False,,1.0870338024915822,18.05120206585623,135.53853778996822,0.6978587194953646,0.0024210214614868164
500,L2.down,down,2,spectral,adam,1.7282778322696686,1.718907192349434,2.3037195205688477e-05,True,-0.00010262429714202881,6.735056760180669,100.53452474135638,592.8429905549878,0.5516477227210999,0.0014717578887939453
500,L2.down,down,2,spectral,sign,1.7282778322696686,1.7190026491880417,-7.241964340209961e-05,False,,6.735056760180669,100.53452474135638,189.6177168597065,0.5516477227210999,0.0014383792877197266
500,L2.down,down,2,spectral,euclid,1.7282778322696686,1.7190123498439789,-8.212029933929443e-05,False,,1.8405641723447803,25.437245413421135,126.48625072452252,1.0000009536743164,0.0019298791885375977
500,L2.down,down,2,spectral,rows,1.7282778322696686,1.719014286994934,-8.405745029449463e-05,False,,1.9233935552188397,27.285472305441612,145.24333429906596,0.9740170836448669,0.0019015073776245117
500,L2.down,down,2,spectral,cols,1.7282778322696686,1.7191098183393478,-0.00017958879470825195,False,,2.689815577514414,40.272914590049446,191.05215340557467,0.8690546154975891,0.0017875432968139648
500,L2.down,down,2,spectral,spectral,1.7282778322696686,1.7189302295446396,0.0,False,,1.7202147461010955,30.656734439638797,560.1024781709968,0.46502187848091125,0.0011996030807495117
500,L2.down,down,2,spectral,normuon,1.7282778322696686,1.7189323902130127,-2.16066837310791e-06,False,,1.7202147461010955,30.656734439638797,563.2487412450785,0.46502187848091125,0.0011996030807495117
500,L2.down,down,2,spectral,pw05,1.7282778322696686,1.7190195322036743,-8.9302659034729e-05,False,,1.6252223740746066,25.51039419417968,240.80467173418708,0.697345141264621,0.0017325878143310547
500,L3.q,q,3,spectral,adam,1.7282778322696686,1.7190936207771301,-0.00016339123249053955,False,,5.581847219959409,85.05217327174282,490.0003982374678,0.6009143590927124,0.0003908872604370117
500,L3.q,q,3,spectral,sign,1.7282778322696686,1.719083234667778,-0.00015300512313842773,False,,5.581847219959409,85.05217327174282,165.72628086983752,0.6009143590927124,0.00034987926483154297
500,L3.q,q,3,spectral,euclid,1.7282778322696686,1.719149887561798,-0.0002196580171585083,False,,1.7037692437420071,25.29450830068564,150.59452301744525,0.9999997615814209,0.00045490264892578125
500,L3.q,q,3,spectral,rows,1.7282778322696686,1.7191144078969955,-0.00018417835235595703,False,,1.7534561574371996,26.83608132022693,166.55564041649546,0.9437605738639832,0.0004457235336303711
500,L3.q,q,3,spectral,cols,1.7282778322696686,1.7191187590360641,-0.00018852949142456055,False,,1.7971172866841079,27.255250846067465,161.74833562674468,0.9456868767738342,0.00044977664947509766
500,L3.q,q,3,spectral,spectral,1.7282778322696686,1.7189302295446396,0.0,True,0.0,1.3764294137805957,24.392863781578075,431.7711509547298,0.3456307351589203,0.0002772808074951172
500,L3.q,q,3,spectral,spectral_head,1.7282778322696686,1.718945637345314,-1.5407800674438477e-05,False,,1.545127043649412,26.498727437844128,359.13036072507356,0.5478818416595459,0.00034487247467041016
500,L3.q,q,3,spectral,normuon,1.7282778322696686,1.7189307808876038,-5.513429641723633e-07,False,,1.3764294137805957,24.392863781578075,429.822658410765,0.3456307351589203,0.00027751922607421875
500,L3.q,q,3,spectral,pw05,1.7282778322696686,1.7190190553665161,-8.882582187652588e-05,False,,1.3641300349814018,22.175202534783306,216.00391107474232,0.6120344323839284,0.0004316568374633789
500,L3.k,k,3,spectral,adam,1.7282778322696686,1.719130739569664,-0.00020051002502441406,False,,5.440852573012934,77.96466659048161,423.6528269306136,0.5964230298995972,0.00041282176971435547
500,L3.k,k,3,spectral,sign,1.7282778322696686,1.7190368622541428,-0.00010663270950317383,False,,5.440852573012934,77.96466659048161,145.00799654713987,0.5964230298995972,0.0003687143325805664
500,L3.k,k,3,spectral,euclid,1.7282778322696686,1.7191200405359268,-0.00018981099128723145,False,,1.7584835359061408,24.24881032290916,117.08891936736526,1.0000003576278687,0.00047278404235839844
500,L3.k,k,3,spectral,rows,1.7282778322696686,1.7190985679626465,-0.00016833841800689697,False,,1.8902528526388003,26.85935951897612,143.0566018098965,0.948565661907196,0.0004652738571166992
500,L3.k,k,3,spectral,cols,1.7282778322696686,1.719112828373909,-0.00018259882926940918,False,,1.8149439321991931,25.60245754023944,131.3817243994321,0.9512405395507812,0.0004686117172241211
500,L3.k,k,3,spectral,spectral,1.7282778322696686,1.7189302295446396,0.0,False,,1.4265821257990732,23.368111108094627,321.8281495726216,0.3555048406124115,0.0002894401550292969
500,L3.k,k,3,spectral,spectral_head,1.7282778322696686,1.7189382761716843,-8.046627044677734e-06,False,,1.5263174918025906,25.356601879305302,313.33041223882316,0.5334187746047974,0.0003476142883300781
500,L3.k,k,3,spectral,normuon,1.7282778322696686,1.7189300656318665,1.6391277313232422e-07,True,3.5762786865234375e-07,1.4265821257990732,23.368111108094627,322.16375343618984,0.3555048406124115,0.0002894401550292969
500,L3.k,k,3,spectral,pw05,1.7282778322696686,1.7190397530794144,-0.00010952353477478027,False,,1.4287724947266267,21.337119475576632,174.89346042800594,0.6309524763332496,0.00044286251068115234
500,L3.v,v,3,spectral,adam,1.7282778322696686,1.7188915014266968,3.872811794281006e-05,False,,3.2160585532948707,33.915514392186616,326.7682745126755,0.5608266592025757,0.0005496740341186523
500,L3.v,v,3,spectral,sign,1.7282778322696686,1.7189061492681503,2.4080276489257812e-05,False,,3.2160585532948707,33.915514392186616,81.57584981472945,0.5608266592025757,0.0005803108215332031
500,L3.v,v,3,spectral,euclid,1.7282778322696686,1.7189290821552277,1.1473894119262695e-06,False,,1.0683014811173044,10.645858696722732,60.86674316386662,1.0000001192092896,0.0008209943771362305
500,L3.v,v,3,spectral,rows,1.7282778322696686,1.7188732475042343,5.698204040527344e-05,True,-0.00013022124767303467,1.1604485020809214,12.240367788724601,80.94372375183181,0.920224130153656,0.0007417201995849609
500,L3.v,v,3,spectral,cols,1.7282778322696686,1.7189140319824219,1.6197562217712402e-05,False,,1.1651692191889478,12.387295458674508,81.9026393248763,0.8926563858985901,0.0007437467575073242
500,L3.v,v,3,spectral,spectral,1.7282778322696686,1.7189302295446396,0.0,False,,1.0211835209551758,15.682791909156519,577.7622780823776,0.27385345101356506,0.0003268718719482422
500,L3.v,v,3,spectral,spectral_head,1.7282778322696686,1.7189955711364746,-6.534159183502197e-05,False,,1.1280999654151445,16.60569182602447,367.05479877634855,0.4559241235256195,0.00045180320739746094
500,L3.v,v,3,spectral,normuon,1.7282778322696686,1.7189301550388336,7.450580596923828e-08,False,,1.0211835209551758,15.682791909156519,577.6744568277647,0.27385345101356506,0.00032806396484375
500,L3.v,v,3,spectral,pw05,1.7282778322696686,1.7189611494541168,-3.091990947723389e-05,False,,0.9467247310652842,11.20110728759075,149.06111308897442,0.5519837679019671,0.0006338357925415039
500,L3.o,o,3,spectral,adam,1.7282778322696686,1.7190327495336533,-0.00010251998901367188,False,,4.4115669471349594,54.14871891875898,826.7416307040088,0.6036667823791504,0.00046646595001220703
500,L3.o,o,3,spectral,sign,1.7282778322696686,1.7189279198646545,2.3096799850463867e-06,False,,4.4115669471349594,54.14871891875898,287.2805044552435,0.6036667823791504,0.0004546642303466797
500,L3.o,o,3,spectral,euclid,1.7282778322696686,1.7189487963914871,-1.856684684753418e-05,False,,1.4888983003691578,17.265716851718743,226.63308961117204,1.0000003576278687,0.0006086826324462891
500,L3.o,o,3,spectral,rows,1.7282778322696686,1.7189273685216904,2.86102294921875e-06,True,-9.128451347351074e-05,1.5908748410401279,19.559521628791597,301.907697172213,0.9493796229362488,0.0005682706832885742
500,L3.o,o,3,spectral,cols,1.7282778322696686,1.7189749479293823,-4.4718384742736816e-05,False,,1.5876624008915368,19.789545836629372,281.94797710635385,0.9498039484024048,0.0005784034729003906
500,L3.o,o,3,spectral,spectral,1.7282778322696686,1.7189302295446396,0.0,False,,1.3410720766175903,23.29390236933936,1843.909826798333,0.29475077986717224,0.0002548694610595703
500,L3.o,o,3,spectral,spectral_head,1.7282778322696686,1.7189301550388336,7.450580596923828e-08,False,,1.5534185960056464,25.300922826626692,1265.6080041628868,0.5351940393447876,0.0003622770309448242
500,L3.o,o,3,spectral,normuon,1.7282778322696686,1.7189302891492844,-5.960464477539063e-08,False,,1.3410720766175903,23.29390236933936,1833.9479367770289,0.29475077986717224,0.00025582313537597656
500,L3.o,o,3,spectral,pw05,1.7282778322696686,1.7189554870128632,-2.5257468223571777e-05,False,,1.2935077849059835,18.100006741897804,520.5618065565911,0.5801895070423604,0.0004994869232177734
500,L3.up,up,3,spectral,adam,1.7282778322696686,1.7191757261753082,-0.00024549663066864014,False,,5.554988062987509,83.0050810213922,417.2634069679864,0.5515970587730408,0.001910567283630371
500,L3.up,up,3,spectral,sign,1.7282778322696686,1.7189523130655289,-2.2083520889282227e-05,False,,5.554988062987509,83.0050810213922,127.26845150856121,0.5515970587730408,0.0018383264541625977
500,L3.up,up,3,spectral,euclid,1.7282778322696686,1.71931554377079,-0.0003853142261505127,False,,1.4353823546065179,19.718559591536724,101.65822675670945,1.000000238418579,0.0024831295013427734
500,L3.up,up,3,spectral,rows,1.7282778322696686,1.7191451787948608,-0.00021494925022125244,False,,2.062655976625325,30.728415623814843,126.56587891159388,0.8765720129013062,0.002320528030395508
500,L3.up,up,3,spectral,cols,1.7282778322696686,1.7192619144916534,-0.000331684947013855,False,,1.5128955842420702,21.551982687210653,113.46259623516112,0.9623794555664062,0.0024133920669555664
500,L3.up,up,3,spectral,spectral,1.7282778322696686,1.7189302295446396,0.0,False,,1.423729985359445,25.535212062575486,364.61639585757024,0.5274364352226257,0.0015953779220581055
500,L3.up,up,3,spectral,normuon,1.7282778322696686,1.7188863903284073,4.3839216232299805e-05,True,2.4780631065368652e-05,1.423729985359445,25.535212062575486,431.9425632684962,0.5274364352226257,0.0015255212783813477
500,L3.up,up,3,spectral,pw05,1.7282778322696686,1.7191828191280365,-0.0002525895833969116,False,,1.2986085356814427,20.43510843128166,175.3608242476219,0.7294387187046403,0.002211332321166992
500,L3.down,down,3,spectral,adam,1.7282778322696686,1.7191815674304962,-0.0002513378858566284,False,,7.636409023024366,101.53069061256186,265.42339734613466,0.5206008553504944,0.0016605854034423828
500,L3.down,down,3,spectral,sign,1.7282778322696686,1.7191286832094193,-0.00019845366477966309,False,,7.636409023024366,101.53069061256186,79.4392311373548,0.5206008553504944,0.0017365217208862305
500,L3.down,down,3,spectral,euclid,1.7282778322696686,1.7192692905664444,-0.00033906102180480957,False,,1.5238727528290246,18.584148121739826,48.94325591107974,1.0000007152557373,0.0024814605712890625
500,L3.down,down,3,spectral,rows,1.7282778322696686,1.7192999720573425,-0.0003697425127029419,False,,1.6035383169589488,20.206871127320255,55.990664364216514,0.9411107897758484,0.0023964643478393555
500,L3.down,down,3,spectral,cols,1.7282778322696686,1.7192579805850983,-0.0003277510404586792,False,,2.225200541341554,29.8229639420707,77.02511644138409,0.8395274877548218,0.0021947622299194336
500,L3.down,down,3,spectral,spectral,1.7282778322696686,1.7189302295446396,0.0,True,0.0,1.0935316287413228,17.903250179356334,208.80110625468117,0.23523809015750885,0.001059889793395996
500,L3.down,down,3,spectral,normuon,1.7282778322696686,1.7189304828643799,-2.5331974029541016e-07,False,,1.0935316287413228,17.903250179356334,209.34558208844757,0.23523809015750885,0.0010641813278198242
500,L3.down,down,3,spectral,pw05,1.7282778322696686,1.7193144708871841,-0.00038424134254455566,False,,1.227037445933061,17.118858940310208,83.62452049559705,0.5557140224611173,0.0022211074829101562
500,head,head,4,adam,adam,1.7282778322696686,1.7189302295446396,0.0,True,0.0,0.22196993323896747,3.158105452700628,7.626493134264685,0.3147712707519531,0.002270221710205078
500,head,head,4,adam,sign,1.7282778322696686,1.7193445712327957,-0.00041434168815612793,False,,0.22196993323896747,3.158105452700628,2.40345679643485,0.3147712707519531,0.0017414093017578125
500,head,head,4,adam,euclid,1.7282778322696686,1.7195436507463455,-0.0006134212017059326,False,,0.11327970458959148,1.2015337881597261,0.7702659041520583,0.9999996423721313,0.0028269290924072266
500,head,head,4,adam,rows,1.7282778322696686,1.719684213399887,-0.0007539838552474976,False,,0.12610200115846984,1.856380816820959,2.037894228130471,0.562386732835036,0.0023251771926879883
500,head,head,4,adam,cols,1.7282778322696686,1.7192017585039139,-0.000271528959274292,False,,0.13811533258353312,1.478037440216842,0.9799629510775035,0.8681222200393677,0.002672553062438965
500,head,head,4,adam,spectral,1.7282778322696686,1.7189576178789139,-2.7388334274291992e-05,False,,0.20861620001379158,3.1784393964145115,4.351575730681666,0.32567857595590444,0.001791238784790039
