arm,step,block,kind,layer,rule,r_eff_frac,d_eff_frac,m_eff_frac,ns_dual_rel_err,ns_cos,fit_sign,fit_euclid,fit_rows,fit_cols,fit_spectral,fit_pw05,Lfree_sign,Lsame_sign,Efree_sign,Esame_sign,Lfree_euclid,Lsame_euclid,Efree_euclid,Esame_euclid,Lfree_rows,Lsame_rows,Efree_rows,Esame_rows,Lfree_cols,Lsame_cols,Efree_cols,Esame_cols,Lfree_spectral,Lsame_spectral,Efree_spectral,Esame_spectral,Lfree_pw05,Lsame_pw05,Efree_pw05,Esame_pw05,argmax_free,argmax_same,snr_block,snr_row_median,act_pr,fit_spectral_head,Lfree_spectral_head,Lsame_spectral_head,Efree_spectral_head,Esame_spectral_head
muon,25,embed,embed,-1,adam,0.20904739201068878,0.33670487037071817,0.5165151742788462,-0.09916071269822246,0.959037721157074,0.33670487037071817,1.0000001192092896,0.5165151742788462,0.9282675981521606,0.20904739201068878,0.5256202220916749,2179.367236867869,1203.8182238914897,0.6427059364052966,1.1635413328552864,2.695778633733846,1.7613112668048156,0.3709503839431422,0.5677588839952088,74.99088142923253,40.945089440449145,0.44770091627483616,0.819963682750151,141.49278349734877,90.23899210547508,0.41987389613302406,0.6583531674677664,17.37413012498289,8.804322092636179,0.7700548454766024,1.5195983231774464,5.301045285191901,3.158951932816084,0.39661628513905217,0.6655627983843422,spectral,spectral,1.0041834115982056,nan,nan,,,,,
muon,25,pos,pos,-1,adam,0.2981688976287842,0.609339714050293,0.942973256111145,-0.08280831750622397,0.9794701337814331,0.609339714050293,1.0000003576278687,0.942973256111145,0.947055995464325,0.29816898703575134,0.5874803662300111,2611.188131045314,1093.7137889667404,0.9558313470699088,2.2820005507180254,2.961662320472046,1.297076475609979,0.337648337123215,0.7709648401090585,122.03990634330869,50.62231598348579,0.49451273931121154,1.1921676679273423,137.55486327045,54.928476471609926,0.44063570177483924,1.1034637696722613,21.274184986903027,5.802763797320807,0.8969937681438196,3.2885728287616223,6.052526182897526,2.1642518353071445,0.3882546549835933,1.085789290591753,sign,spectral,0.28478291630744934,0.049867041409015656,nan,,,,,
muon,25,L0.q,q,0,spectral,0.17724071443080902,0.5809697508811951,0.8665496110916138,-0.010358074020271446,0.9615874290466309,0.5809697508811951,0.9999997615814209,0.8665496110916138,0.917820930480957,0.17724071443080902,0.4761213064193726,86.0839608344246,75.80582911069334,27.643385324548895,31.39141313439834,0.1144617841157373,0.10013427632056862,8.736538306709228,9.986587992906985,5.63131430312242,4.898845983968891,9.848353710094388,11.320865218328828,6.21954716145687,5.232696622605671,9.444504242174094,11.225672686052043,1.3247495439354684,0.8244084991428815,8.562678030841207,13.75944550306871,0.2531517270379292,0.2034821997502816,7.52309978208959,9.359470778534341,sign,sign,3.11562180519104,1.4789440631866455,0.13468241270098746,0.2442890703678131,1.7262785810744339,1.1487376172239454,9.44903596373404,14.199646770004005
muon,25,L0.k,k,0,spectral,0.18955184519290924,0.5913496017456055,0.8936519622802734,-0.13880030019808243,0.9693591594696045,0.5913496017456055,1.0000001192092896,0.8936519622802734,0.9366756677627563,0.1895514726638794,0.49675929546356207,85.33371909467903,75.79735347413623,28.38465256697143,31.95583826784267,0.11181078939354147,0.1003700085774795,8.943681773764961,9.963136731599965,5.1774439911958305,4.575277351476134,11.046710632349594,12.500602956339888,5.92169270103525,5.178423264094045,10.123328879652306,11.576350498901148,1.298800811118594,0.8846006020965557,9.34039996138622,13.713894176952362,0.24880187465154258,0.20961166824228045,7.986424632273193,9.479612642441747,sign,sign,3.4870657920837402,1.146106243133545,0.13468241270098746,0.240122452378273,1.662477644229213,1.1348042144104522,10.504876762005313,15.38954698127348
muon,25,L0.v,v,0,spectral,0.10883532464504242,0.5579339265823364,0.8225393891334534,-0.1097810002811409,0.9268660545349121,0.5579339265823364,0.9999994039535522,0.8225393891334534,0.891970694065094,0.10883497446775436,0.4082505106925965,4047.0327375384377,3497.110392246924,0.5646846743007214,0.6534816196674096,5.3723864873646985,4.789998376704565,0.18613690699756025,0.20876821353779546,252.44411031116783,217.27019932565562,0.20853138874839566,0.2422905721444004,262.5969565506388,232.6065522083458,0.21739065513182218,0.24541924497910939,37.90614606724715,29.103821474475993,0.18375537053813756,0.2393313854803728,10.49874442240878,9.160678191594291,0.15554254690098174,0.17826206887415355,sign,sign,3.1626522541046143,2.764361619949341,0.13468241270098746,0.16242994368076324,56.3958169619315,43.69344866197211,0.21594984660611705,0.27872984154613706
muon,25,L0.o,o,0,spectral,0.11193676292896271,0.5340052247047424,0.8329066038131714,-0.13623394233352315,0.9265770316123962,0.5340052247047424,1.0000004768371582,0.8329066038131714,0.8599076271057129,0.11193682253360748,0.4140098094940186,3594.0940374684124,3143.641027391091,0.608577677041331,0.6957809054317674,5.388043314039358,4.65144927632401,0.18559622084542388,0.21498686053122945,248.95196673320208,216.4887352894491,0.21412171730770135,0.24623000625308247,246.2488437437127,210.62874413655544,0.2234897321672024,0.2612847945344334,40.92961698836031,29.715897363709633,0.17503106027115756,0.24108153862161422,10.686816252770823,8.963991537056824,0.15496087556307317,0.1847434144337423,sign,sign,2.057097911834717,1.427503228187561,0.06678428890616972,0.1651127189397812,60.73337414295135,44.409113170768336,0.20864806093894966,0.2853446025926868
muon,25,L0.up,up,0,spectral,0.33185651898384094,0.5713838934898376,0.8991089463233948,-0.12583427100110622,0.9789034724235535,0.5713838934898376,1.0000003576278687,0.8991089463233948,0.9315983057022095,0.3318565785884857,0.6084510684013368,4887.757858439806,3729.963518848595,1.9153063596987903,2.5098244697651424,1.809376248117739,1.424728206318865,0.5526768457738687,0.7018885098173321,256.4905037226202,193.81309095376992,0.8973895209302049,1.1875972315703471,102.93154179718573,78.78786153135036,0.5792421887784406,0.7567446356088392,26.87961441064562,16.05319853125794,0.7901461164041149,1.3230274886127276,4.3202865033826825,3.1507232544567545,0.5633433682087734,0.7724590685646048,sign,sign,1.914353847503662,1.3970751762390137,0.1316924553998045,,,,,
muon,25,L0.down,down,0,spectral,0.29320865869522095,0.5833976864814758,0.9434430599212646,-0.11266454567225148,0.9841723442077637,0.5833976864814758,0.9999997615814209,0.9434430599212646,0.8962476253509521,0.29320868849754333,0.5779855251312257,5483.412381851867,4015.6269493084123,1.7431458788230743,2.380297725852917,2.0510309774855817,1.5667841692965467,0.48755956031797704,0.6382498503481816,112.66164578622019,82.86089147477206,0.5359442018940056,0.7286954648966627,309.93573644179855,226.95781884440532,0.7402805327449845,1.0109340724989067,30.226066997231744,18.078033256892788,0.6208333470416612,1.0380194612509648,5.054736310017638,3.5760334478578106,0.45738111083067345,0.6465098669076916,sign,sign,1.3144210577011108,0.9413204193115234,0.03062110829637582,,,,,
muon,25,L1.q,q,1,spectral,0.13488176465034485,0.5474526882171631,0.8108512759208679,0.0012601421802622692,0.9450541734695435,0.5474526882171631,1.0,0.8108512759208679,0.8950265645980835,0.13488174974918365,0.4336781799793244,40.88919399709837,32.87112928011484,54.84006877456733,68.21689002008226,0.0490864469188129,0.04039709521700744,20.372222125874412,24.754255092554118,2.318995619031741,1.7913298833302167,22.377999006571322,28.969807371526574,2.6126681211519753,2.1116438909811075,21.924598715974973,27.126590983891344,0.5647670637655949,0.3572515966360271,15.284943991006067,24.16345516411201,0.11207980604156516,0.08435002776903835,15.477483207995748,20.565651984295986,sign,sign,2.7658069133758545,0.8408938050270081,0.09156748687673728,0.20569060742855072,0.7186064657926078,0.4684370785364815,18.383072260749774,28.200574192332475
muon,25,L1.k,k,1,spectral,0.15358857810497284,0.5501850843429565,0.8479844927787781,-0.05548786042433984,0.9478486776351929,0.5501850843429565,1.0000009536743164,0.8479844927787781,0.8918313980102539,0.15358875691890717,0.4640111923217774,45.75092780685991,38.14847595515275,49.257101735341216,59.0733456329429,0.05833939769876235,0.0515369067087848,17.141091494256738,19.40358895276615,2.955890523049806,2.476710016793126,18.360290110422113,21.912540091436522,3.0103949924739553,2.5235756482197234,18.960039999850636,22.617594013051214,0.6190142162458653,0.4262303070937299,15.879566775382223,23.061892639242853,0.12879308898752997,0.1052436652367824,14.411049473112024,17.635679762942456,sign,sign,4.128607749938965,2.338921546936035,0.09156748687673728,0.19579973816871643,0.8134108313984492,0.5670785298861268,17.706073883951746,25.397385934607044
muon,25,L1.v,v,1,spectral,0.0877222791314125,0.4853741526603699,0.7942152619361877,-0.12682960920741626,0.915976881980896,0.4853741526603699,0.9999998211860657,0.7942152619361877,0.7570865154266357,0.0877223089337349,0.37120828032493597,1718.3380032073082,1478.9738152821333,1.1569857185175823,1.3442378145941825,2.293775061451568,1.971392986261573,0.43596246118101767,0.5072554422963648,109.66951775103398,94.05087041133433,0.46348135567904225,0.5404498282855911,117.62252023410316,100.01087863534339,0.41194098622328446,0.48448266477064456,17.019226203772714,12.367682621280926,0.3298755345294742,0.45394327402833134,4.524570890823671,3.781927853768096,0.328171037017267,0.3926127569621248,sign,sign,3.0248982906341553,2.32350754737854,0.09156748687673728,0.11333045363426208,25.34166186191963,18.483938142239577,0.39336372866553687,0.5393055594470909
muon,25,L1.o,o,1,spectral,0.07499408721923828,0.532415509223938,0.8330094218254089,-0.1826314310309345,0.9113484621047974,0.532415509223938,1.000000238418579,0.8330094218254089,0.7714064121246338,0.07499411702156067,0.35048007965087896,1722.0817707719696,1428.1524935624757,1.2663591025666914,1.526989544611855,2.4431500304542433,2.0876059612085585,0.4093077485841726,0.4790177155077954,118.58237873425311,98.95087531678497,0.4495828433017136,0.5387784880745041,105.57430708134804,87.91243249949605,0.46763281465759987,0.5615816668053131,18.383260499732135,12.950361277920553,0.26108657578863675,0.3706168833983483,4.8545053434014225,4.003462719386756,0.2887873477083826,0.35017678964968896,sign,sign,1.3627734184265137,0.9973017573356628,0.06041791599205396,0.10168462246656418,27.54743987797783,19.571676958977594,0.31149707414960504,0.43843697912488466
muon,25,L1.up,up,1,spectral,0.296097993850708,0.580854058265686,0.8992878198623657,-0.10459884541098541,0.9801806807518005,0.580854058265686,1.0000008344650269,0.8992878198623657,0.9392374753952026,0.29609811305999756,0.5831128358840943,3530.658496514755,2639.1294568336193,2.695449843143794,3.6060045732061146,1.2620179192500098,0.9684276088968027,0.7923824370570791,1.032602566550319,186.38500974357365,137.24961806819454,1.2351727330513138,1.6773648271310928,68.59653248052356,51.85114819608466,0.8763008311296229,1.1593031305299433,16.629973989997733,10.376835379770446,1.1395254885688746,1.8262098744269621,2.9472144156036157,2.133422688668542,0.7914090962849021,1.0932912214720865,sign,sign,1.5828264951705933,1.016714334487915,0.09260966509246399,,,,,
muon,25,L1.down,down,1,spectral,0.25790300965309143,0.5919303297996521,0.9520449638366699,-0.08539479800669403,0.983285665512085,0.5919303297996521,1.0000004768371582,0.9520449638366699,0.8911058902740479,0.25790300965309143,0.5512794256210328,4231.452021083603,3155.167696743129,2.2919287457627746,3.073746772144091,1.5738856559197423,1.1783706994996912,0.6353704750252528,0.8486297879451137,84.63844769686611,63.31089178127162,0.7198959733261147,0.9624075095333156,239.0184185086401,173.39864413154424,0.9544164392582574,1.315599144691678,21.522508746999875,13.167641878036033,0.7669087484744642,1.2535122385675208,3.7574054596016357,2.65311112752893,0.5868727552258401,0.8311445652225065,sign,sign,1.0525939464569092,0.33129727840423584,0.022572678434445843,,,,,
muon,25,head,head,2,adam,0.10299763083457947,0.2957377213698167,0.409597162099985,-0.03888548473825881,0.8969842195510864,0.2957377213698167,1.0000005960464478,0.409597162099985,0.9106251001358032,0.10299752652645111,0.4026217460632325,2182.4359565341665,879.8510070617161,0.5637136417291141,1.398269605904016,2.6658314416134665,1.5720565999852487,0.3751177139096266,0.6361097915023105,63.682591761746934,25.257208388784832,0.4180705401580641,1.0541076086746395,123.1949790789916,71.23716738430268,0.47307127972579754,0.8181123498957874,7.750259888358126,3.5339022613700246,0.8505327432730811,1.8653175205159833,3.9346481958594612,2.148218612283596,0.40930901673691933,0.74968486682133,spectral,spectral,2.299811601638794,0.5602315664291382,0.0836837866840867,,,,,
muon,50,embed,embed,-1,adam,0.313503623008728,0.4020525712233323,0.6285034766564003,-0.11493199372995233,0.9665688276290894,0.4020525712233323,1.0,0.6285034766564003,0.9452512860298157,0.313503623008728,0.6167472600936891,1519.864731084064,531.1071754353958,1.1004523376867241,3.149154772608624,2.478236056369604,1.131287102695084,0.4035128120381362,0.883948908829318,70.81302370050746,24.147791170403856,0.5769097808257163,1.6917789993453376,114.41652615675137,52.2007248339987,0.5287355274449443,1.1589126874825821,25.991700505683845,8.49083295896996,0.7719475669097653,2.3630461301224317,5.819648216526911,2.3463708747102854,0.4239068190636897,1.0514060629235373,sign,sign,1.0761442184448242,nan,nan,,,,,
muon,50,pos,pos,-1,adam,0.3703886568546295,0.6023203134536743,0.9440315365791321,-0.08553923945805608,0.9793768525123596,0.6023203134536743,0.9999993443489075,0.9440315365791321,0.948522686958313,0.37038853764533997,0.6512387394905091,2122.720631811131,584.3495140573452,1.1622367856298108,4.221966382373239,2.182693126853531,0.6261881202267069,0.4581493074065158,1.5969631362327106,92.53154084501077,24.488698429605225,0.6529451232446666,2.46717964675587,104.97696125726519,28.069620806353885,0.5782740444978423,2.1626744580600334,22.308882008741854,3.8713772534048214,1.0625752738309737,6.123109389159546,5.176121361869178,1.17109910805705,0.5032639794710115,2.22436804611783,sign,spectral,0.3223898410797119,0.3884847164154053,nan,,,,,
muon,50,L0.q,q,0,spectral,0.1249331459403038,0.5467233657836914,0.8284242153167725,-0.10863792260855487,0.9340034127235413,0.5467233657836914,1.0,0.8284242153167725,0.9015470147132874,0.12493304163217545,0.43446061015129095,428.86074136966545,188.29088639093058,5.2216924755062175,11.89318797724808,0.46734431853078506,0.2043707303453907,2.1397499880682247,4.893068583304369,22.848567810627465,9.93135265807804,2.320458342059096,5.338562792566662,24.869239569541087,10.773614291472091,2.320095424723721,5.355585171386944,6.202283593590933,2.2340250913124833,1.2891578803254364,3.5790657865858857,1.105995624407855,0.4593666337099136,1.571292329059255,3.7831272736769934,sign,sign,1.0201663970947266,0.9228679537773132,0.13598169402913088,0.1663176268339157,7.858405357366534,2.9656738064403925,1.483561448956772,3.9311225709133564
muon,50,L0.k,k,0,spectral,0.1121927946805954,0.5560649037361145,0.8278493285179138,-0.13677231202123208,0.916658341884613,0.5560649037361145,1.0000004768371582,0.8278493285179138,0.9142799973487854,0.112192802131176,0.4246810972690583,507.7610887837009,249.1372921333159,4.485656534176388,9.142115281899812,0.6450726930699642,0.32620039671096196,1.5502136233329888,3.065601657508816,31.845707520872192,15.60333542112617,1.6637205183907748,3.395578932015453,33.07953163244796,16.301210196346485,1.7688859830447394,3.5895445261749166,6.849686006175748,2.8452539726086887,1.0482729807516533,2.5236203291628825,1.4115437813786984,0.6800858532082228,1.203451857131547,2.49780961787273,sign,sign,1.732502818107605,1.4131563901901245,0.13598169402913088,0.15168243646621704,9.271727998766659,3.8842882549051456,1.2127489024265268,2.8948103786844595
muon,50,L0.v,v,0,spectral,0.15892444550991058,0.5960582494735718,0.8697191476821899,-0.0720510414236537,0.9411913156509399,0.5960582494735718,1.0,0.8697191476821899,0.9257230162620544,0.15892449021339417,0.4616233706474305,2330.98264668125,1272.482955815203,1.047392863829246,1.9186540603050022,3.179326304732694,1.7213566044351725,0.31453204363182735,0.5809371500498174,160.69013561479585,86.48431621981511,0.3463935433167621,0.6436083198043137,173.30683292267753,90.90716404778777,0.3418576869799748,0.6517228170227277,35.81898349935057,14.176085919803052,0.28396019296563807,0.7174875719467918,7.04785353731134,3.5028725930481674,0.26199373650635394,0.5271369236364146,sign,sign,3.0890109539031982,1.8271348476409912,0.13598169402913088,0.2478748857975006,52.183123976205465,20.752989804195018,0.32365267835760436,0.8138204663191146
muon,50,L0.o,o,0,spectral,0.23860426247119904,0.5871647596359253,0.9188218116760254,-0.13658845845244427,0.9633942246437073,0.5871647596359253,1.0000003576278687,0.9188218116760254,0.9216551780700684,0.2386043816804886,0.5539932250976564,1582.126833660135,611.0053630095184,1.520122662925131,3.936179616530279,1.798135020398766,0.6981840678344751,0.5561319624407861,1.4322875638361716,99.27781791036932,37.34695483769526,0.5923236145294409,1.5745486132088233,96.64437638081002,36.83488500725638,0.6103400281053165,1.6013605413689846,28.338058647899246,8.677993110829433,0.5388750846192175,1.75970106876145,4.538511849404428,1.6134917518258014,0.4882596451578465,1.373401619578984,sign,sign,1.4945536851882935,1.1957931518554688,0.06830770778213906,0.28308865427970886,38.87914023538781,12.10755098164141,0.6296283332386807,2.0218298730501405
muon,50,L0.up,up,0,spectral,0.3656584918498993,0.5469675660133362,0.8387569785118103,-0.14590312128186678,0.9816259741783142,0.5469675660133362,0.999999463558197,0.8387569785118103,0.9584621787071228,0.36565840244293213,0.6339751482009889,2736.399191544349,1211.3479606374872,3.2749302913310925,7.397970601978303,1.0433262993158077,0.46937430436674066,0.9584724014088176,2.1304946910277773,145.55525410846977,63.627431067838465,1.4751909013123623,3.3746732014072798,59.60692660803073,26.78338106976498,1.0291015311128526,2.2902851315699895,22.874386259862828,7.961140200952593,1.0230719728405029,2.9395467090999556,2.873257516970725,1.2000054394276334,0.8825874655031664,2.113241312348269,sign,sign,1.2203933000564575,1.0056836605072021,0.13909972350663963,,,,,
muon,50,L0.down,down,0,spectral,0.31628745794296265,0.5332840085029602,0.9285445213317871,-0.10458770032669085,0.9864910244941711,0.5332840085029602,0.9999993443489075,0.9285445213317871,0.8394153714179993,0.3162873089313507,0.5976147651672364,2804.813219079054,1337.424300704448,3.115118374328454,6.532949334560751,1.2227913232051013,0.6078127383514975,0.8178004908701626,1.6452424920561781,67.33799922040642,33.39197450992728,0.8825158165261523,1.7796746145564721,160.9339762853216,75.7580031215785,1.3352701526620234,2.8365364216127236,23.9590542678058,9.398483052388604,0.8448742402493947,2.1537930811570583,3.2902725669143567,1.5240478082261255,0.7265229658689274,1.5684931738552854,sign,sign,0.8627676963806152,0.7954195141792297,0.033236667033801,,,,,
muon,50,L1.q,q,1,spectral,0.10080915689468384,0.48839232325553894,0.7427195906639099,-0.11300011298267398,0.9265912771224976,0.48839232325553894,0.9999997615814209,0.7427195906639099,0.8538179993629456,0.10080909729003906,0.39808893203735357,114.65243158458817,51.35676044272976,17.44799415421725,38.95212507193644,0.1640442613329931,0.07197114464483752,6.0959143188284015,13.894454041494125,7.04074612004219,3.1213773727250085,6.751280758040655,15.228550773081405,8.369232898559158,3.7366282431778517,6.529194804536513,14.623973380010556,1.7198826532641251,0.7200242259351931,3.751292109562134,8.960507152634616,0.36468005949037774,0.15990355841424894,4.366447472946836,9.958229447719205,sign,sign,2.0927734375,1.5521827936172485,0.11888830897400375,0.10686720907688141,2.0178027807571564,0.8469302707005565,4.2886549186484215,10.217676850065331
muon,50,L1.k,k,1,spectral,0.10487529635429382,0.5051947832107544,0.7956185936927795,-0.10565968055534458,0.9241970181465149,0.5051947832107544,0.9999997615814209,0.7956185936927795,0.8548223972320557,0.10487531870603561,0.4051479101181031,116.25127716906233,52.37230434449989,17.800043856911206,39.510918183392185,0.16436713462405625,0.07426852746732261,6.083939857372583,13.464650447276075,7.255850384789142,3.296674185625409,7.017728770025849,15.445745357052317,8.063006518796644,3.595281582299578,6.785140666240773,15.216786827545056,1.7532525911899706,0.7338945913068925,3.8283234524951686,9.145752118227188,0.3689918186754458,0.16378945009396526,4.391943025304276,9.894355488074712,sign,sign,2.9821648597717285,1.710332989692688,0.11888830897400375,0.12508510053157806,2.065868727170435,0.8683096051602499,4.610858689467351,10.970083384272481
muon,50,L1.v,v,1,spectral,0.19164566695690155,0.591243326663971,0.9087141156196594,-0.1373547291644306,0.9492177367210388,0.591243326663971,0.9999998807907104,0.9087141156196594,0.9199233651161194,0.19164571166038513,0.5050482153892518,593.9426993345685,300.12731322467164,4.077384348235689,8.069017911084773,0.8205371958900443,0.43206304177871147,1.2187136497889062,2.3144767871695855,43.0005100029509,21.12671376297837,1.3524886889868784,2.7528040589810754,44.60220725841714,22.52834598720038,1.3200040757247722,2.6133785143783697,11.216760715481701,4.179729090815443,1.0934817097696257,2.934477909631411,1.98377240082539,0.9234230406667271,1.0183589528109702,2.1877214405016745,sign,sign,2.3732123374938965,1.7500813007354736,0.11888830897400375,0.247408926486969,15.540124070605987,5.704923609951201,1.325550076234437,3.6107779971940026
muon,50,L1.o,o,1,spectral,0.15174731612205505,0.5885471701622009,0.9185823798179626,-0.04423512759073267,0.9539766907691956,0.5885471701622009,1.0000005960464478,0.9185823798179626,0.8648725748062134,0.15174740552902222,0.45363172888755804,632.1484866099793,289.6507824927113,3.8134856921230176,8.32274364404673,0.6857014323921139,0.34326650704378536,1.4583615387208406,2.913190117668231,36.70946356299943,16.826790330150086,1.6014745681984053,3.493790030949131,36.03409021901869,16.6941165711429,1.536096636578412,3.3156498309876246,9.833137445980132,3.4250080453988474,0.9876636119308051,2.8355647396378103,1.6809857094111476,0.7369817201149568,1.079441705498399,2.4621045971156104,sign,sign,1.840412974357605,1.2908209562301636,0.0757368814443568,0.24312514066696167,13.608617950897488,4.80699362808852,1.2093959977046036,3.423804847157865
muon,50,L1.up,up,1,spectral,0.39752912521362305,0.5728840231895447,0.8913114666938782,-0.07835864884103383,0.9844210743904114,0.5728840231895447,1.0,0.8913114666938782,0.9625262022018433,0.39752933382987976,0.6636283993721009,1619.3237786494833,778.3852073129215,5.796328047356618,12.058466357986871,0.6746025328339371,0.3315537899110614,1.4823543513824369,3.016101852638294,94.01410271597582,45.28403138766016,2.4270373154862743,5.038768159139877,37.23368801119488,17.9798557974733,1.6544607915927232,3.4261496663157236,13.925721609000691,5.459711579850075,1.8269697152801343,4.65992960817997,1.8453057046268442,0.8452177072491661,1.438522791149629,3.140627899743708,sign,sign,1.089880347251892,0.7779241800308228,0.11975946860923788,,,,,
muon,50,L1.down,down,1,spectral,0.3137952983379364,0.5527729988098145,0.9376217722892761,-0.11633771457467768,0.9868887662887573,0.5527729988098145,0.9999993443489075,0.9376217722892761,0.8519117832183838,0.313795268535614,0.5946987867355348,1834.452650316579,925.7331757972148,4.9369673351542,9.783200007605526,0.8134328814972573,0.4223531854478667,1.2293569231037769,2.3676851005361783,45.10621141967224,23.640944701957576,1.3303665179989463,2.5382993016156736,105.66345788441122,52.73497879573015,2.064000373170463,4.1355741764622564,13.929836894895477,5.912435040608069,1.4417177690674405,3.3967211874037924,2.1146862499690404,1.0371259701357107,1.1248925974519322,2.2936412519033613,sign,sign,0.9418165683746338,0.8385923504829407,0.023262417903452952,,,,,
muon,50,head,head,2,adam,0.22613975405693054,0.39966862018291766,0.6350568918081431,-0.13501236041918807,0.9452671408653259,0.39966862018291766,1.0000003576278687,0.6350568918081431,0.9210882186889648,0.22613953053951263,0.5482316613197328,2678.3067894590736,831.6354020055228,0.620773343257189,1.999219196238469,4.213379828787741,1.770866673834017,0.2373392379190236,0.5646954524604705,93.01577408662907,28.554754190585665,0.44378169587757127,1.4455980847188887,178.02113736591104,73.27357100767438,0.33113846405175207,0.8045144406831162,24.759327383351618,8.103675557849998,0.5845453232201643,1.7859734048699973,8.3790946318102,3.2365773211132134,0.26171406101231187,0.6775450317198841,sign,sign,0.3708568513393402,0.7797924280166626,0.10755948620313084,,,,,
muon,75,embed,embed,-1,adam,0.3875980079174042,0.4308377486008864,0.6713764484112079,-0.10378956206361922,0.9765042662620544,0.4308377486008864,1.0,0.6713764484112079,0.9567437767982483,0.38759803771972656,0.6689276695251466,1553.4997670245566,439.39529488742824,1.1537079516995874,4.078980942749661,2.212572078266359,0.6836327931255158,0.45196267720396305,1.462773597252522,63.583273328094464,17.97902613391364,0.6863356801645863,2.4272432122678693,106.79139149141866,32.40122083369737,0.5733758204659054,1.8897930429648142,24.379220631099457,6.268278743560284,1.0175171220370463,3.957430010518793,5.438022742983268,1.561751085535007,0.4920373318989741,1.7132757108645218,sign,sign,1.1065882444381714,nan,nan,,,,,
muon,75,pos,pos,-1,adam,0.45476099848747253,0.5994678735733032,0.9441032409667969,-0.08077564216368749,0.9822217226028442,0.5994678735733032,0.9999998807907104,0.9441032409667969,0.9638347625732422,0.45476093888282776,0.7062646746635438,1640.9574653744528,351.1537671689722,1.4963339769418968,6.992436475769667,1.863594596284412,0.43669863300337364,0.536597327972771,2.2899084293286194,77.30849413150251,16.490206526031166,0.7815778602425698,3.664151041801258,92.20282790115029,20.48625977230501,0.669018794855401,3.0110632926796557,25.07318128373404,4.140172765174073,1.1607902313568645,7.029828355961019,4.858844218063569,0.961746324820707,0.5814260700418311,2.9374260402615366,sign,spectral,0.06796246021986008,0.11358512938022614,nan,,,,,
muon,75,L0.q,q,0,spectral,0.20106692612171173,0.5339905023574829,0.8266668915748596,-0.09236498574799024,0.9544603228569031,0.5339905023574829,1.0,0.8266668915748596,0.9358369708061218,0.20106661319732666,0.5188703536987306,475.81992056436883,167.79072237436944,4.596749743184328,13.035435253542692,0.5785493571017657,0.21094570743205593,1.7284609994374291,4.740556288978256,30.647568941967737,10.726551354264783,1.7262929128562106,4.9323104242404785,32.934284030397365,11.734412796794498,1.8185780530802436,5.104095719894309,11.753993150426865,3.2623458159993204,1.0948008221336751,3.9444872157120203,1.6167804807710497,0.530978875060036,1.28371197314975,3.908781608093048,sign,sign,0.7142605185508728,0.6394120454788208,0.13738882224109317,0.23865830898284912,14.927271927347146,4.266437320261345,1.1929746841955282,4.1739409668244924
muon,75,L0.k,k,0,spectral,0.12405712157487869,0.5327062606811523,0.8008338212966919,-0.07680650580764559,0.9236229658126831,0.5327062606811523,0.9999998211860657,0.8008338212966919,0.8735126256942749,0.12405712157487869,0.4225499331951142,795.4692005274289,304.1947699054659,2.742990982307382,7.1729203116414055,0.899871885470305,0.3253841582739501,1.1112691010047837,3.0732898199184535,44.57543255019014,16.991355978804602,1.1498119396885056,3.016437571369988,47.94561909548315,17.729668309634953,1.1660045088394793,3.1531784502732556,12.85071919334222,4.005078607947759,0.6178371690051709,1.9823960384546173,2.148875632387136,0.7592727413801785,0.7865504136445144,2.2260762508770386,sign,sign,1.8700672388076782,1.2056890726089478,0.13738882224109317,0.14563889801502228,16.855998492650016,5.174868758812616,0.7067734400302477,2.302159261431872
muon,75,L0.v,v,0,spectral,0.16137370467185974,0.5799268484115601,0.8480973243713379,-0.04668905139122548,0.9448091387748718,0.5799268484115601,1.0,0.8480973243713379,0.9379196166992188,0.16137374937534332,0.4647281169891358,2173.5271564549603,821.0968414489621,1.092868963720708,2.8929357064655075,2.9482416778231504,1.118504497257738,0.33918521928580675,0.894050942532392,149.37882142424044,55.900845053675674,0.363359599722733,0.9709733136886926,161.67020467993146,61.162598449916835,0.37129201133621925,0.98143075981154,39.03061524890733,11.890627200434574,0.26461069052613695,0.8685763903434698,6.784092523379385,2.453455980175737,0.2740105179829026,0.7576711061439021,sign,sign,1.2215887308120728,0.7843542098999023,0.13738882224109317,0.2297023981809616,53.80440159155695,16.513881324945913,0.3185196331166735,1.0377789398980686
muon,75,L0.o,o,0,spectral,0.2893798053264618,0.609269380569458,0.93599534034729,-0.1638758660914773,0.9727306962013245,0.609269380569458,0.9999997615814209,0.93599534034729,0.9365476369857788,0.28937968611717224,0.5921066999435426,1343.6392355085386,439.79357408759995,1.8573195221319816,5.674406198384841,1.4956582522487063,0.4997578858066044,0.6686017745550709,2.000968448886866,83.6653447029735,26.987989467026676,0.7159918123196062,2.2196429954671344,83.32147155852334,26.823166065302058,0.7193709814041133,2.234600069997921,28.862043510764,7.3133302865000775,0.6416838618508239,2.532404091618946,4.070947287603991,1.2199281840113967,0.581787870518573,1.941448508600372,sign,sign,0.802753746509552,0.658581554889679,0.11963146819544561,0.3393748104572296,39.91482406653994,10.314091013318134,0.6874409130207603,2.660349134396269
muon,75,L0.up,up,0,spectral,0.40830621123313904,0.5373942255973816,0.8225496411323547,-0.08634553730361572,0.9831842184066772,0.5373942255973816,1.0000003576278687,0.8225496411323547,0.9787564277648926,0.4083063304424286,0.6677464246749879,1513.3861710224378,470.5070701406017,5.817858759895435,18.713144925869873,0.7046564751578885,0.22838728268711886,1.4191317228778804,4.378529075096655,95.05181546623966,29.724874713739396,2.2153465149192617,7.0840570450765314,41.02645078653067,12.791501792590626,1.5268298908644202,4.897033389248874,19.42423463164332,4.768066276261331,1.3453091887104842,5.480544904276814,2.115343784285419,0.6136475951025366,1.2626719314870487,4.352636990969529,sign,sign,0.7731212973594666,0.9128623604774475,0.16601293571399206,,,,,
muon,75,L0.down,down,0,spectral,0.35233306884765625,0.5303808450698853,0.9598327279090881,-0.11068100916504198,0.9849086999893188,0.5303808450698853,0.9999995231628418,0.9598327279090881,0.8194605112075806,0.3523330092430115,0.6292524933815004,1676.4809326367351,501.7349616356424,5.18333349127802,17.319422464196272,0.7624193408205173,0.23305066188075949,1.311613530274088,4.290910461668168,44.11958923966713,13.27821930198976,1.3923360494696462,4.626320230829172,97.10171383368663,28.864414135487554,2.160434482427877,7.267838172097968,17.780820024856187,4.45781524522431,1.268181813888818,5.058377557416714,2.192598946646769,0.6196606293814413,1.1479577380303339,4.061918424142667,sign,sign,0.9998694062232971,1.0543668270111084,0.03693025609982606,,,,,
muon,75,L1.q,q,1,spectral,0.12067738175392151,0.42423608899116516,0.6695088148117065,-0.14845454116124723,0.9312452077865601,0.42423608899116516,1.0,0.6695088148117065,0.8049729466438293,0.1206773892045021,0.4080026745796204,137.64168603946365,54.03061527717136,12.624598481085155,32.16085938673368,0.1812375854333445,0.07786418059474283,5.517619304014507,12.842875791689988,8.884638630009293,3.4047825846140665,4.8227694937666135,12.584816528837514,9.614514779994012,4.022330086103545,5.358384667773859,12.8080658430276,2.7987328252655934,0.9001827188562259,2.759588188748334,8.579758182737045,0.4462566610641007,0.17286208037738285,3.6571111736232433,9.441111769095972,sign,sign,1.227070927619934,0.7793784141540527,0.1353588245095686,0.11465921252965927,3.314030276601531,1.0556793666761886,3.0024636359646397,9.425452185648338
muon,75,L1.k,k,1,spectral,0.13076218962669373,0.48730823397636414,0.7622236609458923,-0.10254620342668275,0.9359909892082214,0.48730823397636414,1.0,0.7622236609458923,0.8680992126464844,0.13076217472553253,0.43020337820053106,118.21592381543742,54.082087701936736,16.884481057589422,36.907127871391474,0.15060105103318736,0.06650506107924309,6.640059900907557,15.03644961408975,7.547265673573812,3.3780767207921847,6.463574546122676,14.440854466176033,8.204215699186445,3.6129395545541954,6.771926975894154,15.377602855088565,2.5017921648620214,0.8724941227804826,3.3451136748985846,9.591788602270787,0.38688318845909275,0.15886937138677462,4.447888164973098,10.831623113714338,sign,sign,0.5901272296905518,0.465274840593338,0.1353588245095686,0.17254029214382172,3.0611008305158083,1.04001101082032,3.7246908464455943,10.963013011252698
muon,75,L1.v,v,1,spectral,0.1903666853904724,0.5672165751457214,0.8885767459869385,-0.095203379196794,0.9595952033996582,0.5672165751457214,0.9999997615814209,0.8885767459869385,0.8851863741874695,0.1903667002916336,0.4936275184154511,463.57703817381594,166.2972350678615,5.011721678341105,13.970882263008102,0.5893551423673992,0.2157920524901315,1.696769383507015,4.634089856609304,31.448500453577047,10.986381272220658,1.8083187090943034,5.176309681419717,32.08337740544376,11.586562378768814,1.7657719520010884,4.889450908390817,9.24616032681471,2.6429016427556546,1.317678422935025,4.609882471804118,1.4822678316447786,0.49783655308362484,1.3320869242865898,3.966180435314429,sign,sign,1.1168978214263916,1.0772448778152466,0.1353588245095686,0.24677522480487823,12.887292787653644,3.5868646679344987,1.4803977735213765,5.318940444035996
muon,75,L1.o,o,1,spectral,0.19975702464580536,0.5944421887397766,0.9416917562484741,-0.1629563903067358,0.9716284871101379,0.5944421887397766,1.0,0.9416917562484741,0.889545202255249,0.19975699484348297,0.505192518234253,435.67169088727684,123.5819859046378,5.588692715194341,19.702185454091737,0.5662040089588738,0.16442401407109997,1.7661478622145097,6.081836680909527,31.022653708401645,8.95753270402439,1.9427181493367962,6.728222423661971,31.472475983634045,8.666342722479909,1.8089105214963224,6.569194730397753,8.541723193212398,2.0902968133765447,1.4967059199649497,6.116092024908009,1.403805288051604,0.3838831456322273,1.439494218535505,5.264022708712035,sign,sign,0.7968807220458984,1.0302350521087646,0.062347810950043894,0.2533887028694153,11.855303876147655,2.8833282568165983,1.694041429945376,6.965344956234579
muon,75,L1.up,up,1,spectral,0.39538007974624634,0.5464464426040649,0.8548222184181213,-0.1316947796300687,0.9846556186676025,0.5464464426040649,1.0000009536743164,0.8548222184181213,0.9539031982421875,0.39538007974624634,0.6552902460098268,904.7242586884515,280.48631474575905,9.895809059661817,31.91948428478673,0.4244320633382226,0.13408381306773975,2.356091916829179,7.458028905913582,58.00693668768026,17.796892727926554,3.7725572217902688,12.296218854634553,23.682538333098254,7.404036180393698,2.577840425246055,8.245476278082393,10.414401180409493,2.7660654189740366,2.4297445625681156,9.14813310882885,1.2277802116090957,0.363075485362806,2.1348786000222466,7.21932987757581,sign,sign,0.8222694993019104,0.8739005923271179,0.12783097702559199,,,,,
muon,75,L1.down,down,1,spectral,0.33428889513015747,0.5408252477645874,0.9600988030433655,-0.13316882680578745,0.985966682434082,0.5408252477645874,0.9999992847442627,0.9600988030433655,0.8307350873947144,0.3342888355255127,0.6134419441223146,1027.968713382464,308.0357595331989,8.619796248680418,28.765753926761246,0.4847354716513299,0.14143356549403183,2.06297938407025,7.0704523445423595,27.57933263240917,8.046836355160705,2.2279844191214497,7.636084627888302,68.45905667293934,20.452721630166618,3.106501794044014,10.398038276694345,9.681256502319695,2.5365833451305404,2.209886479003218,8.434368176905796,1.3208307982325018,0.37297633646010114,1.8577451892529169,6.578881342773901,sign,sign,0.9024803638458252,0.9690646529197693,0.01986603305493193,,,,,
muon,75,head,head,2,adam,0.22935311496257782,0.38031164316030647,0.6104513315054086,-0.07853117390894682,0.9480069279670715,0.38031164316030647,0.9999997615814209,0.6104513315054086,0.8978522419929504,0.22935287654399872,0.5381007790565492,2415.2034449126986,539.801712062633,0.6550572122109831,2.9308844344000615,3.8282630256168586,1.0872897748291797,0.26121500923262403,0.9197178017594504,99.71782375067751,21.98578452109853,0.39791619046020316,1.8047723750668765,183.58857362984668,50.562035476423304,0.31299629574662663,1.1364760723357978,29.95689862771701,6.5777776970012,0.4899905253543489,2.2315434137085512,8.284084576836937,2.1196341400462013,0.2598238943919662,1.0154597322060877,sign,sign,0.905106782913208,1.805470585823059,0.10848979048225232,,,,,
muon,100,embed,embed,-1,adam,0.29808953404426575,0.32136981670673076,0.4938543466421274,-0.13479203919359184,0.9690155982971191,0.32136981670673076,1.000000238418579,0.4938543466421274,0.9262456297874451,0.29808953404426575,0.5864359736442567,2097.6100447402955,1267.290175725119,0.637343647763434,1.054926853461207,3.435339135996922,3.180921142813571,0.29109214515101517,0.31437441971103514,69.09585061389342,41.796422447777296,0.46457974316164913,0.7680210566310172,178.80458496642575,158.07670885043882,0.3315335583677984,0.3750060381285065,30.21335417376442,16.448484502158397,0.6314337054109351,1.1598472902673553,7.692399187358212,6.0751892626279425,0.3049430791932967,0.3861186529623159,sign,spectral,0.49756544828414917,nan,nan,,,,,
muon,100,pos,pos,-1,adam,0.4570055603981018,0.6026909351348877,0.9532121419906616,-0.10451342556722665,0.98415607213974,0.6026909351348877,0.9999996423721313,0.9532121419906616,0.9537312388420105,0.45700541138648987,0.7052730321884156,1727.3002105433543,815.2083284238289,1.4291795110335506,3.0282100712654363,1.9944436138124708,0.9956073562934457,0.5013927871646299,1.004411664950968,87.24628220269501,41.819850273445304,0.6992341168838699,1.4587708154981023,90.85114260302163,41.35903712515499,0.6718550536298767,1.4758273772472388,23.81192870015612,6.4398743850565445,1.2283067205131304,4.541758162030429,4.998493141012255,1.9375334943997686,0.5643882303439317,1.4560216411206546,sign,spectral,0.2872809171676636,0.2835054397583008,nan,,,,,
muon,100,L0.q,q,0,spectral,0.20717723667621613,0.5603630542755127,0.8489565849304199,-0.031188661918276184,0.952143669128418,0.5603630542755127,1.0,0.8489565849304199,0.9492632150650024,0.20717725157737732,0.5198068022727967,969.6822054554066,709.149480424424,2.367009580457907,3.2366195473185724,1.195390952966772,0.9412483959250677,0.8365464014247035,1.0624188092423688,63.554661117988324,45.39135950922464,0.8549053756211212,1.1969948030418658,65.85931607243076,48.05742478911743,0.9224639639036851,1.2641718949933747,20.431719908655058,8.624408837260923,0.6489587837064745,1.5374206338255252,3.0648168448537585,1.9591048146707037,0.6784179406170163,1.061314696734853,sign,sign,0.0,0.0,0.1643415786367757,0.28332555294036865,25.538684225854002,11.621547142027202,0.7513295176338867,1.651068232647378
muon,100,L0.k,k,0,spectral,0.10765395313501358,0.562379002571106,0.8362842798233032,-0.11868889822325657,0.9320954084396362,0.562379002571106,1.0,0.8362842798233032,0.834658145904541,0.10765394568443298,0.38905987143516546,2434.2902180525293,2439.7121328528115,0.946273528706076,0.9441705697621421,3.057321560482001,3.2226652108167375,0.3270836842698173,0.3103021674865707,142.6634265820662,145.26398249489958,0.3751640850845757,0.36844779407428574,143.55393671983785,144.3516127165351,0.37211185257944046,0.3700555908771757,29.12007620411224,20.9802759736658,0.23660145926509454,0.328396658483033,6.3390888252656685,6.2328016690117725,0.24549905563761637,0.24968551910499578,sign,sign,0.5376983284950256,0.11662030965089798,0.1643415786367757,0.1327747255563736,39.398051281102966,29.435561631299112,0.26554818361088445,0.35542318120341015
muon,100,L0.v,v,0,spectral,0.15309734642505646,0.5586787462234497,0.8209331035614014,-0.09790592363853579,0.9494734406471252,0.5586787462234497,0.9999998211860657,0.8209331035614014,0.8780198097229004,0.15309733152389526,0.4390363693237305,2626.253399485541,2164.22339723278,0.8713356239651194,1.057353019774751,3.020372027244758,2.61484169519311,0.3310849829642625,0.382432260822663,153.46129590488334,126.25542060892677,0.3423646224158974,0.41613832003831536,162.07499422964037,133.20820516812378,0.3467115213507067,0.421845394218347,41.72372552813766,22.58804427289296,0.23483591394353226,0.4337794409801017,7.064473958505836,5.405948574876074,0.24858820225871506,0.3248541596215114,sign,sign,0.5914605855941772,0.5169261693954468,0.1643415786367757,0.2039647251367569,57.297510667665314,31.101564482305136,0.27880257121457874,0.5136298949664881
muon,100,L0.o,o,0,spectral,0.3311340808868408,0.6112271547317505,0.9500487446784973,-0.12262957579569222,0.977618932723999,0.6112271547317505,1.0000004768371582,0.9500487446784973,0.9487982392311096,0.3311341106891632,0.6284015178680421,1374.4532453729946,745.3088122012905,1.8215144343464627,3.3591262907342223,1.5930648773952816,0.8898809666400369,0.6277211248748356,1.1237463372353096,88.22752280919612,47.156498368424856,0.6891627206956581,1.2893900472503383,88.78534149684961,46.89043034241824,0.6839314495731895,1.2949995738439493,32.149667015329406,10.961503481146929,0.6591852689702444,1.933364974545105,4.383439486583109,2.051252039688848,0.5734323649649659,1.2254008882562544,sign,sign,0.04790814593434334,0.05267553776502609,0.11212282740616142,0.38270288705825806,42.90227949427256,15.401155292380484,0.7153874747272696,1.9928214997374585
muon,100,L0.up,up,0,spectral,0.47105148434638977,0.5575123429298401,0.8563159704208374,-0.11058517209190588,0.9819043874740601,0.5575123429298401,0.9999995827674866,0.8563159704208374,0.9805080890655518,0.47105127573013306,0.7111606597900392,1331.9566295043514,694.3273439790613,6.857792531849595,13.15558476239121,0.6904638063583082,0.420310071576988,1.4483012339803203,2.3791949096425995,98.09011890855314,50.71211618843845,2.2348518981010166,4.322771457873263,40.57166323280735,23.23716503897795,1.5467080395523918,2.700523820136167,18.891804862375086,6.769142064419199,1.595786612012089,4.45363518585124,2.064697891488024,1.025145716076533,1.3777524793760638,2.774866630713977,sign,sign,0.10093352198600769,0.11865422129631042,0.1793698993887915,,,,,
muon,100,L0.down,down,0,spectral,0.38125845789909363,0.5340297222137451,0.9645824432373047,-0.08650352143520046,0.9845962524414062,0.5340297222137451,0.9999995827674866,0.9645824432373047,0.8324414491653442,0.3812582790851593,0.6581594944000245,1754.0375899417786,934.4584588533226,4.988230023645286,9.363223036673665,0.722863604510201,0.4380710418410592,1.3833862661339378,2.28273381998691,40.9860549626052,23.34085055803635,1.5062019612161166,2.6448597583746785,102.66964064159012,54.43453911660083,2.0756380333525986,3.914885924354924,17.01587664546964,6.247440328400736,1.4339865056168706,3.9056855621205986,2.065064056331726,1.040475920968594,1.2748459043511415,2.530225256905988,sign,sign,0.14622344076633453,0.05091492459177971,0.04965754300711873,,,,,
muon,100,L1.q,q,1,spectral,0.20215429365634918,0.5494587421417236,0.8438751101493835,-0.0628390190685727,0.9483917951583862,0.5494587421417236,1.0,0.8438751101493835,0.922023594379425,0.20215429365634918,0.5168901085853578,193.81382792456955,116.18786585835306,11.61208687694051,19.37020695910045,0.2268447255675052,0.14003850622813196,4.408301746925196,7.140893079585797,11.829000358445612,6.905574834470209,4.565728752472324,7.820928502573241,12.129017614769298,7.182012909899101,4.865151648261136,8.216291279419632,3.639636068273237,1.50870731685101,3.554716612132185,8.575470304611777,0.5634574724442428,0.3041434132180743,3.669417857233556,6.797980233410888,sign,sign,0.0,0.3983839750289917,0.1600183645930525,0.24009568989276886,4.564261749863839,1.9870968289511628,3.839025222321361,8.818048382802061
muon,100,L1.k,k,1,spectral,0.1963573694229126,0.5374007821083069,0.8504348397254944,-0.07863431594447612,0.9501659870147705,0.5374007821083069,0.9999995231628418,0.8504348397254944,0.905404806137085,0.19635729491710663,0.5143339633941652,255.41727655596375,177.63865440446932,8.618029419138873,12.39141115369901,0.33820367396769024,0.24854119211633052,2.9567967474486254,4.023476006724827,17.02365294489995,11.802225718715983,3.197188636222607,4.611658092263049,17.277052357746815,12.42483712593035,3.353923249922387,4.66371566930577,4.691209649233409,2.554905329408663,2.678812830032927,4.918723387550859,0.8111116337682209,0.5520129596408734,2.5364410046655435,3.726971933031122,sign,sign,0.0,0.0,0.1600183645930525,0.2128542959690094,5.5709931447303545,2.9006822655595013,3.040134293207484,5.838821958409749
muon,100,L1.v,v,1,spectral,0.17088180780410767,0.5366860032081604,0.8350924253463745,-0.04352520608073285,0.9578957557678223,0.5366860032081604,0.9999998211860657,0.8350924253463745,0.8501833081245422,0.17088183760643005,0.45878672599792486,598.830245880815,422.4276212233347,3.6709332640792245,5.203887621681861,0.8193087888875671,0.6093296083693062,1.2205408202002024,1.6411475947513448,42.52775871567523,29.77083683006746,1.2567301178387384,1.7952439673509462,42.52492108564631,29.521327004785253,1.279525754095676,1.8431329903005662,10.76288319946403,4.963820694189844,1.0161252709084623,2.2032297862033237,1.9100777368023552,1.2437046951717992,0.9607705444631505,1.4755483631112634,sign,sign,0.8110625147819519,0.6328257322311401,0.1600183645930525,0.2338109016418457,14.204701272128112,6.676073208513817,1.1493182030343942,2.4454078364363805
muon,100,L1.o,o,1,spectral,0.1939818412065506,0.5823760032653809,0.8860567212104797,-0.07693004158919858,0.9690200686454773,0.5823760032653809,0.9999997615814209,0.8860567212104797,0.8981239795684814,0.19398166239261627,0.490682065486908,379.5037068878081,228.4774890081318,6.285609510739758,10.440468860764222,0.5003524122712754,0.33506272331112197,1.9985908672690729,2.984515113168446,27.22912833980274,16.603208471723,2.082609088685999,3.415462153236811,27.56028250375652,16.34454842497389,2.085607601611057,3.5167649296786636,8.049353836983888,2.899356377414388,1.542338971127303,4.281926917257665,1.2523105799061451,0.6859885788583834,1.5672863003114177,2.861168940871153,sign,sign,0.061829403042793274,0.025646865367889404,0.05320730884549331,0.2572346031665802,10.773469782951194,4.0949000100926165,1.7690966225104459,4.654401562617455
muon,100,L1.up,up,1,spectral,0.41931483149528503,0.5413283109664917,0.8466579914093018,-0.09498306409480461,0.9838261604309082,0.5413283109664917,1.0000003576278687,0.8466579914093018,0.958389937877655,0.4193149209022522,0.678657352924347,984.6740738709278,525.6880746785394,9.007166210854836,16.871455667504936,0.39725455807936816,0.24778788322517475,2.5172784988613697,4.035711289075134,51.04436298551539,26.90154754491462,4.246197486337243,8.05695082927502,22.701830911493907,13.124583944999417,2.7018506244408287,4.6734400329345185,9.946883241512037,3.508021852200738,2.6979461089627454,7.649939501063435,1.1526936867673354,0.5773846983876713,2.3550314534536687,4.701596519816103,sign,sign,0.16036437451839447,0.22584226727485657,0.14738574165135904,,,,,
muon,100,L1.down,down,1,spectral,0.31758368015289307,0.5172126889228821,0.9503075480461121,-0.08600263278644427,0.9838148951530457,0.5172126889228821,1.0,0.9503075480461121,0.8168341517448425,0.31758368015289307,0.6162977814674379,1004.3173584129431,475.9712442604614,8.437584618375437,17.80362321778276,0.433081814310942,0.24886323838726418,2.3090325360141417,4.018271266099445,24.461414328107075,12.524308062635258,2.4863518625358916,4.856131194696437,60.888468576291004,29.489736662781006,3.434304519987609,7.09092608177125,8.939450201540973,2.9971396822573406,2.2736686756068023,6.78158179303885,1.1989363123405798,0.5620244137871375,2.0561485213982476,4.386270534509953,sign,sign,0.09682019054889679,0.0,0.02306952593292731,,,,,
muon,100,head,head,2,adam,0.2535843849182129,0.3598295651949369,0.5926704993614784,-0.11374166498364102,0.9464702010154724,0.3598295651949369,0.9999999403953552,0.5926704993614784,0.8925208449363708,0.25358453392982483,0.5694909095764161,2463.7594252937574,775.9260050524738,0.6075637807179413,1.9291671905102687,3.7769091050309718,1.8425918523094813,0.2647667477788441,0.5427137535325406,104.70310687350916,32.06170485837706,0.36793160784651857,1.2015450403733186,181.68669721047934,82.8796249160783,0.31439469676612675,0.68920840476495,33.224941096315696,9.296547227085833,0.4884704110601207,1.7457449780366487,8.363060032871957,3.313393728882243,0.27238373078570116,0.6875009971443723,sign,sign,0.27007439732551575,0.004436197225004435,0.1285683820953147,,,,,
muon,125,embed,embed,-1,adam,0.3720910847187042,0.3814916757436899,0.5905864422137921,-0.12637581170305,0.9755139946937561,0.3814916757436899,1.0,0.5905864422137921,0.9558494091033936,0.37209105491638184,0.653129279613495,1980.811708676966,495.1903356952027,0.8011894134822894,3.2048391430453447,2.554477231390969,1.1140374165011517,0.3914695295426368,0.8976359188551242,65.43483413651508,16.288366679780616,0.58666181782945,2.3567813457655733,128.79597192558262,50.4503909003313,0.47497108230964935,1.2125646816785212,30.624655803826187,7.493336583690226,0.7776029827893092,3.178000004935536,6.539169299877301,2.245462926568455,0.39951819545381706,1.163464819455497,sign,sign,3.778250217437744,nan,nan,,,,,
muon,125,pos,pos,-1,adam,0.46216192841529846,0.5972552299499512,0.9480746984481812,-0.15254398128643742,0.9835925698280334,0.5972552299499512,1.000000238418579,0.9480746984481812,0.9556583762168884,0.46216216683387756,0.7006675601005555,2004.4356800258206,327.5974528628837,1.2204718995241028,7.467571559229814,2.090868753187119,0.3729326191485221,0.4782702103583858,2.681450179128269,88.86896964757322,14.476794949442642,0.6827667850916792,4.191313126461024,101.95498818602637,17.67499977661314,0.5998935134618901,3.4603754936850506,22.020702954368694,3.1103653274522967,1.3432073082279572,9.50961254601326,5.440029388354865,0.8689568813479187,0.5151938206705254,3.225326348528372,spectral,spectral,0.31359782814979553,0.1794378161430359,nan,,,,,
muon,125,L0.q,q,0,spectral,0.2634269595146179,0.5879504084587097,0.8861948847770691,-0.0911268001656238,0.9594771265983582,0.5879504084587097,1.0000007152557373,0.8861948847770691,0.9585549831390381,0.26342713832855225,0.566951870918274,1034.6476649291437,256.08385549385156,2.3275990027115174,9.404126114872149,1.2521941973196278,0.35609252820874554,0.7985987456229068,2.8082608761437573,69.78975286143059,17.150150268706398,0.8126762210828357,3.3070539754524515,71.8477914305448,19.373528270716903,0.8538539278580752,3.1665640901159566,28.86608593866132,5.669538234002579,0.5840532438934222,2.9736691834740654,3.6196670157461295,0.8791157444911887,0.6265235886483582,2.5796452658573545,sign,sign,0.45330482721328735,0.44013670086860657,0.18667887577349282,0.3304186463356018,36.13141485243611,7.164276614850447,0.6588710304488757,3.3228675852708314
muon,125,L0.k,k,0,spectral,0.1561509519815445,0.5426310300827026,0.8353557586669922,-0.11319090473002336,0.9538384079933167,0.5426310300827026,1.0,0.8353557586669922,0.889471173286438,0.15615081787109375,0.4548130035400391,1712.7089561314444,767.26230913035,1.2977200190737905,2.8968146522640543,1.9822516329880864,1.21442847013286,0.504476819874064,0.8234326060312129,102.21268562817997,46.18905571641677,0.5230541417253188,1.157476976427675,109.18993640452923,58.9192481351439,0.5213498328218709,0.9661724630253209,33.67865563748919,10.39913897150679,0.2967357436825496,0.9610084983190497,5.026241052719594,2.4550459742032835,0.3619508087810068,0.7410256399579416,sign,sign,5.736565113067627,3.4775829315185547,0.18667887577349282,0.18914863467216492,42.96346886226539,12.865820981057261,0.33688080469122805,1.1249626420231058
muon,125,L0.v,v,0,spectral,0.21391209959983826,0.6202974915504456,0.9004881381988525,-0.07836914893193936,0.9503551721572876,0.6202974915504456,1.0000001192092896,0.9004881381988525,0.9540003538131714,0.2139122635126114,0.5176400542259217,2411.9585491662046,853.7933301840166,1.0533922841538628,2.975823815399242,2.7725805204591376,0.9822269355086253,0.36067487015442573,1.0180947834539487,151.0888124207048,51.425476824219054,0.3814394985397935,1.1206748950859484,150.62409739460932,51.98767528135868,0.405353616719685,1.1744326383821964,48.00692199659318,11.59994807153764,0.28517504793808324,1.180210135192747,7.102280744263206,2.1989219867433505,0.29153451588879825,0.9416250285221124,sign,sign,1.6761820316314697,0.8398820757865906,0.18667887577349282,0.251969575881958,64.24316751227383,15.66216821828657,0.3260229051767392,1.33728254084598
muon,125,L0.o,o,0,spectral,0.3353106379508972,0.610929012298584,0.9567868709564209,-0.09502547647067416,0.9739094376564026,0.610929012298584,0.9999995827674866,0.9567868709564209,0.9561944007873535,0.335310697555542,0.6333135962486268,1371.9377338750883,290.4025108878129,1.8239641439899594,8.616885669221032,1.7710215906659725,0.3907342331194328,0.5646456192504395,2.5592832621395223,99.96666229027257,21.1359852592915,0.6125478068218894,2.897161357277725,99.14083821351397,21.30619118413039,0.6172677450900237,2.8722375163878144,38.88157316593503,7.042453190175932,0.5519293351962127,3.047216679948045,5.05184524807637,1.0347067842027602,0.5014513979414298,2.4482828377157433,sign,sign,0.8218761086463928,0.8065037131309509,0.12356823576803591,0.40916845202445984,51.00090445315604,9.423080015890744,0.6101104021763084,3.302124387652158
muon,125,L0.up,up,0,spectral,0.4981900155544281,0.558018684387207,0.8633804321289062,-0.09154871890204597,0.9812806248664856,0.558018684387207,0.9999994039535522,0.8633804321289062,0.9749729037284851,0.49818986654281616,0.7289006710052491,1820.9985685025638,388.43428487411603,5.020639929727176,23.53700093173529,0.7348836969564836,0.16330803954914308,1.3607587269863841,6.123393598467819,105.02325662711826,22.197753733104634,2.104537582658893,9.95710616860181,43.53309905896272,9.55279931964689,1.43335225810845,6.531935169023265,22.121649736456046,3.9485198561508827,1.4413094958646442,8.074960995745675,2.284458432515448,0.46435984691394494,1.2762774067246156,6.278757096242464,sign,sign,0.7064077258110046,0.534673273563385,0.20793389931571063,,,,,
muon,125,L0.down,down,0,spectral,0.40375110507011414,0.5358582139015198,0.9648723006248474,-0.08247859270516145,0.985415518283844,0.5358582139015198,0.9999998211860657,0.9648723006248474,0.8374598026275635,0.4037509560585022,0.672076165676117,1974.493927714541,395.4132066600133,4.446456306262077,22.203357977649304,0.8128854563108036,0.16969217038881607,1.2301854011811963,5.893022753464487,46.618155847040825,9.585658312540458,1.3246304174408916,6.442106032425887,107.52517526088194,21.28441058664126,1.9938559407366252,10.072616697556741,20.20404162623553,3.4698781401250387,1.2789553391256119,7.446966684789363,2.368129954485647,0.4558700083035956,1.135201695519079,5.89708708749117,sign,sign,0.8189312815666199,0.4916057586669922,0.058612448272659094,,,,,
muon,125,L1.q,q,1,spectral,0.20340806245803833,0.5286003947257996,0.8197021484375,-0.0642380923909136,0.9523767828941345,0.5286003947257996,1.000000238418579,0.8197021484375,0.9100061058998108,0.20340809226036072,0.5144975781440736,303.839137622224,54.63509288058132,7.12596551497883,39.629240157591504,0.39204025167103057,0.06998519661366527,2.550759097200307,14.288739430694399,19.061651742439118,3.3542646010206245,2.752171648546084,15.640071294327036,20.425066006141414,3.7236362734618216,2.851417506316805,15.640730323921373,6.771776062032384,1.2104384223698974,1.9224082109939138,10.754878285485294,1.0200104887727994,0.18327462102675676,2.017616813972486,11.22899777965353,sign,sign,1.5160293579101562,1.4419819116592407,0.18026924397149918,0.22635428607463837,8.267848124211891,1.474642205898224,2.1365144771824434,11.978754671384717
muon,125,L1.k,k,1,spectral,0.16698525846004486,0.4519578218460083,0.7099369168281555,-0.05582700063803003,0.9423662424087524,0.4519578218460083,0.9999996423721313,0.7099369168281555,0.8729341626167297,0.1669851839542389,0.4720930755138398,378.25106223454384,63.22422102936719,4.8941547641533285,29.280222170256113,0.538263234882086,0.0881690025124016,1.857826389705392,11.341850467588927,25.18705844303895,4.197549188014008,1.803940812689831,10.824402679245107,28.86997655541193,4.7497155019937125,1.9351517761103896,11.762343741224074,8.204178432791336,1.3876855785801918,1.302635800646132,7.70135303443689,1.3253472539539957,0.22042358481243643,1.424813410100811,8.56701673770889,sign,sign,3.388094425201416,2.831981658935547,0.18026924397149918,0.20619472861289978,9.581996252150686,1.6583286927871665,1.4447699783300247,8.348031712766646
muon,125,L1.v,v,1,spectral,0.224185511469841,0.5608292818069458,0.8954282999038696,-0.17014798576513723,0.9602165222167969,0.5608292818069458,1.0,0.8954282999038696,0.9140679836273193,0.22418555617332458,0.53803688287735,606.8623762842552,127.7948797997672,3.7853009645225697,17.975342532349522,0.7453762552104181,0.15755714583216174,1.3416043146124936,6.346903497891827,40.1166081605751,8.231070035164057,1.4285208501292728,6.962328220878202,40.004119603129254,8.287262149693719,1.4623581654218518,7.059068471040281,11.830539380305952,2.0113627970140673,1.212782635925664,7.133408629894966,1.873132194883733,0.36459457107698356,1.148956691794817,5.902851936524189,sign,sign,1.4219095706939697,1.3258929252624512,0.18026924397149918,0.25014883279800415,15.39600255063728,2.7019192186767444,1.3661553281886,7.784589106871744
muon,125,L1.o,o,1,spectral,0.205996572971344,0.5893292427062988,0.927904486656189,-0.10003047457060632,0.9641859531402588,0.5893292427062988,1.0,0.927904486656189,0.9011722207069397,0.20599669218063354,0.5167376995086671,523.3179768711946,103.59732492977227,4.612668940893534,23.30072306173308,0.6246607261316636,0.11764620692949927,1.600869012836296,8.500061549789367,34.039588018974655,6.552844874531555,1.7446123940422744,9.062611473805326,32.33648316357451,6.105157749017594,1.7835898181473324,9.446933968991196,10.083711569378737,1.589687098314215,1.3074335265151686,8.29331922709532,1.5714413843537884,0.2784652155176803,1.3153212978716897,7.42265175689879,sign,sign,0.8844960927963257,0.3331238925457001,0.06517433734990134,0.2527170479297638,13.431514520650186,2.1748137294413326,1.4800324923011479,9.14058875124147
muon,125,L1.up,up,1,spectral,0.4385986328125,0.5357075929641724,0.847601592540741,-0.09023289819082037,0.9814658164978027,0.5357075929641724,1.0000004768371582,0.847601592540741,0.9496474862098694,0.4385988414287567,0.6923347115516664,902.4791207598582,193.6875488138359,9.725469544087648,45.31542299376768,0.39878357206846987,0.0915113724702788,2.5076270610903233,10.927608775203758,51.02105540152471,11.00702239643482,4.25287179935414,19.713415660961275,22.300570099943325,4.9338059902540135,2.725376026040971,12.318570944517937,11.19036896956586,2.0731951722240414,2.508435620464045,13.539641855948279,1.212668271940316,0.25374867708657206,2.283673280673766,10.91370470477805,sign,sign,0.6300007700920105,0.443265438079834,0.16693940369590232,,,,,
muon,125,L1.down,down,1,spectral,0.2897513508796692,0.49152103066444397,0.9466241598129272,-0.12487911136131802,0.9829834699630737,0.49152103066444397,1.0,0.9466241598129272,0.7620700597763062,0.2897513508796692,0.5940731763839723,1061.7080698533,229.39994666126464,7.585023411867796,35.10498011709457,0.5102606672843687,0.11463725532583371,1.9597826446667879,8.723167674921193,29.2483669721751,6.454835521398499,2.0713616690348142,9.3858233919648,67.14291661955181,14.113681806596935,2.905592207263823,13.822752841965487,10.974585548270454,1.9504173326653942,1.6897294802331186,9.50775017411839,1.423601352454365,0.29000262902465906,1.669211837008918,8.194036849564812,sign,sign,0.9395856261253357,0.6966078877449036,0.02744167772814828,,,,,
muon,125,head,head,2,adam,0.2677256166934967,0.36500822213979867,0.6179070105919471,-0.1603206067053201,0.9504059553146362,0.36500822213979867,1.0000005960464478,0.6179070105919471,0.8769690990447998,0.26772573590278625,0.5778241157531739,2821.9555992950495,402.4752049416322,0.538078701337782,3.7727397500717315,4.211960720163652,0.7757340941305917,0.23741925969518388,1.289102288545412,128.10085212701216,18.247294129773223,0.313533868210759,2.201091044120508,208.4777762891542,36.92803407385107,0.2692182511627599,1.5198757189896093,37.858635329736096,5.332214338837598,0.45259009295622427,3.2133823200393508,9.610449247394277,1.5886883613517762,0.24049827469193152,1.4548457200542904,sign,sign,0.4437639117240906,0.536797821521759,0.1410416713074077,,,,,
muon,150,embed,embed,-1,adam,0.3128265142440796,0.322943349984976,0.5083137512207031,-0.14401752311831417,0.9656104445457458,0.322943349984976,1.0000001192092896,0.5083137512207031,0.9407206773757935,0.3128264546394348,0.5991407036781312,2233.064374907391,543.1444697388094,0.6016146919155498,2.4734567150863995,3.360545354192917,1.0577483468343292,0.29757078503987455,0.9454045683003233,80.46198402723878,19.41046237292554,0.4106335958377629,1.7021950943029422,175.25881358717407,54.23219694552875,0.34352693664734946,1.1101546082029885,29.516713747159375,6.54295771059485,0.6782903681340122,3.059916251827157,7.940736947814712,2.2027096850864205,0.30180630581171836,1.0880074209818313,spectral,spectral,0.0,nan,nan,,,,,
muon,150,pos,pos,-1,adam,0.418876588344574,0.5776026844978333,0.9038539528846741,-0.13236548761235645,0.9814156889915466,0.5776026844978333,1.0,0.9038539528846741,0.9327847361564636,0.418876588344574,0.6665558218955995,2743.1121368493764,591.5848880581854,0.8624731610208445,3.999190384103305,2.6965573501785305,0.6219632974854862,0.37084321604871234,1.6078119143731877,102.41462791320987,22.251439853396747,0.5648280344643798,2.59968134043194,134.9535727848739,30.23262050686231,0.4423611904604935,1.9746294602700136,27.314412847996035,4.693797408774267,0.9814637282498576,5.711389549671817,6.804936564857103,1.3752109485960617,0.3918071513722079,1.938773693931944,spectral,spectral,0.02623700723052025,0.1175759956240654,nan,,,,,
muon,150,L0.q,q,0,spectral,0.2721949815750122,0.5517224073410034,0.8507316708564758,-0.12256847859403208,0.9566450715065002,0.5517224073410034,1.0000005960464478,0.8507316708564758,0.9536832571029663,0.2721950113773346,0.5722657442092897,1218.8012323582054,351.47740970041957,1.8541620409229937,6.429588127427389,1.589993351953012,0.47479210951363743,0.6289338221560061,2.106186214995902,84.10727949350117,23.933954848659578,0.6473497569139836,2.274877983145512,89.22275580666712,25.9764851079677,0.6840825292019167,2.34965308820278,36.21561174107842,7.976465890654051,0.48102140776727736,2.1839853365709363,4.563744413125568,1.2160263165331369,0.5015757339720537,1.8824127591254636,sign,sign,0.2524431049823761,0.2992876470088959,0.2003113321203603,0.3268076479434967,44.925092405805586,10.192444507337433,0.5340403853363594,2.353882196012597
muon,150,L0.k,k,0,spectral,0.16197863221168518,0.5286672711372375,0.8093924522399902,-0.09894357616906602,0.9463217258453369,0.5286672711372375,1.0000003576278687,0.8093924522399902,0.872235119342804,0.16197864711284637,0.45746025443077093,2395.1672500421514,793.1225628055977,0.9040793049170227,2.7302478130468866,2.817501321475122,0.9420055557562317,0.3549245389898563,1.06156524398105,145.2956452333966,47.28280074104949,0.3565221577023063,1.0955594028165767,152.74858197433514,50.25862739337694,0.3654570596754794,1.1107157225168427,45.999655094465126,11.555742911648574,0.2253633064771358,0.8970980445096759,6.981057083929577,2.1517869833209096,0.26211522887604727,0.8503822123354002,sign,sign,0.0,0.0,0.2003113321203603,0.15745604038238525,56.53152534863012,14.685553796248989,0.255837311476556,0.9848367762989257
muon,150,L0.v,v,0,spectral,0.21872909367084503,0.5845919251441956,0.8775867223739624,-0.05314307898380777,0.9548846483230591,0.5845919251441956,1.0,0.8775867223739624,0.9387381672859192,0.21872901916503906,0.5236942172050477,3089.435260651784,1060.190118112671,0.775057032554699,2.258546353604243,3.7511260687841768,1.2818631555514461,0.26658661470264106,0.78011447296011,198.00408885601837,66.3079003671518,0.2836585373384648,0.8470416032017413,205.45240268996344,68.9070968129185,0.29242414262227445,0.8718875919183313,61.95916518797969,14.960424343160602,0.22593364589588177,0.9357127690021146,9.327750062162739,2.864702921885147,0.22457479779322378,0.7312372840034099,sign,sign,0.0,0.027061374858021736,0.2003113321203603,0.29969552159309387,83.18680390962221,20.37631779688147,0.2539467110882178,1.0367435112354881
muon,150,L0.o,o,0,spectral,0.32197993993759155,0.6101305484771729,0.953963577747345,-0.14324700881889973,0.9701632857322693,0.6101305484771729,0.9999998211860657,0.953963577747345,0.9381983280181885,0.3219798505306244,0.621825933456421,2005.9874211794086,440.59877589094566,1.245817745503694,5.672041919565071,2.3861849287759083,0.5147908259332864,0.4190789276751726,1.9425362123987409,128.9255898363615,28.270743478650324,0.47355741442270927,2.1596060613664783,132.8707131341511,28.193839314889225,0.4519031438669315,2.1297096973044867,52.044106041262346,9.116750361691421,0.39594716334772184,2.2603137454103455,6.742520543234789,1.3508218460456685,0.368898135502783,1.8413259041299477,sign,sign,0.5443480014801025,0.4548336863517761,0.13240407133760004,0.34109413623809814,67.96765538370505,12.099111202983872,0.4315890099234583,2.424483303090703
muon,150,L0.up,up,0,spectral,0.4929514527320862,0.5509118437767029,0.8604011535644531,-0.09705765031806901,0.9818674921989441,0.5509118437767029,0.9999999403953552,0.8604011535644531,0.9705514907836914,0.49295133352279663,0.723957657814026,2188.920764789348,451.46510337916067,4.123557048583316,19.992995207997158,0.887737712717053,0.19461989816622177,1.1264587795134973,5.138220448256894,130.82456546380337,26.677768684020084,1.6836493553914569,8.256413717404964,52.21806880719708,11.269382750759542,1.1895364349743065,5.511863141392527,26.939147895063584,4.448388193474111,1.1711168179130629,7.09220683717289,2.7563790021421792,0.5380411515742932,1.0505921544781718,5.382172248248723,sign,sign,0.7493250966072083,0.700374186038971,0.2070170948062986,,,,,
muon,150,L0.down,down,0,spectral,0.4194779694080353,0.5302093029022217,0.968413770198822,-0.08533131475416589,0.9840574860572815,0.5302093029022217,1.0000003576278687,0.968413770198822,0.8309345841407776,0.4194779694080353,0.6840252280235292,1699.4995590998954,353.9592562028089,5.111474829302611,24.54222927220928,0.8455890070906993,0.19086286841608452,1.1826080391802054,5.239365655177359,48.60923283795521,10.72250395466343,1.2750351666593343,5.780224614957492,114.78770153786155,24.01414005198364,1.8531536975664225,8.858083324223296,22.955805121433038,3.951185746452093,1.1694903231425833,6.794565903050591,2.54753477335789,0.5172489456857698,1.0740190637271179,5.289717717001023,sign,sign,0.7140785455703735,0.6860551834106445,0.06331765092443567,,,,,
muon,150,L1.q,q,1,spectral,0.19343677163124084,0.49853837490081787,0.7685198187828064,-0.02886809875197438,0.9458304047584534,0.49853837490081787,1.0000007152557373,0.7685198187828064,0.9063236117362976,0.19343635439872742,0.5040742158889772,271.7669707374932,71.79263711829397,7.513838705462791,28.443211804980635,0.3831889077871687,0.10493187657773956,2.6096807473643238,9.529999346908461,18.524060675464355,4.795880798513906,2.6552098518683267,10.25573204766486,21.19457274116063,5.659247550541091,2.7367719019159935,10.249544773063889,7.532854437459937,1.5618457617529136,1.6434616255868042,7.926491528332622,1.0442326228696532,0.255953757117784,1.9308885964651512,7.877582600313442,sign,sign,0.2775037884712219,0.20274843275547028,0.17617055719674857,0.23854312300682068,8.941009821748148,1.8991197681549707,1.8541893591573135,8.729478545585668
muon,150,L1.k,k,1,spectral,0.16430996358394623,0.458699107170105,0.7126491069793701,-0.06420126386579172,0.9451435208320618,0.458699107170105,1.0000004768371582,0.7126491069793701,0.8731158375740051,0.1643100529909134,0.4667897522449494,386.69537357102683,120.02870269143027,4.858686375319804,15.653185453473151,0.5484484440782232,0.18929989839047012,1.8233263083057114,5.282625534084814,25.583548880116698,7.932848526088639,1.7827684134208217,5.749453389496128,29.30725038205814,9.52900165373756,1.9066754088587454,5.8641414531415,8.511967060472621,2.1893427249769615,1.2354184889768522,4.803195664205787,1.3459124234673285,0.4203496999435634,1.3872807623865984,4.441916844912786,sign,sign,0.5480196475982666,0.23062764108181,0.17617055719674857,0.1912737339735031,9.94890574670323,2.4552068013929182,1.3344581803030793,5.407446187922057
muon,150,L1.v,v,1,spectral,0.2390667051076889,0.5856402516365051,0.9161539077758789,-0.11016693435245906,0.9560503363609314,0.5856402516365051,1.000000238418579,0.9161539077758789,0.9287087917327881,0.23906685411930084,0.5562690496444703,681.3110722345406,157.94460717545226,3.5208329476221207,15.187492080932179,0.7990250266386039,0.18501198587816214,1.251525553117469,5.405056508485454,40.44597923781232,9.268220372764928,1.4496830390211044,6.326333183655666,44.64070972392016,10.10692643950782,1.3314609700089441,5.880854385024383,14.026352175939996,2.4782236280676186,1.0908233837044652,6.173887121526502,2.0958899932052737,0.44226168077627515,1.0616378749798032,5.031130426385436,sign,sign,0.5266866683959961,0.09724961221218109,0.17617055719674857,0.27926313877105713,18.12908278245715,3.130167135068019,1.2228207803946678,7.082247752052403
muon,150,L1.o,o,1,spectral,0.2574043869972229,0.5851863622665405,0.9363119602203369,-0.10492723411121818,0.9657966494560242,0.5851863622665405,0.9999998211860657,0.9363119602203369,0.9113977551460266,0.2574043869972229,0.5723727345466615,597.3232898785661,111.10885047094872,4.0127739541698375,21.572748972598415,0.7401275399275746,0.13869754575576015,1.3511182427881563,7.209931623065763,39.803525134690496,7.335532114421814,1.5054939292770135,8.169000492314629,38.36162497896033,7.031648660043962,1.5205157852759588,8.295274572063306,12.784821029515193,1.9530170007887628,1.288549821889711,8.435092400025368,1.9000535940870151,0.3303706720362599,1.2049609908238397,6.930065696322474,sign,sign,1.2638607025146484,0.6058549880981445,0.09119407859069688,0.28184741735458374,16.85224347373866,2.6077506520522293,1.424495625786933,9.205614460932098
muon,150,L1.up,up,1,spectral,0.43932196497917175,0.5258834362030029,0.8324291110038757,-0.10407434940434213,0.9829696416854858,0.5258834362030029,1.0000005960464478,0.8324291110038757,0.9498514533042908,0.43932196497917175,0.6891854405403138,1035.2868520056677,197.2332046709337,8.32240282203722,43.68470427241277,0.48348728254254847,0.09605208905202783,2.0683079620784945,10.41102391333503,60.341033854824346,11.416344057793788,3.531624150320295,18.666383155429724,27.94428003354063,5.444543633622289,2.175418115568185,11.165397341306697,13.320739591865186,2.109205065711348,2.1107393759528734,13.33042956820402,1.4597637786507403,0.26387017992682554,1.8884848373956171,10.447341048259918,sign,sign,0.6737304925918579,0.36351343989372253,0.16434467682743326,,,,,
muon,150,L1.down,down,1,spectral,0.3225541412830353,0.5230031609535217,0.9655623435974121,-0.1081736823654178,0.9828122854232788,0.5230031609535217,0.9999993443489075,0.9655623435974121,0.8034108281135559,0.3225541412830353,0.6231330633163453,1235.0171232836867,238.90282533599077,6.9382712413568735,35.86765362448644,0.5664553838156025,0.11426751162650049,1.7653629445852987,8.75138812524024,32.19014089461584,6.323498933959935,1.9197179096712327,9.772436215393835,75.51749979553551,14.679021666545353,2.7235167021409974,14.011367832899632,12.38332729943096,1.9462223483613406,1.667036250129616,10.606935801940743,1.5923958897149328,0.292721278571108,1.5652712708620788,8.515033653093846,sign,sign,0.8200259208679199,0.7896281480789185,0.025491740737584742,,,,,
muon,150,head,head,2,adam,0.30604299902915955,0.38660862262432394,0.6416972233698919,-0.10098548126387441,0.9574518203735352,0.38660862262432394,0.9999998211860657,0.6416972233698919,0.9165340065956116,0.3060425817966461,0.6135058999061586,2793.4180431146815,387.6722548706371,0.5757433528724295,4.148586466818113,4.081329652142811,0.7613541241588857,0.24501814516772447,1.3134490107226076,97.57454094805878,13.277175657501527,0.42747133743879306,3.1415054372257916,201.25782340238533,36.083368389803844,0.29145786946548047,1.6256291759805415,36.30903563988825,4.906341956066303,0.5394455616345647,3.992128616096863,9.542929814919267,1.5610176698577074,0.2571562782578352,1.5720669677647303,sign,sign,0.432719349861145,0.565545916557312,0.13709499481019574,,,,,
muon,175,embed,embed,-1,adam,0.29539474844932556,0.31323523888221155,0.4976979182316707,-0.08147860406046059,0.9682446718215942,0.31323523888221155,1.0,0.4976979182316707,0.8968570232391357,0.29539456963539124,0.5759664177894593,3231.1332885313263,507.2100766114322,0.4032822162970225,2.569070793024205,4.80541976993983,1.1130846912884989,0.20809836556953304,0.8984042344903758,134.77816242680802,21.505096692409353,0.2400267528697509,1.5043115196258239,229.20847908608593,49.74733062443533,0.2504220163065908,1.1538076267977888,45.47754613310057,7.223538978599911,0.4157054107114218,2.617174497073522,11.468240537928208,2.284929884126823,0.20089094430295593,1.0082872508091207,spectral,spectral,0.9333806037902832,nan,nan,,,,,
muon,175,pos,pos,-1,adam,0.43792638182640076,0.5906420350074768,0.9231500029563904,-0.1337511589096978,0.9855554699897766,0.5906420350074768,1.0,0.9231500029563904,0.9435402154922485,0.43792638182640076,0.6806591153144838,3664.2475581405847,490.5801286071042,0.6602364433636353,4.931446738904032,3.672758033139821,0.536492894158226,0.2722749473221097,1.8639575861839346,143.80094617060485,19.028672559368257,0.41085682509428567,3.104872397424367,192.1519517441538,27.983382776663458,0.31426469126843604,2.1579440296211385,40.45730872946869,5.082927132103992,0.6927620575135996,5.514005553978544,9.419450461205592,1.2924913050018636,0.2890441379046887,2.1065030979772565,spectral,spectral,0.3431500494480133,0.29174521565437317,nan,,,,,
muon,175,L0.q,q,0,spectral,0.2988392114639282,0.5823014974594116,0.8762275576591492,-0.08926782475318096,0.9667119979858398,0.5823014974594116,1.000000238418579,0.8762275576591492,0.9566985368728638,0.298839271068573,0.5897393822669984,2082.7544340468958,368.86266182727996,1.1451695382827096,6.466111050054117,2.5058341072756365,0.46552557192166255,0.3990688112653186,2.1481102193605306,133.9843652528232,23.107196346867056,0.41854557869022635,2.4268874011532278,140.65655002447025,24.84827724805145,0.43530647061378386,2.4641026719333112,56.558733409813016,7.499556528957267,0.3381566770565328,2.550245907813418,7.182554620077156,1.1436523067515945,0.32842872980812415,2.06265250087218,sign,sign,1.0880746841430664,1.1140460968017578,0.22034426264294849,0.34837111830711365,68.50167326072328,9.361975786121432,0.3809467178310056,2.787391058337225
muon,175,L0.k,k,0,spectral,0.20054802298545837,0.5147780776023865,0.8126023411750793,-0.08579284391409892,0.9570587277412415,0.5147780776023865,1.0,0.8126023411750793,0.869916558265686,0.20054800808429718,0.4975087940692902,2944.3423135440303,615.4088747050121,0.71612970956539,3.426227817839109,4.257012495913295,0.9734165429805604,0.2349065221114558,1.0273094362440587,209.17667345391766,43.1700283557941,0.2486249971207344,1.2046911205752076,230.2399755375861,50.63144266136868,0.24181143869134558,1.0996064264130312,69.82905203859332,11.44236180655347,0.18380708387176625,1.121715485118861,10.670129584753653,2.176200061773759,0.18650522676895182,0.9144540397800377,sign,sign,1.5258276462554932,1.3290706872940063,0.22034426264294849,0.23722602427005768,85.92886363136664,13.633124372459932,0.20515271928520593,1.2930667657278656
muon,175,L0.v,v,0,spectral,0.21734410524368286,0.5814167857170105,0.8989477157592773,-0.042063753108504076,0.9499775767326355,0.5814167857170105,1.0000004768371582,0.8989477157592773,0.920943021774292,0.21734414994716644,0.5234068036079408,4963.992776336274,879.5095879605605,0.4797515350243022,2.7077398437681013,5.835000959399021,1.0399439822072565,0.17137965936858285,0.9615907144485618,307.53857742175774,53.863363903415326,0.18707459171762245,1.0681221824867453,323.3446088364373,56.89443726007311,0.1822833960512063,1.0359598623698374,105.46918322802095,15.288251819498093,0.13188710835605533,0.9098506330775047,15.217891022479483,2.5351170928534774,0.13757676178738726,0.8258506772756334,sign,sign,2.355867385864258,1.8962759971618652,0.22034426264294849,0.2885653078556061,142.69984409396574,20.609991168550327,0.1453792473546514,1.0065795643650461
muon,175,L0.o,o,0,spectral,0.3127084970474243,0.6029167771339417,0.9600434899330139,-0.14355769919533923,0.9727921485900879,0.6029167771339417,0.9999998211860657,0.9600434899330139,0.9367237687110901,0.3127084970474243,0.6120510697364808,3209.6242848028055,563.2416310905234,0.769419377474691,4.384525189232192,3.6892692538038903,0.68952160239329,0.27105633999334616,1.4502806260385803,206.2029020275272,37.400111477717246,0.2979724472913119,1.6428502731153654,197.35509686156925,35.03097394351089,0.30376880126668687,1.7113518252213744,86.21515386727155,12.629728411376995,0.23213255342379543,1.584621866690888,10.79041211961594,1.8386179380579895,0.22688689363425033,1.3315453070358394,sign,sign,1.3215023279190063,1.2666035890579224,0.1553287155222466,0.3236786723136902,111.30755836270151,16.360248879264116,0.2552488059780188,1.7365946922982345
muon,175,L0.up,up,0,spectral,0.4895893931388855,0.5591785311698914,0.8729885816574097,-0.1030860661916213,0.9820442199707031,0.5591785311698914,1.000000238418579,0.8729885816574097,0.9690167307853699,0.4895894229412079,0.7203805446624757,3469.5787856406037,595.406514022507,2.6405456168351447,15.387102490351964,1.3634077448409718,0.25116892800604756,0.7334564749265227,3.9813851432869174,206.20851436415919,35.665181160392386,1.0837820038295203,6.266197720943754,80.71376646086688,14.456308736322438,0.7683580322116664,4.289965848228023,42.45379570566062,6.013162471823092,0.7380666032202461,5.210856838994296,4.306647148070937,0.7143881789393958,0.669087129634155,4.033552434935171,sign,sign,1.0805673599243164,0.8878315091133118,0.21020238404789118,,,,,
muon,175,L0.down,down,0,spectral,0.4215693175792694,0.5394043326377869,0.9653266072273254,-0.10879478909926099,0.9860815405845642,0.5394043326377869,1.0000003576278687,0.9653266072273254,0.8396958112716675,0.4215693175792694,0.6766324639320375,3263.9813633040485,505.1283627216515,2.7076136785877396,17.49575204670781,1.3153731269872957,0.21973292480752707,0.7602408298535408,4.550980962474373,75.67138487886086,12.386545750388342,0.8164367939274704,4.9877426772199085,179.68772320934573,27.966235963095276,1.1963094854015406,7.686487662094198,36.92970539512736,5.050049287152089,0.7305891492619121,5.342609648535612,4.004972226378767,0.6206767398553599,0.6757924157130426,4.360611058759619,sign,sign,0.9450156092643738,0.884128749370575,0.07666864373642063,,,,,
muon,175,L1.q,q,1,spectral,0.23894110321998596,0.5018198490142822,0.7873683571815491,-0.1233008767918955,0.9501069784164429,0.5018198490142822,1.0,0.7873683571815491,0.9276910424232483,0.23894110321998596,0.5522172451019288,534.5298800669208,120.72280994295303,3.845349302652952,17.026228121543845,0.7346027723047278,0.17968154082509483,1.3612799157599424,5.565401962872845,33.60086612009385,7.484990191917165,1.499710593158912,6.732350152447176,39.842176351625376,9.433283022853454,1.4901853300156325,6.2939091906020765,13.680891989600546,2.4732049700123455,1.117780230828765,6.1831634625911205,1.9405612976169515,0.4241540189772147,1.1382632944272304,5.207706627394025,sign,sign,0.9808042645454407,0.5574138164520264,0.20432185659902088,0.25306424498558044,16.318040139191133,2.933525602384945,1.2002287276620245,6.676396666958141
muon,175,L1.k,k,1,spectral,0.19048456847667694,0.46171486377716064,0.739471971988678,-0.04151778277867957,0.9430351257324219,0.46171486377716064,1.0000004768371582,0.739471971988678,0.8793686032295227,0.19048458337783813,0.5013375282287599,833.1234705900124,188.43488112141628,2.269992562677326,10.036273914767845,1.3316275934300255,0.28910983615569114,0.7509610658197181,3.458894689071177,58.72079897024828,12.886003519891462,0.8059530360146134,3.6726830110065047,67.46038266570882,15.354279441077374,0.8342613602649672,3.6654009602120703,18.551649186863447,3.63526562266518,0.6571392157327519,3.3535420688920103,3.145568738377961,0.6753445117444881,0.637516211972348,2.9693749363703517,sign,sign,2.400073289871216,0.9954972267150879,0.20432185659902088,0.213670015335083,21.145920775976737,4.082863369174481,0.7097080441939716,3.6757120480457055
muon,175,L1.v,v,1,spectral,0.20140241086483002,0.5457357168197632,0.8616542220115662,-0.07404007280839164,0.9519479274749756,0.5457357168197632,1.0,0.8616542220115662,0.8925936818122864,0.20140235126018524,0.5083190798759462,1059.4345471282707,180.0093889195415,2.109930719318999,12.417871698308323,1.4176166722949866,0.2415275750258135,0.705409310953641,4.1403139989010525,70.63791711291242,11.8799568611207,0.7806836959899505,4.641925122574732,76.83478872706944,13.145969512292629,0.7434912828212208,4.345514081906894,23.81390027725367,3.5124534262177645,0.5412701886410868,3.6697295967362913,3.6013050994443945,0.5898647992029249,0.5645944290181452,3.44702175666098,sign,sign,2.5609240531921387,1.9999340772628784,0.20432185659902088,0.22774653136730194,29.95739695626562,4.306210216012067,0.608641674135594,4.234191858169834
muon,175,L1.o,o,1,spectral,0.23408059775829315,0.5664098262786865,0.9196293950080872,-0.08702194846334754,0.962573230266571,0.5664098262786865,0.9999997615814209,0.9196293950080872,0.8874748945236206,0.23408065736293793,0.544980823993683,854.6258308809702,125.76795815988899,2.7146554253409,18.446786306954763,1.0211597826411503,0.1587315986920695,0.9792784425910306,6.299941346406805,55.22641507889941,8.446667304965061,1.0657269930780833,6.96798857531906,55.66651393844299,8.171033207510265,1.0203332170633208,6.951188644944736,19.467179208089856,2.554252481606128,0.7695597855443347,5.865183009281263,2.733032092804357,0.4007885278463368,0.7976208189117595,5.439086062888803,sign,sign,1.4763507843017578,1.1577306985855103,0.11152765509786415,0.2724946141242981,25.066011691005144,3.2254387213441533,0.8851185463384209,6.878565599038412
muon,175,L1.up,up,1,spectral,0.4598264694213867,0.5290858745574951,0.833325207233429,-0.11610566958225221,0.9820353388786316,0.5290858745574951,1.0000011920928955,0.833325207233429,0.9548811912536621,0.4598267674446106,0.7003016471862794,1514.0908782103716,207.04124873976525,5.725246148365984,41.868676032019515,0.699013022369163,0.1019083220535449,1.4305902180528685,9.812752991531669,96.9730394745974,13.267260921104599,2.1999027173696155,16.079524953971916,40.975039279777455,5.896583429553059,1.491454244203626,10.36403486363738,21.59099130492878,2.618809746270617,1.3630180658906768,11.23751400842136,2.209638628609889,0.29749718809820197,1.2677218027024397,9.415911066216916,sign,sign,0.44412752985954285,0.5213427543640137,0.1883384277306181,,,,,
muon,175,L1.down,down,1,spectral,0.3194386661052704,0.5239366292953491,0.958171010017395,-0.10216201996873042,0.9829140305519104,0.5239366292953491,0.999999463558197,0.958171010017395,0.8151165843009949,0.3194386661052704,0.6188252568244935,1762.6321367948535,256.4495140808372,4.870090335459532,33.473168257472786,0.7406418925604656,0.11104682968277443,1.3501794505589049,9.005204978970388,42.78549273102952,6.299991877169099,1.4332648925330655,9.733813286862324,102.34142617715386,14.758008816334716,2.0389577649606467,14.139430879732982,18.42266302184543,2.2457270784631085,1.1097239737706563,9.103542016348307,2.191869581077547,0.30365739503678757,1.129309925642005,8.151621248426302,sign,sign,0.2597184479236603,0.26851198077201843,0.03046797581248201,,,,,
muon,175,head,head,2,adam,0.2986128032207489,0.368865233201247,0.6210341233473557,-0.1078720712617387,0.9505239725112915,0.368865233201247,1.0000004768371582,0.6210341233473557,0.8887478113174438,0.2986130118370056,0.6046661734580995,3712.4593256473654,380.398409556755,0.41333230495383555,4.033874305376782,5.584213006116226,0.7421010409529109,0.17907634893974975,1.347526039787097,159.71676099413713,16.149407595633974,0.25274252850056184,2.499609832653644,283.0095430217845,37.33884079987437,0.20098212702296794,1.5233429508210063,56.93889009022956,5.971833656292973,0.33564456406835524,3.2002279438463836,13.252275961207856,1.6170929926731066,0.18250934587199724,1.4956865362437257,sign,sign,0.14528371393680573,0.5301545858383179,0.15779278942181962,,,,,
muon,200,embed,embed,-1,adam,0.34944596886634827,0.3709135202261118,0.5859929011418269,-0.10085470012430275,0.9696196913719177,0.3709135202261118,1.0,0.5859929011418269,0.9304982423782349,0.3494458496570587,0.6247224807739259,4525.165974983983,704.2976986880155,0.34098202202320027,2.1908352774898554,5.6917615412991065,1.3772266288516508,0.1756925325743279,0.7260969103057591,179.0836816219235,28.21914889585522,0.21269128615879324,1.3497763066771045,292.5175687187936,64.01892452745591,0.20358396855628233,0.9302231793454592,56.66060354337719,8.042045490918417,0.3947105872773879,2.780951702567848,14.257587889504837,2.7594167664352214,0.17526740282431091,0.9055864378040569,spectral,spectral,0.0227719284594059,nan,nan,,,,,
muon,200,pos,pos,-1,adam,0.47344785928726196,0.5931891798973083,0.9292365312576294,-0.1474263353042956,0.9820660948753357,0.5931891798973083,1.0000005960464478,0.9292365312576294,0.94704669713974,0.47344788908958435,0.7086295485496522,5181.133819251598,554.1405486698812,0.4689519641108864,4.384632899886965,5.725444885052929,0.6335386203390707,0.1746590205866951,1.5784366792213016,241.4316373107508,25.875228725186176,0.2463270293111667,2.298381151800249,290.3172167725696,31.659897560460696,0.20877504024993856,1.914440452663972,70.04092113490033,6.736393958239416,0.4326137408069443,4.498054165117831,15.054866064343463,1.5679362799444185,0.1882791403397254,1.8078012970174862,sign,spectral,0.3354497253894806,0.23429331183433533,nan,,,,,
muon,200,L0.q,q,0,spectral,0.3298962712287903,0.592568039894104,0.9055154323577881,-0.14024616042341442,0.9633772969245911,0.592568039894104,1.000000238418579,0.9055154323577881,0.9572200775146484,0.32989636063575745,0.6182338595390321,1779.1998253092345,248.06405328068348,1.3641855495261173,9.784403097936684,2.4237146038145134,0.35413419779929667,0.4125899298724154,2.8237889608879936,137.99014450333289,19.149692227536754,0.4199791795239311,3.0263143126427674,143.60623268952003,20.560956025960518,0.4265976748612822,2.9795348467059233,64.37873206573003,7.600255446286326,0.32795556216352134,2.7779807422535683,7.461342412808758,0.9946134030475791,0.3314330772877359,2.4863285262368517,sign,sign,0.0,0.027570953592658043,0.2118813161376534,0.35888782143592834,79.50762252338626,9.65318003383664,0.3619031532126462,2.980785522987713
muon,200,L0.k,k,0,spectral,0.2179284542798996,0.5265868306159973,0.8220230937004089,-0.048350649861918726,0.9713755249977112,0.5265868306159973,0.9999996423721313,0.8220230937004089,0.888573944568634,0.2179282009601593,0.5130131244659425,3222.4536872643175,822.5700178568687,0.6693345715805188,2.6221471867194124,4.051085211419887,1.184914634630779,0.24684734834832958,0.8439423509050781,222.031310766255,56.61573202345285,0.23694621184401854,0.9292377951597075,229.55384664723377,60.13488982593938,0.24773591592122368,0.9456861502033062,82.77058281351862,13.924759403070668,0.16850693549711634,1.0016271632054659,11.05599718586995,2.6042880878374484,0.18560550386154756,0.7879519696606342,sign,sign,0.0,0.044314708560705185,0.2118813161376534,0.24934878945350647,97.9959578532084,16.94093084585118,0.18737534299225625,1.0838853178540926
muon,200,L0.v,v,0,spectral,0.2447204887866974,0.6116014719009399,0.9108838438987732,-0.06616499829158728,0.9607098698616028,0.6116014719009399,1.0,0.9108838438987732,0.9526731967926025,0.2447199821472168,0.5466302037239076,5496.9237154201655,1111.9054976241619,0.4557311977750027,2.252996890706095,6.496462179393943,1.3755971139755236,0.15392993484544387,0.7269570354869132,362.922367558789,71.87857964917553,0.16063095367104413,0.8110422645251889,366.24234454814103,74.11457447801425,0.16647743086603184,0.8226598482706442,131.55326987257783,17.58357090080988,0.11905531550747847,0.8907244233308056,17.75296321805552,3.1521094981124054,0.12316372351238941,0.6936691300297706,sign,sign,0.0,0.0,0.2118813161376534,0.3163485825061798,176.8720347656016,24.526867097071786,0.13271460999417495,0.9570526484238757
muon,200,L0.o,o,0,spectral,0.3715786635875702,0.5867167711257935,0.9446758031845093,-0.07222884114680772,0.9745150208473206,0.5867167711257935,1.0,0.9446758031845093,0.9440450668334961,0.37157878279685974,0.6632642149925233,4151.729207983402,534.6476329378587,0.5788411946304513,4.494907947737177,4.922151491233351,0.6380544407153296,0.20316319027991322,1.5672643840216667,284.07110221088834,35.70522594774838,0.21283140359319241,1.6932885816850918,276.3783872993921,35.77321596168253,0.2186092945534625,1.6889419263300154,125.57623119771716,13.399641343687028,0.1893753145597992,1.774751851511736,14.742409315127968,1.7674470496711772,0.1799608089549742,1.5010666977488019,sign,sign,0.18617461621761322,0.1410461962223053,0.17742156132625192,0.41593658924102783,162.53611184637907,17.588605390643682,0.2053699402951295,1.8978213931304628
muon,200,L0.up,up,0,spectral,0.5153598189353943,0.549974799156189,0.8614140152931213,-0.11253531737548306,0.9805800914764404,0.549974799156189,1.0,0.8614140152931213,0.9722021818161011,0.5153599381446838,0.73872709274292,4122.578588559591,575.5116392804672,2.18571627339755,15.657002385982544,1.7070481292679986,0.25226018446100723,0.5858065644750222,3.96416105909323,244.67019196152896,34.0684049204013,0.9013030404198691,6.472917896516579,100.4953748297732,14.547042811145854,0.6191423211428893,4.27722255608935,56.76822710635503,6.465126139182619,0.5810121276127168,5.101683664293556,5.522650290998643,0.7324215489941185,0.5350524225865906,4.03443538950421,sign,sign,0.0662776306271553,0.025432828813791275,0.2153712417400149,,,,,
muon,200,L0.down,down,0,spectral,0.46776342391967773,0.5475308895111084,0.9704620838165283,-0.1140386857237371,0.9860381484031677,0.5475308895111084,1.000000238418579,0.9704620838165283,0.851607084274292,0.4677635431289673,0.7098413705825807,3908.593225997802,560.9630506024253,2.2951342273433712,15.991688016022096,1.5054368381898218,0.23332430014493805,0.6642591791635752,4.285881229676428,88.69538514311392,13.535929067066608,0.7002571020357065,4.588497254715422,230.38226444998105,32.90766874763281,0.9463029374014675,6.624942509484244,46.757278560430926,5.581392932635193,0.6402611033395011,5.363690949835984,4.76658516912168,0.6664819744255298,0.5956814648772629,4.260229901119252,sign,sign,0.12779493629932404,0.14590150117874146,0.07443626112342401,,,,,
muon,200,L1.q,q,1,spectral,0.2620854079723358,0.5460259914398193,0.8377202153205872,-0.12503126139803256,0.9486731886863708,0.5460259914398193,1.0,0.8377202153205872,0.9491127133369446,0.2620854079723358,0.5785096287727357,551.2248802308038,104.28905534527938,4.057368491786953,21.445418730976506,0.6895785042231344,0.13315591356672987,1.450161212792705,7.50999315925131,36.45058816859729,6.780013662283397,1.4708704708009868,7.9076675138234505,39.22180154581739,7.42501214416842,1.5487104431602046,8.180890815279268,16.200109402110005,2.4235873265976,1.035392150379232,6.920924996656608,2.0184685869498016,0.35155230263763604,1.1464322885071359,6.582342212111264,sign,sign,0.055007126182317734,0.019171733409166336,0.19891145117119854,0.26246294379234314,19.050305087791713,2.9004938313204747,1.1121240361990696,7.304377605041603
muon,200,L1.k,k,1,spectral,0.2172458916902542,0.5044050216674805,0.7980744242668152,-0.07132855897714208,0.9479020833969116,0.5044050216674805,0.9999990463256836,0.7980744242668152,0.8859796524047852,0.21724580228328705,0.5269765257835389,651.003741535772,173.9234387873526,3.173626873289596,11.879037024308415,0.7448132513918815,0.2204936967321312,1.3426171519597963,4.535272713671001,39.484702362565784,10.513710810021747,1.2935835930600925,4.858109955277581,39.718680856837956,11.152723358485106,1.427607778775068,5.084201941650983,16.488011500377265,3.1216233733724783,0.8432629055838109,4.454005759857694,2.1241480242275244,0.5294761949739997,0.9923532284085558,3.9811141076197942,sign,sign,0.0,0.0,0.19891145117119854,0.2457950860261917,19.40965397322124,3.5711966576459853,0.907559682007763,4.932637733657851
muon,200,L1.v,v,1,spectral,0.27596935629844666,0.6046628355979919,0.9336532354354858,-0.11189370853821246,0.955391526222229,0.6046628355979919,0.9999997019767761,0.9336532354354858,0.9515313506126404,0.2759692966938019,0.5844032168388368,1042.4258065825147,169.23819451313383,2.375899521069012,14.634397286820318,1.3379119341937802,0.21925811193845984,0.7474331280103063,4.56083331711554,72.95060138957645,11.692138069242521,0.8190995814930871,5.110597113547622,75.75748556541564,12.064084687272201,0.8038546420158615,5.047876239086529,28.158519616821742,3.481365490108922,0.6272359210905434,5.073306735125568,3.7371414924971664,0.548632517909286,0.6255085138528336,4.260800708528504,sign,sign,0.35577425360679626,0.1892724633216858,0.19891145117119854,0.30107441544532776,35.78720620491895,4.393083196747086,0.6858164614293883,5.586840500101359
muon,200,L1.o,o,1,spectral,0.2823273241519928,0.5903854370117188,0.9539805054664612,-0.11348345438325136,0.9709519743919373,0.5903854370117188,0.9999998807907104,0.9539805054664612,0.9228911995887756,0.28232723474502563,0.5893338918685914,1128.180649238585,158.34670215481094,2.1434676721605435,15.271671067931546,1.1742226659343253,0.17307158157680763,0.8516271315500571,5.777955408276658,65.76619033269334,9.19904517087106,0.9283607890466828,6.637074958951661,66.96138158257476,9.44394447672568,0.8820761366884944,6.254276157515079,25.9768232665862,2.921054622019127,0.695579615732671,6.185762022223911,3.3360632642824046,0.44118175680875166,0.7066222473618918,5.343232091463306,sign,sign,0.3199624717235565,0.35097020864486694,0.1348675869536856,0.32106468081474304,33.58653621873162,3.8496179237501904,0.7726764818151216,6.741325283669827
muon,200,L1.up,up,1,spectral,0.4967364966869354,0.5457460284233093,0.8582121133804321,-0.1341924062143175,0.9813345074653625,0.5457460284233093,1.0000004768371582,0.8582121133804321,0.9584230780601501,0.49673640727996826,0.7248255014419557,2315.770468765684,293.77485194231605,3.861135224879761,30.43658390284272,0.9321766679755965,0.1236210735291174,1.0727585351485511,8.089239547022867,130.02714991809685,16.335306266102172,1.6896648212606329,13.449536693493204,53.79239670172884,7.03385852137607,1.1402926948201626,8.720544607122626,29.719545300900435,3.1504779734337593,1.0697049061647386,10.090895313484351,2.984178090913337,0.35953832113207107,0.9715582088923519,8.063960225142576,sign,sign,0.05486408621072769,0.10968005657196045,0.18509368399876674,,,,,
muon,200,L1.down,down,1,spectral,0.3191525936126709,0.5122483968734741,0.9482306838035583,-0.15030183522314078,0.982275128364563,0.5122483968734741,0.9999995827674866,0.9482306838035583,0.7985317707061768,0.3191526532173157,0.6165724396705629,2279.926916290923,292.9511546755538,3.681117001780279,28.64872727219652,1.0018771465579335,0.13439379928775236,0.998125954068423,7.440816377445913,59.51581135898828,7.860497239704978,1.0196746440601554,7.720473897870797,146.17040584414116,18.69898125377822,1.3985329801899502,10.932367412234093,25.455510910776002,2.7112883166652515,0.8024102226079028,7.533600189608877,2.995069867292007,0.36887821899259055,0.8234496659922623,6.685917343074767,sign,sign,0.0,0.06345707923173904,0.027813206138992835,,,,,
muon,200,head,head,2,adam,0.27180448174476624,0.327599364060622,0.5847732543945312,-0.1428653104591543,0.9574576616287231,0.327599364060622,0.9999997615814209,0.5847732543945312,0.8361263871192932,0.2718043923377991,0.5766651034355165,4869.962774673333,497.5911936473257,0.2798406101951369,2.7388212892250245,6.841035141202975,0.9867019244633748,0.14617667369642745,1.0134770560271058,199.98078649601035,19.80228269846772,0.19006956719016024,1.919488884914552,354.50268746989315,50.59560155832087,0.15094974076939652,1.0576430979667688,65.7806445906467,6.514624777900046,0.2644468602058949,2.6702205449081515,16.392616735821548,2.0521978657926834,0.14071337425351343,1.123995133310936,sign,sign,0.1738496571779251,0.26333364844322205,0.14793519741249606,,,,,
muon,225,embed,embed,-1,adam,0.3209368884563446,0.34444092970628004,0.5502522395207332,-0.11068235396684956,0.9640315175056458,0.34444092970628004,0.9999996423721313,0.5502522395207332,0.8978173732757568,0.320936918258667,0.5986629128456117,5734.319518557576,879.5364451598068,0.24987694929468346,1.629124381898444,7.140183464844294,1.8842864121638487,0.1400523736253797,0.5307046932550804,205.24265002245588,31.781143259842025,0.17426395325208677,1.1253967573294101,385.49695306007817,90.72488138544419,0.1490551648554625,0.6333467843901454,71.92274276001467,10.02272326235465,0.28558356430242643,2.0493385574117955,18.13857002958466,3.6348588811934834,0.13201980395278073,0.6588014934167904,spectral,spectral,0.0,nan,nan,,,,,
muon,225,pos,pos,-1,adam,0.4392039477825165,0.5797467827796936,0.9230830073356628,-0.13634514589689428,0.9851943254470825,0.5797467827796936,1.0000001192092896,0.9230830073356628,0.928978443145752,0.43920406699180603,0.6767170429229737,7657.927641918893,708.7914647903482,0.31008948286048266,3.3502700585820615,7.72333797302779,0.8133891708211162,0.12947771063516703,1.2294239400799862,311.5979325051009,28.76057226629635,0.18959468695613158,2.0541076833409657,371.2499789288682,37.648087479808645,0.16014713464191113,1.5792202032364784,81.13695789707818,6.67626626871381,0.34643959169736044,4.210295610460265,19.725838349075275,1.8441092786298738,0.13722446909241914,1.467845602331045,spectral,spectral,0.0,0.0,nan,,,,,
muon,225,L0.q,q,0,spectral,0.3643370568752289,0.6075694561004639,0.9289218783378601,-0.13425623698268419,0.9672275185585022,0.6075694561004639,0.9999996423721313,0.9289218783378601,0.9670659899711609,0.36433690786361694,0.651908576488495,3092.8391900061265,384.0672533482641,0.8046342985529004,6.479606033818473,3.405734787117751,0.43690351943114886,0.2936222885453814,2.288834028332244,190.64543754635935,23.63886872579151,0.3118406659963542,2.51496807665581,193.78667795021994,24.611373805783032,0.3193832724355449,2.5147813302324162,94.69089088802012,10.03627245600702,0.24624930338382514,2.323329305793454,10.608321782041124,1.265312161820133,0.24581021227422575,2.0608620606046952,sign,sign,0.0,0.0,0.20867931102837667,0.3825770318508148,113.62199315936378,12.372695646263674,0.28095370267853026,2.580077987570793
muon,225,L0.k,k,0,spectral,0.23115886747837067,0.5539562702178955,0.8539241552352905,-0.0640744168534867,0.9568660855293274,0.5539562702178955,0.9999991655349731,0.8539241552352905,0.898396909236908,0.23115892708301544,0.5220161676406861,4057.259575786925,1024.8256464891042,0.5592456781305188,2.2140399106772586,4.795063509891249,1.4326907709451617,0.20854763726740563,0.6979867434165593,267.45979372973295,66.95102166903624,0.20433406147872588,0.816285466190785,273.6302004892548,73.25876136276314,0.21012812945484788,0.7848535945952752,111.2042643079985,17.111306814166504,0.13303595597999926,0.8645842057497884,13.637908592008232,3.1562860144057625,0.15310732600979787,0.6615571932829255,sign,sign,0.0,0.0,0.20867931102837667,0.26484426856040955,134.17309966854643,21.035424535934542,0.14546916847213473,0.9278657156060661
muon,225,L0.v,v,0,spectral,0.23117199540138245,0.5968565940856934,0.9016596674919128,-0.10605529037036132,0.956000566482544,0.5968565940856934,1.0,0.9016596674919128,0.9382520914077759,0.23117192089557648,0.532221555709839,9015.971473226413,1293.107590793009,0.27115487406263306,1.8905809746857587,10.100727936436227,1.5174462374012587,0.09900276557224284,0.6590019305807997,552.2562945803334,77.29530137535224,0.10449173560499499,0.7465682608475301,581.4850431367804,83.40137233327721,0.10326685881062769,0.7199897576042451,210.92963198840945,21.59917884316187,0.07014190305491466,0.68498001270191,28.001740062028095,3.5958479902283575,0.0760269431457012,0.5920402379248842,sign,sign,0.15148431062698364,0.0,0.20867931102837667,0.27209019660949707,282.10955984307685,29.86760619067383,0.07861155300802905,0.7425124891528997
muon,225,L0.o,o,0,spectral,0.3354284167289734,0.5975322127342224,0.944884181022644,-0.11338935918473658,0.9718851447105408,0.5975322127342224,0.9999993443489075,0.944884181022644,0.9405593872070312,0.3354283273220062,0.6346203684806825,7313.79520878968,807.0759709328605,0.3346404805562497,3.0325422035926013,7.5483917417237025,0.8393235518190053,0.13247846409738057,1.1914348670208064,435.38613424240907,47.89098969493495,0.13889415125879967,1.2627132571420825,413.1118773947109,44.972240442885806,0.14571307211226817,1.3385101606778504,192.16493679869362,17.221792599586465,0.11171348537140087,1.2465261517823942,22.740236915939754,2.308137311872786,0.11162952963698194,1.099796765860608,sign,sign,0.17986994981765747,0.19426868855953217,0.1708735738209436,0.3868604004383087,250.10208368420888,22.92462860882417,0.12162766521642178,1.3269280398533227
muon,225,L0.up,up,0,spectral,0.5048311352729797,0.5689713358879089,0.8810222744941711,-0.12426705478904687,0.9807051420211792,0.5689713358879089,1.0,0.8810222744941711,0.9718518257141113,0.5048310160636902,0.7300339341163636,7265.825921037072,847.0356972778789,1.282996106498646,11.005470486244823,2.6257076014032656,0.32075829918893217,0.38084971817332847,3.117612241144173,369.3899571650289,42.94290033997539,0.6105788690127941,5.252130165520094,155.79920154710624,18.536422565839164,0.3992223081252266,3.3554757734283087,86.59345803824658,8.046330369926183,0.373113595462346,4.015395215802502,8.513236535274702,0.9247616859190454,0.3430113701714648,3.1577183322168705,sign,sign,0.1453712433576584,0.12304716557264328,0.20048791448868153,,,,,
muon,225,L0.down,down,0,spectral,0.4695146381855011,0.5416863560676575,0.9626434445381165,-0.1278472651603756,0.9850633144378662,0.5416863560676575,0.9999996423721313,0.9626434445381165,0.8474030494689941,0.4695146977901459,0.7064417004585267,6769.9161749082905,862.0296796107235,1.3109452212578874,10.295456720028804,2.2691529975479345,0.32316202802574207,0.4406929120481251,3.0944218554429748,130.6539560318841,17.79448770886266,0.4715446996140299,3.4622621037724284,356.5453255552242,45.75039466416963,0.6084364738935893,4.741711678259243,71.53539805908272,7.298385716710811,0.4200568634804455,4.117202913477379,7.27990453810323,0.8967363321102358,0.3881597721217673,3.151167166304797,sign,sign,0.03951072692871094,0.02857641503214836,0.07352231468293859,,,,,
muon,225,L1.q,q,1,spectral,0.2878979444503784,0.5533907413482666,0.8602127432823181,-0.03408174210134507,0.9615471959114075,0.5533907413482666,1.0,0.8602127432823181,0.9519457817077637,0.28789737820625305,0.6013699173927308,935.727191236573,180.39575198650846,2.422381755912263,12.565087878189185,1.1566927936004474,0.23925580777248068,0.8645337859219228,4.179626857588953,62.81960842649378,11.716105229752351,0.8763762931519617,4.698969025155474,63.44828315127468,12.234414443914782,0.9602234607993944,4.979766731672217,28.493998508301154,3.4233327127357147,0.6466438341202386,5.382318924560426,3.448389039002191,0.5627709968712216,0.6975664165556849,4.274350309806573,sign,sign,0.44294726848602295,0.3588421940803528,0.19759290901642115,0.3093530535697937,32.645121093856744,4.117082816820234,0.7124258132510447,5.64895776420939
muon,225,L1.k,k,1,spectral,0.2325388640165329,0.5191920399665833,0.8330471515655518,-0.07813475215869525,0.9516873955726624,0.5191920399665833,0.9999998807907104,0.8330471515655518,0.8898815512657166,0.23253881931304932,0.5426483154296876,1185.3477436527187,236.27770616063555,1.7940816162098132,9.000470803019095,1.4200581337833258,0.3025273818385348,0.7041964388644469,3.3054855223796946,72.16872958888831,14.450982911473725,0.7387551090881906,3.6893696454283744,75.88032530639771,15.403749392543139,0.7505558133948066,3.697308871343764,29.877458518714498,4.28145615560308,0.4981175468476266,3.4760338077752575,3.934302217241703,0.7284677494193617,0.5517098437955104,2.9796696743937674,sign,sign,0.7979508638381958,0.6566466093063354,0.19759290901642115,0.27720096707344055,36.048198663326374,4.973802884099,0.5261646815723869,3.813438009693698
muon,225,L1.v,v,1,spectral,0.25799575448036194,0.5766735672950745,0.9036686420440674,-0.13459934021510633,0.9600717425346375,0.5766735672950745,0.9999999403953552,0.9036686420440674,0.9286033511161804,0.25799569487571716,0.5627561211586,1685.7963191606527,274.2157841347129,1.401150841767573,8.613854738865898,1.9659419253592993,0.33767345300763263,0.5086619942817453,2.961440798761138,106.34992275341719,17.170485969331082,0.5438160328984535,3.368267688760903,112.2382222609783,18.7108358387548,0.5295042390572298,3.1762672166862767,43.94139707062717,5.346817164662627,0.3757671605718337,3.08814262771428,5.614044489579356,0.845658958700916,0.4009632771713139,2.661859906486741,sign,sign,0.1189737319946289,0.18324130773544312,0.19759290901642115,0.2838137745857239,56.34644774998565,6.576811940496121,0.4068330863531659,3.4855184321166437
muon,225,L1.o,o,1,spectral,0.2998391389846802,0.5872734189033508,0.9370483756065369,-0.03923685218469053,0.9751498699188232,0.5872734189033508,1.0000001192092896,0.9370483756065369,0.9327860474586487,0.2998391389846802,0.6079930663108827,1723.3079622272649,239.59505061867267,1.3958456506631625,10.039739625742737,1.7779311021016888,0.25889934484079163,0.5624515584587003,3.862505406586613,103.28949810607436,14.344743223020144,0.5806117479361778,4.180701955164872,100.0430595845574,13.839866019746115,0.5967261225842049,4.313503248671525,41.891180033709375,4.224624360522492,0.4580846106406596,4.542345841287103,5.185489292519083,0.6510502326371084,0.4689958082816229,3.7354609831408445,sign,sign,0.0,0.0,0.14158705007015734,0.3810790479183197,53.66812127813066,5.5681338796510165,0.5066627692371557,4.883438425556938
muon,225,L1.up,up,1,spectral,0.5074114203453064,0.552183210849762,0.8665996193885803,-0.1086592217823179,0.9805926084518433,0.552183210849762,1.0,0.8665996193885803,0.9607343673706055,0.5074114203453064,0.7318302392959596,2824.831627007067,306.0364168328162,3.2026580416574566,29.561742423303645,1.4151283915953552,0.1699938176247104,0.7066496622773872,5.8825668719768744,216.85789924910986,23.37808811316594,1.023017853311549,9.48963411762216,81.46349248185912,9.409036830265713,0.7547798116488944,6.5348877489708315,46.688239837877354,4.107061375492938,0.6955568939880336,7.906949548204574,4.590973294935306,0.47721028105022784,0.6376250910281526,6.134234490188683,sign,sign,0.0,0.025092393159866333,0.19830441108182903,,,,,
muon,225,L1.down,down,1,spectral,0.3254333436489105,0.5200802683830261,0.9525813460350037,-0.13887013615360122,0.9822178483009338,0.5200802683830261,0.9999998807907104,0.9525813460350037,0.8107339143753052,0.32543331384658813,0.6186665296554567,3543.1841069650563,397.40984306102126,2.4048976457185085,21.44132880946062,1.441982571957971,0.17046682012043346,0.693489574865581,5.866243531053248,83.20629016573511,9.5631670125066,0.7326994873200836,6.37500171925374,209.99986435957882,23.62519343534131,0.9883238863654588,8.785023608297907,37.844591566867344,3.447609661198956,0.5503490733696657,6.0412105625773656,4.366775127452838,0.4641541757366725,0.5667034649669422,5.331561633656251,sign,sign,0.0,0.0,0.031206724466831808,,,,,
muon,225,head,head,2,adam,0.2915917634963989,0.34094473031850964,0.5861916762131911,-0.12351331770624097,0.9570119976997375,0.34094473031850964,1.000000238418579,0.5861916762131911,0.8860417008399963,0.2915918231010437,0.5946062207221986,7096.101131919165,656.5193605174487,0.19987455812110275,2.160378144838128,9.785331598034753,1.301335705866502,0.10219380185536228,0.7684414051735582,237.77494088004772,20.939227738373482,0.16024589812884985,1.8196687781388612,480.64331232907176,63.74219481112383,0.11798077160165629,0.8896252948582769,97.05347626709928,8.666035414194683,0.19228443515418753,2.153449873191378,23.40770968000381,2.6582257061323604,0.10160860148150248,0.8947414205585846,sign,sign,0.0,0.1460748314857483,0.1586563622679459,,,,,
muon,250,embed,embed,-1,adam,0.3777645230293274,0.3909618671123798,0.6114479064941406,-0.1000149417405527,0.9629207253456116,0.3909618671123798,1.0000004768371582,0.6114479064941406,0.9511991739273071,0.37776461243629456,0.6566277742385865,11034.722087663098,877.805886277173,0.1473894271434193,1.8528029859598742,15.389599715611213,1.4633683981401189,0.06497897900637126,0.68335524951073,418.71996755445355,33.48966640092358,0.09491812428780462,1.1867575342889374,778.4546517507504,71.92246342255159,0.07820204683013376,0.8464218859369533,154.54857186710942,10.763500726937622,0.1564358369918274,2.2461962710157732,37.70061682171715,3.1855819352085186,0.06966760215653878,0.8244997702812439,spectral,spectral,0.0,nan,nan,,,,,
muon,250,pos,pos,-1,adam,0.480767160654068,0.601164698600769,0.9480109810829163,-0.14038872211030895,0.981099009513855,0.601164698600769,0.9999998807907104,0.9480109810829163,0.947519838809967,0.48076701164245605,0.7139437198638917,12817.444983364734,811.0792911742124,0.192110877687758,3.035918475866813,12.634765915555231,0.8212088223736733,0.07914668838934051,1.217716923571581,543.7161149294288,34.162619644939,0.11158893607040064,1.7759967888848642,630.3898431035486,40.08699645363194,0.09619645739418564,1.5127416630971788,168.75754558492378,8.382814461432337,0.1823272219355618,3.670496896803045,33.99528684350756,1.9514084354159427,0.08400503078618804,1.463443052743306,sign,spectral,0.0,0.06418506056070328,nan,,,,,
muon,250,L0.q,q,0,spectral,0.40094879269599915,0.6124762892723083,0.940349817276001,-0.08712138132886149,0.9674238562583923,0.6124762892723083,0.9999994039535522,0.940349817276001,0.9776073694229126,0.40094882249832153,0.6822084784507753,5112.338650014868,377.79349390425216,0.490715316922927,6.64040784539074,5.731883107382182,0.4349054742391672,0.1744626303815647,2.299348854375706,317.7735850491817,23.274856587040404,0.1893876367865808,2.5857254192137114,332.27330279557,24.64341225768757,0.18829942434935998,2.538888323939333,155.25186538699964,9.118030914472229,0.16528444829877992,2.8142829475515083,17.71201782566511,1.205954877420455,0.15406674648749755,2.2627985600636857,sign,sign,0.0,0.02172519639134407,0.21451430044341266,0.4477027952671051,192.9802475796541,11.692652001257343,0.1788834340500073,2.952364389802844
muon,250,L0.k,k,0,spectral,0.23594360053539276,0.5516774654388428,0.8579589128494263,-0.04628000963007983,0.9571031928062439,0.5516774654388428,1.0000003576278687,0.8579589128494263,0.9022069573402405,0.23594368994235992,0.5268225073814393,8170.369008341479,928.2919673966705,0.2765690137288176,2.4342243365248413,10.534155237997327,1.2349841883417292,0.09492933557888036,0.8097272556749214,525.4671042982818,59.166558945033564,0.10449630428471872,0.9280473869263672,574.5671509339095,65.97094878840748,0.10049520787243399,0.8752526124032609,198.07057440481483,16.543313609882706,0.07623743880515053,0.9127792443145947,27.378236853388998,2.913696320682464,0.07696954766106735,0.7232361490127195,sign,sign,0.0,0.0,0.21451430044341266,0.26063665747642517,239.0490712682297,19.693627829356636,0.08324032098418954,1.0104040553502174
muon,250,L0.v,v,0,spectral,0.2286963313817978,0.6130763292312622,0.927927553653717,-0.08686038699130516,0.9598313570022583,0.6130763292312622,1.0000001192092896,0.927927553653717,0.9306969046592712,0.22869627177715302,0.531500279903412,15412.440575196706,2072.4559106298143,0.16293075923176434,1.211683506342055,17.49165452931802,2.3993267071593127,0.05717012747611581,0.41678364027099984,965.7024152116778,126.6401238349426,0.06149654644989206,0.46894587304131885,971.030112158957,125.37227189431054,0.06134166299514579,0.4751018785749262,346.0644819606037,28.60988022221269,0.04229434322148345,0.5115914454420826,47.59376559850838,5.408674339207723,0.044669749697583,0.3930725836161598,sign,sign,0.02631845325231552,0.0,0.21451430044341266,0.28628745675086975,452.0022035615118,39.30495846565235,0.049079516496879805,0.5644084225584247
muon,250,L0.o,o,0,spectral,0.33634084463119507,0.59271240234375,0.960701584815979,-0.06806459390913422,0.966709315776825,0.59271240234375,1.0,0.960701584815979,0.9290491342544556,0.3363407850265503,0.6361490488052369,11846.872733765847,1118.3614308672102,0.20492749897451412,2.1708098410702985,13.512203679473327,1.3240965293227898,0.07400717334650017,0.7552319471084565,768.6337928908818,72.82095930110681,0.0799924515379085,0.8443297371844447,764.5398865030957,71.41802070033687,0.07777114790471354,0.8325510005628691,332.79910659098056,23.0512228216458,0.06468111102894561,0.9338253389113795,39.83159892876286,3.390382449242897,0.06388388157468067,0.7505339550891951,sign,sign,0.0,0.0,0.18404544040610496,0.391610711812973,423.6240321816923,30.578402418093365,0.07096080721099142,0.9830697780274109
muon,250,L0.up,up,0,spectral,0.4642774164676666,0.556656002998352,0.8529456853866577,-0.07848328574112007,0.9799194931983948,0.556656002998352,0.9999996423721313,0.8529456853866577,0.9701875448226929,0.4642772972583771,0.7018830180168153,10737.525449480881,991.7154975943276,0.8493811722295782,9.196439881446464,4.791042041156856,0.4780491862980674,0.20872278593712135,2.0918342108601014,698.9521365035447,64.7757596247586,0.3124020716944715,3.370922961365397,277.21594335965926,26.38800529118175,0.2239842417291791,2.3530388971614324,149.8775416845361,10.177695296762707,0.19825349876019419,2.9194966206138435,15.068392335874785,1.2787531307000422,0.1863192524225653,2.19552275402301,sign,sign,0.12152789533138275,0.05503557249903679,0.1978202659375863,,,,,
muon,250,L0.down,down,0,spectral,0.4551609754562378,0.5423972010612488,0.9634207487106323,-0.1329385844515455,0.9858185648918152,0.5423972010612488,1.0000001192092896,0.9634207487106323,0.8434535264968872,0.4551612436771393,0.6972035169601442,11243.03713986232,1115.1566522186654,0.7904123798257171,7.968957298068437,4.364905931942017,0.49658904081422844,0.22910003899313663,2.0137377932659306,254.74452258219532,26.93813025912614,0.24204221269403636,2.288908967488253,591.2295728274873,58.87932405509457,0.36521194592917766,3.6672313456105337,124.89961478968742,9.05151689775313,0.23322978303531927,3.2182793655088693,13.323589267130107,1.2546484134469602,0.20931396913179895,2.222784744072635,sign,sign,0.023216785863041878,0.02192438580095768,0.07493664203122692,,,,,
muon,250,L1.q,q,1,spectral,0.2666255235671997,0.5367982983589172,0.8482190370559692,-0.11154046309228571,0.9564923644065857,0.5367982983589172,1.000000238418579,0.8482190370559692,0.9203696846961975,0.2666254937648773,0.5759127736091615,1583.8073451880975,217.6921856849254,1.3882533357092102,10.100159650472841,2.0393479657609483,0.29616955627339264,0.49035292417370563,3.3764450708616516,105.72157961221416,14.29295817038401,0.5134809616986681,3.7980953784687053,116.72636777531513,15.468347515132173,0.5046302814282667,3.8080124436649188,45.89667120979991,3.8556076000673336,0.3717924824002163,4.4257712643527425,5.79770715351747,0.6708542942315949,0.397338586163165,3.433909245531971,sign,sign,0.0,0.0,0.20715248143202694,0.260163813829422,55.09136568595958,4.9449057867499695,0.39004260688335735,4.345478117397855
muon,250,L1.k,k,1,spectral,0.2189713567495346,0.5137456059455872,0.8202570676803589,-0.057054587338329577,0.950300395488739,0.5137456059455872,1.0000004768371582,0.8202570676803589,0.8879538178443909,0.21897152066230774,0.5248706340789796,2050.709598851355,306.2721315829698,1.026133589627604,6.870693690206237,3.2342398298772768,0.5308029146412395,0.30919181304965354,1.8839393101543935,153.0541217529023,23.482252024453476,0.34299273832230204,2.23557997234998,174.044345991781,25.99447797426426,0.3265204854441217,2.1861967914225633,55.03798913663628,5.80684551017242,0.25462719403733186,2.4133875638277025,8.134199001282084,1.1610227019091584,0.2581054221878456,1.8083030279541712,sign,sign,0.0,0.04611002653837204,0.20715248143202694,0.23811738193035126,63.61654389162573,6.59991400330314,0.2799806509063145,2.698732340796139
muon,250,L1.v,v,1,spectral,0.2229042798280716,0.5709912180900574,0.8781745433807373,-0.08051901871880374,0.953411340713501,0.5709912180900574,1.000000238418579,0.8781745433807373,0.9095377922058105,0.22290432453155518,0.5230704545974733,3486.3347343742635,406.12634369986654,0.670842075557798,5.7587498707674785,4.160493484979417,0.5161864514186452,0.2403561601595745,1.9372849397155993,228.27357901749392,25.580500696736664,0.24620970599519104,2.197109878444916,232.32606901470703,27.2866251994165,0.2505548298907729,2.1332949119122526,83.98885150029982,6.1630112370643575,0.16985440942681074,2.3147575464773666,11.341974040848587,1.1537807271767309,0.18447245698627535,1.8134137354761053,sign,sign,0.15431340038776398,0.28923389315605164,0.20715248143202694,0.2843659520149231,106.38817803880016,7.675841526021268,0.19186054267753158,2.659212479022915
muon,250,L1.o,o,1,spectral,0.2589719295501709,0.618222177028656,0.9540644288063049,-0.15331607009727388,0.9658046364784241,0.618222177028656,1.0000001192092896,0.9540644288063049,0.9406032562255859,0.2589719295501709,0.5690383315086366,3246.4384644848833,326.56989086754135,0.7800049392007091,7.754046248361781,3.326443700800872,0.38198797047591726,0.3006213870291959,2.617883798705476,184.2804723090924,17.92183733004396,0.3313434281912832,3.4070236393253626,185.8839772071265,19.630549860287044,0.3238504431791853,3.0665777997497856,73.48270159263457,4.668202500179867,0.22555245155646575,3.550446556372036,9.468951841114995,0.8491644372886731,0.24038068054509648,2.6804620962267047,sign,sign,0.06984402984380722,0.2254980355501175,0.15837557704645042,0.28399544954299927,95.59028707145107,6.33162320866012,0.25050834994291604,3.7819946474525428
muon,250,L1.up,up,1,spectral,0.5037949085235596,0.5455345511436462,0.8613625168800354,-0.11773407947845271,0.9797857403755188,0.5455345511436462,1.000000238418579,0.8613625168800354,0.9633772373199463,0.5037949681282043,0.73027241230011,5714.732898862387,478.6726529540194,1.564034267938711,18.672547994497766,2.527028596355942,0.24683565385658002,0.3957217737308601,4.051279557043301,354.07680428696574,29.740956725917847,0.6227711096900183,7.414314420125093,144.68602865678457,13.040985519380435,0.426137504504554,4.727874522738201,80.69998035126139,4.987147962259906,0.399540002246191,6.465192245108328,8.045676883755005,0.6355783790320446,0.3630631082147361,4.5959531561728415,sign,sign,0.0,0.0,0.19485227711326436,,,,,
muon,250,L1.down,down,1,spectral,0.332258015871048,0.5339974164962769,0.9571595788002014,-0.11437380528532626,0.9831485152244568,0.5339974164962769,1.0,0.9571595788002014,0.8275349140167236,0.332258015871048,0.6243165135383607,5635.719447621789,443.6368484444478,1.552421789833237,19.72111582379197,2.7296236711116673,0.2572250213488176,0.3663508675511814,3.8876466789905346,157.0604094506785,12.78435072950997,0.3900296278194139,4.791656169273521,403.4298029157333,33.382199128845635,0.5251197022559371,6.346164827865462,67.17756823993838,4.100457531273497,0.316541897544507,5.185888345608957,8.026060392169713,0.6205037305166666,0.3111446876963192,4.024578630774833,sign,sign,0.0,0.0,0.02972971411456237,,,,,
muon,250,head,head,2,adam,0.3059154450893402,0.37297471853402947,0.6343981229341947,-0.16932178346135152,0.9606264233589172,0.37297471853402947,1.0,0.6343981229341947,0.8842657208442688,0.305915504693985,0.603092908859253,10156.285204531287,644.3324520109198,0.15276991516635613,2.408034585654033,13.765774808267604,1.5375910865134823,0.07264393133900525,0.6503679741455314,351.36725531641326,21.47656770214564,0.11735834050213051,1.9200404162627411,711.3481998838369,72.46343661772163,0.07955738995793459,0.7809870574119699,134.7413801160179,8.034708745822702,0.14530494246726433,2.43675148721437,32.64659252627096,2.8148401068369484,0.07389347611038685,0.8570185564239139,sign,spectral,0.0,0.2260591834783554,0.1571606965425363,,,,,
muon,275,embed,embed,-1,adam,0.3256310820579529,0.3597250718336839,0.5526212252103365,-0.14329079146491197,0.9658323526382446,0.3597250718336839,1.0,0.5526212252103365,0.9455227255821228,0.32563120126724243,0.6133179664611818,14440.636703932385,971.6448089580734,0.10362813839230643,1.5401268910527337,23.398223855647032,1.864424130741566,0.042738286725069324,0.5363586447479923,672.9787339389408,45.75061826789746,0.05337520760638318,0.7851342997888333,1170.8046210983134,91.17523820185761,0.051685356674189706,0.6637049228572561,221.04538360935967,13.647171921247555,0.09428104270451068,1.5270848328115634,54.87644382778026,4.032396476845594,0.04470535517697821,0.6083903024559529,sign,sign,0.0,nan,nan,,,,,
muon,275,pos,pos,-1,adam,0.39441049098968506,0.5648009181022644,0.896837055683136,-0.10879103000123702,0.9845959544181824,0.5648009181022644,1.0,0.896837055683136,0.9093406796455383,0.39441052079200745,0.6400433778762818,18305.393716353905,982.3504364487972,0.12637939376742705,2.3549890901559722,19.586359613822165,1.058775685086236,0.05105593993558131,0.9444871223299307,764.3223218324624,41.20498429884975,0.0750960294161108,1.3929764211880302,995.609567259321,52.872430012104864,0.0584544438012175,1.1007211789583036,189.1548259811075,8.560195543753911,0.1334476531471829,2.9487956764096372,47.76054413983141,2.388489737173833,0.053604352311657014,1.071879436960562,spectral,spectral,0.007069041952490807,0.030952224507927895,nan,,,,,
muon,275,L0.q,q,0,spectral,0.371114581823349,0.5955365896224976,0.9218006134033203,-0.12050354215988168,0.9707046747207642,0.5955365896224976,0.9999996423721313,0.9218006134033203,0.967404842376709,0.37111416459083557,0.655655324459076,7736.278598271098,520.5997516271657,0.3153089486253621,4.685591692023509,9.42971561170805,0.6401398093163317,0.1060476989497456,1.5621581845380454,534.6213733282058,35.730293701323056,0.11034957111898916,1.6511266252375632,535.993804195472,35.92004813262328,0.11551236120171633,1.7236588793954863,242.67767177797091,13.172719788612373,0.09787191108532987,1.803069365764625,28.385544653396487,1.75373373549342,0.09239287267923639,1.4954505122490307,sign,sign,0.0,0.0,0.22452585666195687,0.37802886962890625,300.3962288150874,16.683540451300573,0.10897045576758475,1.962072382681335
muon,275,L0.k,k,0,spectral,0.22660590708255768,0.558297872543335,0.8453155755996704,-0.09550829710116748,0.957426130771637,0.558297872543335,0.9999997019767761,0.8453155755996704,0.9214524626731873,0.22660592198371887,0.5204824209213258,13232.843188150406,1252.6604592828965,0.17281154574439805,1.825545038155515,17.08365621930796,1.680688542019017,0.05853546156276405,0.5949940616453975,896.1116518682292,84.54343287373413,0.06037216090828623,0.6399101030020594,934.4880405855174,88.94435425343832,0.06310723631533433,0.6630320508376086,317.9389303798932,22.952121614194727,0.04561498932193619,0.6318710382458675,44.492125139145806,3.9814081262323713,0.04679322274656023,0.5229129634780807,sign,sign,0.0,0.0,0.22452585666195687,0.23888923227787018,397.50494347168336,29.1867775757489,0.04846620564562015,0.660078224992431
muon,275,L0.v,v,0,spectral,0.20457059144973755,0.6024244427680969,0.9105144143104553,-0.12095827283863592,0.9485687613487244,0.6024244427680969,1.0,0.9105144143104553,0.9272457957267761,0.20457057654857635,0.5044971108436586,25378.68099215636,2367.2367955660443,0.09722847764786319,1.0423674227267572,31.21274284342377,3.041698137167847,0.0320381968677479,0.32876372174495566,1706.674120220436,156.77137905229665,0.03414414141836436,0.37170638459734506,1763.0727128499925,162.72304842016496,0.03365926458619226,0.3646916125445428,579.4283335143108,37.58753871395037,0.022595575918252064,0.3483206761354045,81.78525587879601,6.873258146424334,0.024674224057078344,0.2935998743432489,sign,sign,0.35841047763824463,0.3683491349220276,0.22452585666195687,0.23406662046909332,764.3535785152735,51.731959429171326,0.02620081619944968,0.3871240881468988
muon,275,L0.o,o,0,spectral,0.33054429292678833,0.6044988632202148,0.9548768997192383,-0.09005108629512737,0.9686937928199768,0.6044988632202148,0.9999997615814209,0.9548768997192383,0.9469326734542847,0.33054429292678833,0.6310680508613588,19502.848029516892,1519.7936031361696,0.12695721876120952,1.6291865807571466,20.765801492037323,1.654998947291155,0.04815608788155238,0.6042298475284144,1166.1930289180677,90.60762976683931,0.05240309285567231,0.6744699286284292,1152.3784398962994,89.05020641674962,0.052590094540928625,0.6805564359666118,516.0275126143176,30.11826952761454,0.040995548523065764,0.7023919788360004,61.3261957021021,4.310554834245452,0.0411614021470911,0.5856026197349836,sign,sign,0.21612237393856049,0.1230834349989891,0.1941706445971334,0.39178332686424255,651.5304483937801,39.4372382622898,0.04664731654389266,0.7706459276401764
muon,275,L0.up,up,0,spectral,0.4786187410354614,0.5598577857017517,0.8614614605903625,-0.12327507705534546,0.9798228740692139,0.5598577857017517,1.0000009536743164,0.8614614605903625,0.9751249551773071,0.4786190390586853,0.7122168540954591,19514.61099626887,1507.0836143946037,0.47004318777818793,6.086397511940426,7.96076492685079,0.6532077831935974,0.12561618925606288,1.530907897002104,1071.7477911058406,83.07213909026076,0.20577055137532252,2.654730410535292,464.52928933968207,36.83357723902082,0.13434674317320058,1.6943235441501936,239.12114824662189,14.468113135953,0.12810080202010768,2.1171807672862557,24.677887240773437,1.793860468674475,0.11544209241858058,1.588120697954714,sign,sign,0.4243400990962982,0.2896476984024048,0.21338842424598883,,,,,
muon,275,L0.down,down,0,spectral,0.451167494058609,0.5278968214988708,0.9462493658065796,-0.12840808844416207,0.9860368371009827,0.5278968214988708,1.0000005960464478,0.9462493658065796,0.8275412917137146,0.4511675238609314,0.6924809217453004,16518.23835192333,1434.7092732658393,0.5236067756844319,6.028441918235865,7.157227159262134,0.6874310113474421,0.13971899644855504,1.4546922957204593,414.69154056961844,38.04819323437151,0.1460361581729789,1.5916645250033365,1000.281337228651,87.57218310940169,0.21179098598965934,2.419153698772719,197.99609261787322,12.78241558898145,0.14583483374529468,2.258941359568669,21.38197370545198,1.7709114498541085,0.12954480840442364,1.5641232017611006,sign,sign,0.5405676960945129,0.46698907017707825,0.08530634698286936,,,,,
muon,275,L1.q,q,1,spectral,0.26578354835510254,0.5413426756858826,0.844516932964325,-0.09836422950829293,0.9597460031509399,0.5413426756858826,0.9999998807907104,0.844516932964325,0.9318196177482605,0.265783429145813,0.5687137842178346,2625.8172797548154,242.00216964170568,0.8444378886166893,9.162478183118106,3.7095456200241004,0.35607101003387154,0.2695747628476971,2.808428242151993,192.12356813840194,17.480457618140697,0.2813245883023624,3.091971897441991,205.26004791628617,19.478819067673697,0.290540980289603,3.061605291814587,78.35981642450474,5.5911493608406495,0.2170773996614227,3.0423342482162545,10.175418037060123,0.8781486549253932,0.22356384822944791,2.5905131220656097,sign,sign,0.561577558517456,0.23521529138088226,0.23508272138742264,0.298501193523407,95.0247317105213,7.012070934993339,0.22853712111012736,3.097042060856647
muon,275,L1.k,k,1,spectral,0.1838688999414444,0.47449687123298645,0.764039933681488,-0.088827391643441,0.9586862921714783,0.47449687123298645,1.0,0.764039933681488,0.8490168452262878,0.18386857211589813,0.48100262880325323,4692.6142361252905,504.6976436476498,0.41416981809591497,3.850898075377537,7.313029537405655,0.8396414398590379,0.1367422345123956,1.1909845709471933,316.3527679948378,34.13385867502023,0.15456971047085372,1.4325528274188373,373.86331132990193,42.045418448681986,0.14533942338764197,1.2923424263407646,98.94452379708278,8.992425514992389,0.11893132099625281,1.3086127764876112,16.690259853460578,1.8184615183286448,0.11527736660804004,1.0580422981285809,sign,sign,2.240107774734497,0.5314742922782898,0.23508272138742264,0.20385344326496124,116.08172291508205,10.28724481101562,0.12655241229363937,1.4280229865216107
muon,275,L1.v,v,1,spectral,0.21829450130462646,0.5542418956756592,0.8613282442092896,-0.0892395678491118,0.9640517830848694,0.5542418956756592,1.0,0.8613282442092896,0.8978962302207947,0.21829432249069214,0.5173165202140809,7072.560456024937,750.4980109184219,0.3209834428143481,3.0248911678118557,8.678968747874194,0.9831430684527049,0.11522106243843055,1.0171459598182642,431.14446527291574,44.668720857944706,0.12785739368009802,1.2340852070669959,464.19913974075166,50.60081422972385,0.12379462565618801,1.135660751885187,141.4185226155993,9.830933753445903,0.09879077340136261,1.4211107075740526,21.196225724717557,2.0725130687252684,0.097624237091774,0.9984329637416086,sign,sign,1.0725864171981812,0.6432694792747498,0.23508272138742264,0.26685968041419983,177.30233972168344,12.32685545699276,0.11162296983061751,1.605520060383636
muon,275,L1.o,o,1,spectral,0.2937488555908203,0.5804955959320068,0.9264745712280273,-0.10894955506926096,0.9708094000816345,0.5804955959320068,1.000000238418579,0.9264745712280273,0.9286761283874512,0.2937488853931427,0.6011788845062257,4987.606589013716,377.64880419050246,0.47672363858346833,6.296087620439226,5.9169724051497825,0.4883275955449751,0.16900539159997402,2.047806119378889,317.3514268867185,23.27371229001952,0.18684136113797722,2.547697239688788,315.09599810962544,24.90175734217681,0.188625919000465,2.3867902734771924,115.71688420392849,6.07935570705829,0.1624648380380918,3.0924206044789693,15.670031700594421,1.0945490682131718,0.15345950445748643,2.1969917744592027,sign,sign,0.35270190238952637,0.36182236671447754,0.16037288026555097,0.3274327218532562,148.4062611729966,8.172090223987032,0.1806280884110945,3.2802304586937896
muon,275,L1.up,up,1,spectral,0.5154066681861877,0.5497992634773254,0.866562008857727,-0.15107019137525546,0.9781460165977478,0.5497992634773254,1.0000008344650269,0.866562008857727,0.9587164521217346,0.5154069066047668,0.7348268628120423,10643.857920336532,742.2433548047851,0.8463013317381536,12.136061676404823,4.393906093169783,0.33980283623039226,0.22758812165319214,2.9428854848845605,625.385714184462,43.595383656299276,0.35472488295782345,5.088609289839879,248.80271264071038,18.15159602264276,0.24661247574256281,3.380300710706192,127.87374771987776,6.806899602808493,0.25795788901850925,4.845971579938567,13.358873590794175,0.8763189486771357,0.22002662934926293,3.3541531111730687,sign,sign,0.34269389510154724,0.23989349603652954,0.2178853294311765,,,,,
muon,275,L1.down,down,1,spectral,0.2944563925266266,0.4943557381629944,0.9275769591331482,-0.12729936766272254,0.9823508262634277,0.4943557381629944,1.0,0.9275769591331482,0.7761183977127075,0.29445624351501465,0.5910909175872804,10311.809494163424,686.4830410056869,0.7854610210406721,11.798579032916566,5.075909753290387,0.3825835278302051,0.1970090187974213,2.613808298730026,275.05075296332603,18.967572192201185,0.21583262268850043,3.1298114899981933,684.254454396206,46.5644503840794,0.290369041133647,4.266909802985346,114.81641484728323,5.722111405226262,0.16413337180117282,3.2934006300182586,14.183544450340413,0.9104837253229626,0.1666977104265438,2.5968222383834285,sign,sign,0.54766446352005,0.4453834891319275,0.03550087220549775,,,,,
muon,275,head,head,2,adam,0.2644292116165161,0.2953732123741737,0.5000926091120793,-0.06331799065120447,0.9646804332733154,0.2953732123741737,1.0000005960464478,0.5000926091120793,0.8789875507354736,0.2644287049770355,0.5635107159614564,14814.281939818213,686.7413763902218,0.08294378144470771,1.7892508092862571,24.936582561415932,2.053199627166747,0.04010174985219251,0.4870449920285488,659.7724643064506,29.469563743504118,0.04926853021436006,1.1030370138903178,1224.994854596069,94.85821284755916,0.04592280778650287,0.593045151899231,216.6060675095785,10.194869863524067,0.07813021710230636,1.6599995200282278,56.391865436610274,3.7344091982172163,0.03997107248059986,0.6035876683677434,sign,sign,0.4376450777053833,0.2833995223045349,0.17638603311076081,,,,,
adamw,25,embed,embed,-1,adam,0.18125492334365845,0.3779609093299279,0.5817337036132812,-0.09561070765979074,0.9457575082778931,0.3779609093299279,0.9999998211860657,0.5817337036132812,0.9309319853782654,0.18125487864017487,0.5057613253593446,1788.720749343703,670.9380776579385,0.8790178027450047,2.34346124503923,2.3505825569933663,1.0121863772862767,0.4254263770531706,0.9879601658610702,70.81266684330673,26.62124736001341,0.5339820179140361,1.4203951536718764,114.8374156369771,48.023358381281554,0.5188173796295763,1.240638911405909,13.416857219236086,4.9357035298189675,0.8646074788186966,2.35028603803106,4.465473860399918,1.7979954610110824,0.4530418398528245,1.125167742299325,sign,spectral,0.9781311750411987,nan,nan,,,,,
adamw,25,pos,pos,-1,adam,0.21102668344974518,0.5786183476448059,0.9029861688613892,-0.10991193088707363,0.9723649621009827,0.5786183476448059,1.0,0.9029861688613892,0.9278514385223389,0.21102666854858398,0.5201321840286256,2948.978901744315,625.2722440673847,0.8036750451321515,3.790382148640059,3.474406187373135,0.7518695517416386,0.28781896706097615,1.3300179501664742,128.96357429596173,27.25424218871676,0.4481196735017799,2.1204447515717164,150.67522737736044,32.65615442904044,0.39410919166365993,1.8184165620132562,20.20300494324115,4.462847504810513,0.6684998529366468,3.0262530411082222,6.420276854292654,1.3922669653670123,0.3240558478231798,1.4943457763712007,sign,sign,0.4076079726219177,0.5564736723899841,nan,,,,,
adamw,25,L0.q,q,0,adam,0.12632706761360168,0.5280299186706543,0.8284333944320679,-0.029327237816844876,0.9440852403640747,0.5280299186706543,0.9999997615814209,0.8284333944320679,0.8846291899681091,0.12632694840431213,0.4371138513088227,180.93767649412132,68.4159208476739,11.953345421373696,31.612679038413237,0.16133881704827713,0.06182975622983299,6.198134955224028,16.17343852795135,7.039455330782387,2.6981964294417984,7.531795394993943,19.650065749520333,6.272719899396171,2.405454837847166,9.025792489699567,23.536616554659332,0.609586811520083,0.2276531280035024,13.262971203575896,35.5142597783507,0.25971863759690933,0.10034012194468636,6.732113267664884,17.425285639874517,spectral,spectral,0.6316003203392029,0.6098122000694275,0.15935547329493344,0.13602952659130096,0.8825404181883925,0.32741825966016236,12.095017899993712,32.601548143758926
adamw,25,L0.k,k,0,adam,0.10323546826839447,0.5321351885795593,0.8112608790397644,-0.08844540578205595,0.9342435002326965,0.5321351885795593,1.0,0.8112608790397644,0.8473719954490662,0.10323549062013626,0.39559772610664373,134.71634939245305,59.72851557926482,16.179370523708535,36.49221333032003,0.12248222995175585,0.05786450533522111,8.164449654402006,17.281751467618914,3.881223852280097,1.7399071894996316,13.377403168344218,29.84107231229756,4.847858168884789,2.2361952672990366,11.18675625801483,24.25182116329381,0.42709403833030546,0.16422571479227072,15.469822621108944,40.231635002229815,0.18853761038291125,0.0837648664527102,8.39296767763093,18.89085647686065,sign,spectral,1.2266148328781128,1.3576085567474365,0.15935547329493344,0.11567791551351547,0.6896162712612772,0.268254374575003,14.02809511687795,36.06279548181267
adamw,25,L0.v,v,0,adam,0.11033700406551361,0.6227851510047913,0.9454643726348877,-0.08084093334406195,0.881056010723114,0.6227851510047913,1.000000238418579,0.9454643726348877,0.9079952239990234,0.11033688485622406,0.4302567839622498,2134.198787293876,1207.522136237883,1.195262593954593,2.112531026936876,3.364758651783212,2.028281749043604,0.2971982070359227,0.49302826833111796,132.63179001581295,74.35161352567529,0.4562233521949645,0.8138319665078612,95.1371140534726,54.006935549769146,0.6108204449346166,1.0760042899006126,12.228855415764325,5.726976749767458,0.5774512448853213,1.233035874231975,5.317269602985114,2.9062890671266315,0.32366743557135513,0.5921733787965014,sign,sign,2.5710091590881348,2.9347236156463623,0.15935547329493344,0.17879463732242584,21.33214873194733,10.142532598142525,0.5795559387923721,1.218943431058472
adamw,25,L0.o,o,0,adam,0.1084379032254219,0.5893314480781555,0.8695712685585022,-0.10569014855611458,0.8944169282913208,0.5893314480781555,1.0,0.8695712685585022,0.9090294241905212,0.1084379181265831,0.42145162820816046,2733.370742559301,1493.2649762530352,0.8831226491683116,1.6165259680737916,4.232484555664651,2.4759782558892143,0.23626784382748076,0.4038807681858512,133.98148605681138,73.93661109966519,0.41537501057531273,0.7527064110732032,140.25271085173506,78.08633951171826,0.41480754842375045,0.7450455932751556,11.383367257073806,5.434418908158792,0.6096637005288887,1.2770502097303937,6.183995474688594,3.3984115243011304,0.27260797970062123,0.4960572022481359,sign,sign,3.706489086151123,3.4817211627960205,0.04404888654454128,0.15639348328113556,20.158168036432475,9.636935896363712,0.6177689681531455,1.292225122346566
adamw,25,L0.up,up,0,adam,0.2665143609046936,0.5601409673690796,0.8718163371086121,-0.0957881793463824,0.9801805019378662,0.5601409673690796,0.9999998807907104,0.8718163371086121,0.9329557418823242,0.266514390707016,0.5640591979026796,1950.651964773974,939.7082486256161,4.704760139227808,9.76616904533664,0.633596183828192,0.3256655111817293,1.5782921461879789,3.070634889037071,67.17626448273377,32.0131971060246,3.322378581458182,6.971655519460856,24.20838698238379,11.926424673673068,2.466466168271291,5.00645995042198,3.6890570721342217,1.3883407387518243,4.623653327049539,12.285831949715673,1.209968989652844,0.5560290791923393,1.8647076741926385,4.057770618432534,sign,spectral,2.4672181606292725,2.0149874687194824,0.16226105739874416,,,,,
adamw,25,L0.down,down,0,adam,0.24878589808940887,0.556670069694519,0.9292608499526978,-0.10683410005646665,0.9833705425262451,0.556670069694519,1.0000003576278687,0.9292608499526978,0.8702017068862915,0.24878592789173126,0.5547326207160951,1979.307632757718,1078.505577904963,4.6079155513423995,8.456592723045414,0.7616615595975408,0.4546793375163881,1.3129195572850825,2.199352983775792,28.683217531906504,15.885424577850802,2.0734317665309585,3.7438529959026714,101.19122653320018,56.48205261304431,2.2014916173567745,3.9441136902209957,3.4826786193518338,1.538214505777476,4.571855168495873,10.351158558374127,1.3283373295679017,0.7219602946201799,1.6704574284781561,3.0734806002993666,sign,spectral,4.001822471618652,3.1809871196746826,0.020165930730761398,,,,,
adamw,25,L1.q,q,1,adam,0.09161951392889023,0.5823026895523071,0.9144232869148254,-0.09969389337303669,0.8450188040733337,0.5823026895523071,1.000000238418579,0.9144232869148254,0.9034495949745178,0.09161950647830963,0.41849482059478765,22.483860687172264,12.928314314784378,106.0810618599425,184.48745585329075,0.03583205039080548,0.020042245835026718,27.907982588548144,49.89461992682149,1.0321680047858655,0.5922209358380395,56.699190530218075,98.8196918093313,1.138191327054026,0.624646490570614,50.80057517924189,92.56559502247408,0.10028830697725018,0.052222093531427545,58.46794083509399,112.28295156855077,0.05220530579231869,0.028444603141310407,32.06532766444921,58.850539335608694,sign,sign,3.297456741333008,2.7063040733337402,0.06258131756349654,0.13126230239868164,0.17013946977735608,0.09056181802069087,60.617878627069295,113.88346605720027
adamw,25,L1.k,k,1,adam,0.059701286256313324,0.6040263772010803,0.8801471590995789,-0.03968145320335925,0.8455278277397156,0.6040263772010803,1.000000238418579,0.8801471590995789,0.8504359126091003,0.059700917452573776,0.34729728102684027,21.419927228837288,9.349522337193953,115.50422252064406,264.62229318104045,0.03293605890173018,0.01551321317453229,30.361866955674152,64.46119363977142,0.9730064014631916,0.42196197226032617,57.8921352394658,133.49406317501297,1.0823241161265384,0.4961441416583121,50.28798452885906,109.7017859065364,0.07781050247874877,0.03424692562840505,49.104972170899075,111.56862955469263,0.045750942907521804,0.020800630771187514,30.364169003772524,66.78592480234823,sign,sign,3.712383270263672,1.975838541984558,0.06258131756349654,0.08581753075122833,0.11813753906696958,0.052449198882889195,56.76825872823131,127.86586880468353
adamw,25,L1.v,v,1,adam,0.09249911457300186,0.6248090267181396,0.9286695718765259,-0.03234356900524771,0.8746476769447327,0.6248090267181396,1.0,0.9286695718765259,0.8724509477615356,0.09249912947416306,0.39301019906997686,675.6649008603387,578.7619624851428,3.787702706147371,4.421883156329916,1.0900238704730478,0.9270601378121255,0.9174111018009364,1.078678673812913,42.437078496825535,36.01117451452862,1.4005406287462419,1.6504558210429603,28.035067603750402,23.71780104726806,1.991679187150192,2.354217431264348,1.7289892716876374,1.3417329266586007,3.423932947191605,4.412162223233885,1.342321321593499,1.1194607538636008,1.1711357134563243,1.404283654631435,sign,sign,5.92298698425293,5.6565752029418945,0.06258131756349654,0.1476772129535675,3.3363453396137452,2.581145762261824,3.214403312808943,4.1548833348068985
adamw,25,L1.o,o,1,adam,0.135672464966774,0.5763260722160339,0.898915708065033,-0.08342739890806306,0.9017959833145142,0.5763260722160339,0.9999995827674866,0.898915708065033,0.9083329439163208,0.1356724053621292,0.4627873599529267,257.66935878054994,224.1437068915971,9.161475788075219,10.531777244759096,0.4163181855720304,0.3846334606766603,2.402007929087856,2.599876726814805,11.750889346832972,10.125879467355997,4.895851166504891,5.681541588721293,12.730340291292908,11.22530693112038,4.5665164544270365,5.178772283676197,1.2819822797711895,0.8997362363935881,6.773131761540689,9.65064487305167,0.6336876972796249,0.5386131369047693,2.9212330423307193,3.436881340194647,sign,sign,2.3434362411499023,1.839966893196106,0.05574484115164056,0.20222187042236328,2.343299306835921,1.6664218357748612,6.573611489661034,9.243721437416683
adamw,25,L1.up,up,1,adam,0.19238132238388062,0.5825648903846741,0.8738797307014465,-0.08106829005618044,0.9773603677749634,0.5825648903846741,1.0,0.8738797307014465,0.9360846877098083,0.19238130748271942,0.4987747669219971,1807.5375935376485,943.6332840393359,5.280522628235835,10.114886074392244,0.7288183805466228,0.40140668328969736,1.372083946689143,2.4912390391823513,69.33942859635728,36.255488791339914,3.2263492155648223,6.170464625290256,27.51738466312807,14.822874726443953,2.1771480373897374,4.041686995205428,2.0597538712147085,1.0368475982113536,5.977611509478348,11.874848790222913,1.097161033660047,0.5880717389991916,1.8184210661971245,3.3926145473567546,spectral,spectral,9.792726516723633,8.65578556060791,0.06203524589685087,,,,,
adamw,25,L1.down,down,1,adam,0.24587523937225342,0.5530856251716614,0.9250722527503967,-0.09173646842673622,0.9824717044830322,0.5530856251716614,1.0,0.9250722527503967,0.8606351613998413,0.2458752691745758,0.5451009869575502,1646.3861270112805,913.4133229551607,5.504027721165566,9.920760574736374,0.6641059879500407,0.40527561760020525,1.505783742572169,2.4674566062508014,23.05020425268363,13.16540038906612,2.5685075727314852,4.496986223464567,72.56251222517541,41.64411412123272,3.036314407564281,5.290606030829827,2.0225218337572,1.0053704403490487,7.780394240758506,15.65195931333485,1.0346826310431623,0.5959667073776752,2.107316431139226,3.658599855360475,spectral,spectral,5.996061325073242,5.194967746734619,0.014201819689821921,,,,,
adamw,25,head,head,2,adam,0.07925767451524734,0.29161605834960935,0.4040098337026743,-0.06618316144118708,0.8578248023986816,0.29161605834960935,1.0,0.4040098337026743,0.9070683717727661,0.07925763726234436,0.37651044130325323,2158.2303411326275,688.4303549716793,0.5620914411284454,1.7621576299962551,2.5790055631597633,1.154868509085329,0.38774635242539507,0.8658994440778484,67.06106590762693,21.067687155218913,0.391592928553305,1.2464889476094443,111.2737705984821,47.84325189916591,0.5217076358716376,1.2133869143303178,6.711112733060514,2.3530134390357325,0.7558345941631334,2.155742540533276,3.6842681074967563,1.5186848382726115,0.4087766024990258,0.9916755351235669,spectral,spectral,2.938187837600708,1.140170931816101,0.05636656797889726,,,,,
adamw,50,embed,embed,-1,adam,0.24429015815258026,0.410781742976262,0.6408995995154747,-0.06291542590973664,0.9501384496688843,0.410781742976262,1.000000238418579,0.6408995995154747,0.9583414196968079,0.24429014325141907,0.5716090202331544,1421.0441905993569,546.260121351087,1.2025326601986275,3.1282753105877066,2.370925302704171,1.1930999075960111,0.4217763576431631,0.8381529761690196,65.20040407157231,24.942701943487965,0.6389296901101439,1.6701668513255055,109.17895451987799,53.246568386015724,0.5617735682697783,1.1518836371942414,19.153530915576866,7.83133677587082,0.8162760817837403,1.9964112916536276,5.09958554638622,2.347372191879841,0.44835723611948847,0.9740407119254385,sign,sign,2.384857177734375,nan,nan,,,,,
adamw,50,pos,pos,-1,adam,0.25592145323753357,0.5756268501281738,0.8806275725364685,-0.0814574336804108,0.9721759557723999,0.5756268501281738,1.0000003576278687,0.8806275725364685,0.9545401334762573,0.2559216022491455,0.5687217116355897,1663.433707279011,439.1215087347684,1.4174100042626627,5.369282832258403,2.361719793614683,0.6758844761125857,0.4234204075909183,1.4795433139394862,74.02423911732515,19.22350462988941,0.7613744540218186,2.931836089591236,109.36701743161454,30.75354730356944,0.5585831083002646,1.9864559993503557,18.709252716981606,4.660050847007294,0.8754479438418672,3.5147635422085726,5.0465345575958835,1.338878989311864,0.45078183956206835,1.699097640225,sign,sign,0.2882550060749054,0.18328632414340973,nan,,,,,
adamw,50,L0.q,q,0,adam,0.15591683983802795,0.6155077219009399,0.911815345287323,-0.010611694891097367,0.9281497597694397,0.6155077219009399,1.0,0.911815345287323,0.9382480978965759,0.1559169441461563,0.4778338968753815,325.0643995362688,161.86574526607714,7.755754344378637,15.575374670916313,0.4303678352308632,0.21433009720567114,2.3235937217835243,4.665700305451735,12.475909965308665,6.139510778443687,4.677509076344548,9.505021524399288,16.907160170773064,8.447246001254074,3.5516241437863676,7.108574588270092,1.381857987286802,0.6101008204958811,7.22120489137598,16.355787964474292,0.6648775862497793,0.3217168992148229,2.874717316679589,5.941046663476931,sign,spectral_head,2.3440284729003906,2.1074106693267822,0.12383494963880202,0.18042610585689545,1.784104246457717,0.7987253630596333,7.367070856130024,16.455746876533272
adamw,50,L0.k,k,0,adam,0.08756066113710403,0.522248387336731,0.7958072423934937,-0.020744164839088808,0.8896427154541016,0.522248387336731,0.9999995827674866,0.7958072423934937,0.8337122797966003,0.08756030350923538,0.3847768902778626,478.6005113974412,278.775124102443,4.469551000447775,7.673315190580537,0.6292687297163875,0.3874623810385979,1.5891455200994782,2.580894640886103,22.28164875048845,13.066042350842851,2.285812153468539,3.8980176357608505,15.58479633465274,9.27220577914185,3.423694783122832,5.754573094895303,1.476675504505465,0.7502527968707231,3.7949298349508367,7.469322276387965,0.8536778286449269,0.4982142010382365,1.8029138270517464,3.0892486763807203,sign,spectral_head,2.212568998336792,1.8407535552978516,0.12383494963880202,0.07698929309844971,1.8138765275303328,0.9000997994714739,3.979228266676851,8.018920518423135
adamw,50,L0.v,v,0,adam,0.12179968506097794,0.5454165935516357,0.8358638286590576,-0.017374807379288648,0.888595461845398,0.5454165935516357,1.0,0.8358638286590576,0.8766750693321228,0.12179962545633316,0.43393889069557195,2925.3093263164933,1491.4607116489415,0.7636889361032303,1.497878120247356,4.790835529206156,2.475761741543272,0.20873185771119565,0.4039160890242401,119.96146673876449,61.148439185811064,0.4459372370852578,0.8748430171966316,149.45137663644167,75.98555496466496,0.3754211282626278,0.7383930335620633,11.84723284958038,5.454233985447987,0.6579747307134837,1.4291979157293755,6.782770100752819,3.3945673054405097,0.2559067650962446,0.5113337278931742,sign,spectral_head,13.455820083618164,7.599419593811035,0.12383494963880202,0.16024406254291534,15.277097607472415,7.118479091444965,0.7510592024934876,1.611861831451178
adamw,50,L0.o,o,0,adam,0.13805048167705536,0.582848846912384,0.9032095074653625,-0.014564964786629941,0.9132954478263855,0.582848846912384,1.0000001192092896,0.9032095074653625,0.9112932085990906,0.13805049657821655,0.46791610121726995,1885.5557293612092,748.8852009071829,1.2661248033023738,3.187870282469387,3.992460258010376,1.5748918647879335,0.25047215365586006,0.6349643055296017,110.36868188489422,44.05721615533081,0.5237482906434423,1.3120531327712792,132.55099501274623,52.91927369068434,0.4400024710846827,1.102108197690715,12.20030924183084,4.8980514225408625,0.7241809699964621,1.8038258521227581,6.037425135510693,2.433743269250754,0.3100103510437103,0.7690475447050732,sign,sign,5.653116226196289,4.3947038650512695,0.0705287465832711,0.17570488154888153,19.792446317134868,8.013913784419124,0.7269881561582527,1.7954865052242428
adamw,50,L0.up,up,0,adam,0.2875637114048004,0.5754338502883911,0.8768916726112366,-0.1200409401871988,0.9770612120628357,0.5754338502883911,1.0000003576278687,0.8768916726112366,0.9515770077705383,0.28756386041641235,0.5881000161170961,1445.9495485070854,623.318867809321,6.520219334664291,15.125337431641945,0.6473324285767627,0.28342083340761776,1.5448018876892795,3.5283233967125534,67.45417149630846,29.252192994253924,3.327952344663544,7.674100476247115,24.106917830585143,10.428165008434062,2.526284319103112,5.840042658325714,4.114018504020524,1.481919774134257,4.473504292523242,12.419079466030873,1.2537915179546502,0.5219669558940063,1.8762279057322477,4.506796086215467,sign,sign,2.5381438732147217,2.2704885005950928,0.12075149525204168,,,,,
adamw,50,L0.down,down,0,adam,0.18620753288269043,0.5170775055885315,0.906855583190918,-0.05513369949940472,0.9828507304191589,0.5170775055885315,0.9999995231628418,0.906855583190918,0.8133112192153931,0.18620745837688446,0.5075106620788575,1809.771703571287,940.0210111968721,4.68114173453193,9.012349458844405,0.804392373469365,0.43895745965036975,1.2431737994354897,2.278123998529021,30.27747909226184,16.17628287239161,1.9168952985604404,3.5878920875743754,91.14867470739763,46.59530052995917,2.2842643931743583,4.468426423932394,3.8751856223096968,1.6879619750757935,3.0752793417653006,7.060158028299072,1.4685034911356596,0.7392539475431031,1.3823885487169851,2.7460690830852634,sign,sign,2.1712865829467773,2.30646014213562,0.02415279616102506,,,,,
adamw,50,L1.q,q,1,adam,0.08122209459543228,0.5298065543174744,0.8402767181396484,-0.0690517284571156,0.7261500954627991,0.5298065543174744,1.0,0.8402767181396484,0.8657471537590027,0.08122169226408005,0.39918690919876104,27.143768152397456,13.6323823631481,79.94791416948878,159.18623676157225,0.04230921164518223,0.021009049067761364,23.635514846891986,47.59853702919433,1.5996311058700325,0.7983125262415712,33.61881984139589,67.36423166766676,1.1503488590042197,0.5707089429309635,48.1660997069524,97.08594639505876,0.1233013113770291,0.05689142908400958,42.15863521424318,91.37079330712471,0.0634139726395172,0.030703591461640638,25.179737106753237,52.00522427328324,sign,sign,1.315920352935791,1.1638048887252808,0.075142419984081,0.07963201403617859,0.1445644437845221,0.07177413028934261,48.69744395813784,98.08434976719538
adamw,50,L1.k,k,1,adam,0.06686107069253922,0.5330525040626526,0.8048748970031738,-0.0750099591944452,0.7356714010238647,0.5330525040626526,0.9999997019767761,0.8048748970031738,0.8574318289756775,0.06686077266931534,0.37023881077766424,28.555530276466982,27.226722197389236,76.46095293982273,80.19265193993822,0.039750559208042394,0.03908576517362829,25.1568712969063,25.584754386527653,0.9514769571249564,0.8810120621232038,54.138981530204425,58.46911253866523,1.074240583555999,1.0352796647526237,51.083191134700556,53.00561666837694,0.10022732943811795,0.07782030162805004,42.694019631543576,54.987033988902006,0.055964844552733296,0.05097521110426112,26.46223530715514,29.052452229256037,sign,sign,1.560912847518921,1.8787790536880493,0.075142419984081,0.07905175536870956,0.14501858008700136,0.10581200000909724,41.782490743796004,57.26418061885824
adamw,50,L1.v,v,1,adam,0.08658308535814285,0.581801176071167,0.8841241598129272,-0.07117300525397519,0.813705325126648,0.581801176071167,1.000000238418579,0.8841241598129272,0.8841336965560913,0.08658304065465927,0.40591797232627874,350.3717130884591,176.46340880264623,6.8015125883916445,13.504542575467713,0.8507255657186815,0.47213269468583785,1.175467481776914,2.1180491198221083,21.714098911795908,10.767224298302025,2.6058620464922373,5.255202702236875,22.904632760617936,12.548255771775555,2.4704415552508197,4.509356328778692,2.0984224156923488,1.0451359816030068,2.6407072898339607,5.302008033223218,1.1891955247207788,0.6396169402408938,1.365353579280841,2.5385074471773095,sign,sign,1.7555588483810425,1.4634143114089966,0.075142419984081,0.1173272505402565,3.0537832100205144,1.37490912709388,2.7975720510599764,6.213631424796174
adamw,50,L1.o,o,1,adam,0.1055140420794487,0.5597492456436157,0.8648018836975098,-0.08302737465527377,0.8715887069702148,0.5597492456436157,1.0,0.8648018836975098,0.8493198156356812,0.10551408678293228,0.4125268459320069,303.51438785067353,163.02759489822438,7.553951318064878,14.06346521634922,0.596608540195729,0.3275460419271492,1.6761409410464199,3.0530059045024696,17.349707677251367,9.111238607844234,3.1901010429824743,6.074620909278995,13.020918081243858,7.044971284781617,4.174549587174044,7.715640845563582,1.5475617844582978,0.6966185354921298,4.363573843327973,9.693827797483983,0.855162568199096,0.4417457948740574,1.9295820142355078,3.7354205291639957,sign,sign,1.4431129693984985,2.1585187911987305,0.035254019851084346,0.1564120650291443,2.1567651246565154,1.003702715656743,4.778499395931328,10.268081060828278
adamw,50,L1.up,up,1,adam,0.14842626452445984,0.5149554014205933,0.7906120419502258,-0.16548020153366494,0.973906934261322,0.5149554014205933,1.0,0.7906120419502258,0.9229705929756165,0.14842623472213745,0.47664844989776617,600.1792675662908,362.68846577799684,14.05751540050176,23.262469289661233,0.44347155636264274,0.2694229584716508,2.2549360509206227,3.7116361785672467,32.01488959846996,19.323394163320184,6.321954730368042,10.474178657673338,15.810529745965628,9.459795129000723,3.736125158330787,6.244333745595532,1.8118179328032467,0.9480399525297357,5.242953468382374,10.019912229986124,0.7446513459889983,0.4285106162759162,2.5603832668623374,4.449347982289197,sign,sign,3.167778491973877,2.435133218765259,0.07566484426283664,,,,,
adamw,50,L1.down,down,1,adam,0.1959642618894577,0.4854525625705719,0.9089254140853882,-0.14147439445963383,0.9834282398223877,0.4854525625705719,1.0000007152557373,0.9089254140853882,0.7529630661010742,0.19596439599990845,0.5049118399620057,962.7597403231954,603.2926706124164,8.261308041906938,13.1837417767438,0.6040327078838004,0.36721907893628886,1.65554067222484,2.7231720044405257,22.223018151624334,13.29190132004367,2.61761143804011,4.3764413458099405,54.011254954199124,32.84732398935721,3.5688588440563334,5.8683180701213375,2.503524435808986,1.2056713672177637,5.009623809761428,10.402267121006455,1.021381856148689,0.5731519124186097,1.9773659369018166,3.523752860555565,sign,sign,2.4614782333374023,3.0381667613983154,0.01811899892439347,,,,,
adamw,50,head,head,2,adam,0.16055510938167572,0.4299500978910006,0.659053215613732,-0.06947814519096418,0.8783742785453796,0.4299500978910006,0.9999993443489075,0.659053215613732,0.9450267553329468,0.1605551391839981,0.5074703693389894,2374.474347967201,747.4066712799378,0.7532582564043216,2.3930645469936587,3.6156489005610313,1.7208732449611708,0.2765753456298647,0.5810999428789836,92.54905396625387,29.545797976019372,0.4628730081942572,1.4499002209946097,152.80261548038277,67.75780499217345,0.3958159495579669,0.8926161694330963,18.079964494339826,6.9467652811057325,0.5683377337366907,1.4791814075971415,6.67982549696995,2.9010118129303084,0.303882303964527,0.6997147522987298,sign,sign,0.8915577530860901,1.1369866132736206,0.0725288803534884,,,,,
adamw,75,embed,embed,-1,adam,0.2619248926639557,0.4355204655573918,0.6832729633037861,-0.07340889975824971,0.9541559815406799,0.4355204655573918,1.0,0.6832729633037861,0.9398887157440186,0.2619248330593109,0.5856090784072877,1203.1099088191895,330.2979834285498,1.5059016000432865,5.485244317607745,1.7978649641428361,0.5927285524547041,0.5562152997829666,1.6871129218571248,44.45493238128435,12.366022273157782,0.9990509542073667,3.591514040141291,85.84740027649792,27.42527499998354,0.7006953922177768,2.193337270370244,15.25940213644677,4.357890424663223,1.098548237073939,3.846629373911198,3.9632008031727533,1.2303102331236109,0.5910465883419042,1.9039395516381132,sign,sign,0.7594822645187378,nan,nan,,,,,
adamw,75,pos,pos,-1,adam,0.28760144114494324,0.6102353930473328,0.9457828998565674,-0.07783961862824595,0.9736100435256958,0.6102353930473328,1.000000238418579,0.9457828998565674,0.959710419178009,0.2876015603542328,0.599761188030243,1294.3371531618297,220.60389908429457,1.931122941048237,11.330371676553124,1.6149394219647342,0.28613783969673756,0.6192184207144932,3.494819977247423,61.08092209495364,10.476343458386713,0.990982184203489,5.777789343319367,77.52805969734001,13.525460470364829,0.7922482139650394,4.541173807869318,13.50571126910207,2.2741485229454605,1.3628672986210022,8.093795127081854,3.5602963719695606,0.613833829735377,0.6738326774571523,3.9082955690132932,sign,sign,0.1284756064414978,0.2995423674583435,nan,,,,,
adamw,75,L0.q,q,0,adam,0.12897178530693054,0.5481692552566528,0.8337427973747253,-0.08373771556057252,0.9075250029563904,0.5481692552566528,1.0000003576278687,0.8337427973747253,0.8991244435310364,0.12897175550460815,0.44452893733978277,246.2586197455201,105.01569416851572,9.117655543799888,21.380625889386383,0.2930855864578969,0.1236993699818905,3.411973852803312,8.084118437905286,10.502496775784179,4.553099393980756,5.080652741071495,11.719388138665341,11.822720188723919,4.718651571061096,4.867235582625873,12.19500179646582,1.2881014176339103,0.43397703306822316,6.408032825671575,19.01989169480909,0.506098390487767,0.19709248961029757,3.513381226347008,9.021736887792885,sign,sign,0.13808998465538025,0.07463719695806503,0.12421455255784737,0.14040645956993103,1.70944013789553,0.6052906883969679,6.071973321205216,17.148248123539148
adamw,75,L0.k,k,0,adam,0.11474742740392685,0.5216594934463501,0.7986538410186768,-0.010017014156168624,0.8811354041099548,0.5216594934463501,1.0,0.7986538410186768,0.8722944855690002,0.11474742740392685,0.4252051711082459,423.31335209162734,187.89407591605502,5.04760191144113,11.371924712042896,0.6820661309693259,0.2694078193289957,1.466133494385418,3.7118447507970025,21.302808114983836,9.402970219962059,2.3993947440780437,5.435925524541495,27.363582642877372,11.255874747215268,2.04018778553281,4.959796402338941,2.2948378269758987,0.8708758353345065,3.200155224422784,8.432702990753162,1.047307148719991,0.4217837343698818,1.6239941515836214,4.03244730850966,sign,sign,3.961217164993286,1.4743750095367432,0.12421455255784737,0.15006041526794434,3.1666270245156767,1.2527058817986323,3.1224077500733474,7.892914774809712
adamw,75,L0.v,v,0,adam,0.1356039047241211,0.5557373762130737,0.8543771505355835,-0.1113975392532206,0.8838292360305786,0.5557373762130737,1.0000004768371582,0.8543771505355835,0.9084832668304443,0.13560381531715393,0.45815247297286993,1121.3103139459674,552.8440763674357,2.030035989732667,4.117436344666298,1.769882577982629,0.9293778263064457,0.5650095036118113,1.0759891709611609,60.52162477782029,29.83326647935068,0.9034809927032278,1.8328578827304953,65.775422511227,32.655695151663664,0.8839613165118658,1.7804835820249354,7.719264849922709,2.8516172755503466,1.1242843868423986,3.0434129513381145,3.0056074631726766,1.389957014625891,0.6097304822378401,1.318465584657794,sign,sign,0.5163655877113342,0.360693097114563,0.12421455255784737,0.17261359095573425,10.223228799600289,3.881532854066114,1.2602015166000091,3.31913419831271
adamw,75,L0.o,o,0,adam,0.1028505340218544,0.5023250579833984,0.8004660606384277,-0.01700621339207764,0.8563334345817566,0.5023250579833984,0.9999998211860657,0.8004660606384277,0.8385123014450073,0.1028505340218544,0.41298443078994757,1141.2302007009487,447.0351974597431,1.8028995694613235,4.602598294702033,1.7951832841544286,0.7846890468523499,0.5570460854959932,1.274389932161535,67.63564728797292,27.06928447131435,0.7574382730860498,1.8925445899816171,62.66625045711811,25.616134028849835,0.8563586763373173,2.0949604351711,6.4367293621649795,2.1494180736801343,1.022636319372977,3.0624257348195774,2.906624500892635,1.1548955503387028,0.5683351558439859,1.4303777412687149,sign,sign,1.5099842548370361,1.37351655960083,0.08089314913646255,0.1481177806854248,10.18672855490019,3.4292375004948545,0.9841385438309763,2.923434788338289
adamw,75,L0.up,up,0,adam,0.31279250979423523,0.5853272080421448,0.9060083627700806,-0.10673864778268816,0.9777079820632935,0.5853272080421448,1.0000003576278687,0.9060083627700806,0.9581114053726196,0.31279268860816956,0.609759032726288,1171.2778616463902,464.6267793412807,8.187639577753524,20.640224375699166,0.43817765566891165,0.180375058842606,2.282180172106886,5.544005718110185,58.748590780048296,23.178260521091804,3.9479779478882326,10.006710411166578,17.168280016829257,6.799425812459091,3.571652482586456,9.018280607090098,3.5397847161254163,1.0455139545102525,5.655351910253378,19.147260703567472,0.958112046173814,0.34783447344124735,2.5456687474359336,7.012059122134567,sign,sign,1.2624667882919312,1.393009901046753,0.13283157534094206,,,,,
adamw,75,L0.down,down,0,adam,0.18804141879081726,0.5432153940200806,0.9216333627700806,-0.09195113230710406,0.9597094655036926,0.5432153940200806,1.0,0.9216333627700806,0.8452622890472412,0.18804135918617249,0.5140343308448793,1800.2412706322018,717.8351616318904,4.943804567095341,12.398446734473264,0.759015453930804,0.31367257437512513,1.317496231231104,3.188037723706399,30.34373930132228,11.889910233545141,1.9438782620543673,4.960889868694837,77.13526991072966,31.266107728759618,2.805294468360885,6.920821353054239,3.5895474499161946,1.143331307264582,3.3526935854384408,10.52595396758077,1.373348774442536,0.5199956447700682,1.4971715795396625,3.954146105973974,sign,sign,2.2776026725769043,2.2961533069610596,0.02499198563597305,,,,,
adamw,75,L1.q,q,1,adam,0.05781290680170059,0.46364569664001465,0.7271696329116821,-0.19702909072518526,0.6697072982788086,0.46364569664001465,0.9999998807907104,0.7271696329116821,0.7811022996902466,0.057812128216028214,0.3447569608688355,24.032078574201428,13.454252683471834,79.02324252036138,141.1518586811203,0.03233071560345618,0.021519412453419196,30.930335506827127,46.46966467859217,0.892758928979244,0.4843652487794724,52.1292534811821,96.08215416696093,1.156588459048859,0.735493130553367,43.22241570807856,67.96874791007785,0.08462030550276949,0.04085919989353478,43.7250431815671,90.55553025480212,0.04628418285024435,0.0271213623225417,29.79482299666347,50.84659904499224,sign,sign,0.36936452984809875,0.37607961893081665,0.07256295905107547,0.0641905814409256,0.12771310666874247,0.057721438137905784,40.939381510786,90.58151990855876
adamw,75,L1.k,k,1,adam,0.03577852621674538,0.3911817967891693,0.6323692202568054,-0.2185288989645351,0.6179965734481812,0.3911817967891693,0.9999996423721313,0.6323692202568054,0.680086076259613,0.03577687218785286,0.29114735126495367,50.181431179587655,21.361660061450774,31.929751742517034,75.00730912481428,0.05783680139751025,0.02758069952810153,17.290023275996365,36.25722550485885,1.9757721261146444,0.8579923425374744,20.48395640443769,47.17015303043672,1.6318606199851413,0.7429264912866866,26.67232014031416,58.58656191574578,0.10694772083590014,0.044061899812145054,21.410698812054328,51.96837742393409,0.07130036378032278,0.03230851632120657,16.333565565378425,36.045888182021706,sign,sign,0.6330519914627075,0.7485262751579285,0.07256295905107547,0.026513168588280678,0.12772065915580758,0.05281329277596168,23.781779583960578,57.512501203940765
adamw,75,L1.v,v,1,adam,0.08109529316425323,0.5609095692634583,0.8365324139595032,-0.004321242505745726,0.734516978263855,0.5609095692634583,1.000000238418579,0.8365324139595032,0.8689606785774231,0.08109494298696518,0.396821677684784,217.37954857538938,81.82113110508388,10.569005275610527,28.079367330579142,0.4357413657637664,0.17184582709196053,2.294939881747929,5.8191709123285555,10.66571733455332,4.0099315101153925,5.019641231252486,13.351368809754947,13.954321809607407,5.334162899341974,3.9853949326771128,10.425906459627544,1.2015222561981231,0.43556027869286396,4.319604271237924,11.915918240838137,0.6365120121376112,0.24294887868723425,2.4937266208489874,6.533419531444492,sign,sign,2.7771615982055664,2.706237554550171,0.07256295905107547,0.08639974892139435,1.749358039215369,0.5954421256271608,4.414839513339908,12.970420905931531
adamw,75,L1.o,o,1,adam,0.09852446615695953,0.5247750282287598,0.8445484638214111,0.006863367535291598,0.7967420220375061,0.5247750282287598,1.0,0.8445484638214111,0.826957643032074,0.09852446615695953,0.41004553437232977,225.4113479006114,68.6254976853414,9.5358043667471,31.321864148522373,0.49545477829914075,0.15723629593927674,2.0183476753073717,6.359854727092981,9.74422448257336,2.976648129027932,5.546988555244769,18.15837792766641,12.306725104872802,3.781660930635586,4.3005177009354965,13.995249739420068,1.2064488368467363,0.34461324491197115,5.226550947127822,18.297515849958923,0.6950826153537898,0.21194636947477066,2.3596932848430034,7.73866419097446,sign,sign,1.5638997554779053,1.7979744672775269,0.02292539824396586,0.1373155266046524,2.0022630115295614,0.5691672326878923,4.632247903640793,16.2957002881108
adamw,75,L1.up,up,1,adam,0.13018983602523804,0.48571550846099854,0.7585421204566956,0.0023477788371830677,0.9277277588844299,0.48571550846099854,1.0000004768371582,0.7585421204566956,0.898902952671051,0.13018983602523804,0.4613266587257386,450.60902666870857,167.66542693998994,17.66046044274155,47.463350291490194,0.29001116974516056,0.10823409763714133,3.4481446963435287,9.23923697492906,23.37077028963432,8.782386593712458,8.308959457919197,22.11093542340046,10.242724173884667,3.837919782696993,5.61664924235956,14.989836220735125,1.1810334701487626,0.4237563961034688,7.054964754356809,19.66259290061729,0.4969077158457856,0.1850067734586162,3.713579680169552,9.974263979568011,sign,sign,2.4524550437927246,1.9267075061798096,0.07351247246869602,,,,,
adamw,75,L1.down,down,1,adam,0.14339327812194824,0.4489077627658844,0.8891708850860596,-0.10502778223286113,0.9468658566474915,0.4489077627658844,1.000000238418579,0.8891708850860596,0.6962018013000488,0.14339327812194824,0.45926216244697576,700.1774117709648,280.4267508697921,10.504344558264776,26.22754342210128,0.38678398357210797,0.16203346844318117,2.5854230808193472,6.171565961196715,12.164705218451004,5.115491096561296,4.678036633324525,11.124432741904574,35.178261148383115,14.061623704587868,5.066414749183938,12.674756833000899,1.4046807791098574,0.4886662914066441,6.5332778352817185,18.780034475854396,0.6233441354323116,0.24766386095440313,2.9470867557938774,7.417510325305661,sign,sign,2.464580535888672,2.57241153717041,0.015658601874561796,,,,,
adamw,75,head,head,2,adam,0.13384172320365906,0.35321951646071215,0.5571375333345854,-0.06467008993066692,0.8726622462272644,0.35321951646071215,1.0000001192092896,0.5571375333345854,0.8879092931747437,0.13384133577346802,0.4628038108348847,2434.0706281410166,589.6258090261757,0.60367730150821,2.492077459946009,3.907480341893419,1.416134704794814,0.25591942421000813,0.7061475972754874,87.40743000118601,21.567243798353516,0.4143119145163823,1.6791176473607947,186.4802399388216,60.33265811079707,0.30473038205992503,0.9418811725289132,20.460043833175025,5.32366646890449,0.418663339867582,1.6090170815672595,7.285399942757611,2.2942545930093625,0.2540994280534403,0.8068921227120853,sign,sign,1.1089413166046143,2.1135153770446777,0.07081616048547683,,,,,
adamw,100,embed,embed,-1,adam,0.2583777606487274,0.3967393728402945,0.6317862877478966,-0.08349493967030308,0.9531249403953552,0.3967393728402945,1.000000238418579,0.6317862877478966,0.9232497215270996,0.25837773084640503,0.5805127024650575,1450.1856613629259,814.1744728767745,1.1380858568581476,2.0271279019397834,2.2626808746978417,1.949736508581393,0.44195372383306997,0.5128899387262171,46.52424403165557,26.61275520527758,0.8826819125888747,1.5430987279163584,111.13857092215169,91.19231447136153,0.5316604459411598,0.6479491448403872,17.03240047083707,10.214640111149574,0.9708662282734459,1.6188707799420885,4.82096340324532,3.6475430935282858,0.4816571566489875,0.6366070161681998,sign,sign,2.603156805038452,nan,nan,,,,,
adamw,100,pos,pos,-1,adam,0.2929772734642029,0.549551248550415,0.8660818934440613,-0.10996792165973668,0.9736161828041077,0.549551248550415,1.0,0.8660818934440613,0.944298267364502,0.2929771840572357,0.597967565059662,1523.3264142715443,581.7507228634903,1.4776622350758037,3.8692894148593875,1.602840203476384,0.6755524722227381,0.623892511450056,1.480269914059744,56.61429217248626,22.134340147403055,0.9790679889018863,2.5042192724648826,75.09123122717014,29.375316461406996,0.8048221892712952,2.057342571635855,13.493965585469278,4.1125112597723845,1.3895505580100775,4.559391141969884,3.583552622118689,1.3020841912067485,0.6674579640082611,1.836955515801987,sign,spectral,0.5711222887039185,0.3916189968585968,nan,,,,,
adamw,100,L0.q,q,0,adam,0.15108130872249603,0.5594475269317627,0.8758734464645386,-0.08302553743269603,0.9098494052886963,0.5594475269317627,1.0000003576278687,0.8758734464645386,0.9154070019721985,0.15108135342597961,0.4744958579540253,392.73877131827606,258.2701251245968,5.8346596711621,8.872482131671315,0.4661847907868753,0.3394843376210777,2.1450728925325167,2.9456450469418685,17.943262774483646,12.157024514349043,3.1240639608446905,4.610988528283972,19.292222540200154,12.696474703345357,3.036770284198312,4.614355519550953,1.949213667063542,0.9722997416857748,4.960566855905827,9.94467477194798,0.7812869127738314,0.49967600550707536,2.4293044698592077,3.798428918990977,sign,spectral,1.5317296981811523,1.017540693283081,0.1471562956911907,0.17058709263801575,2.856518567509063,1.5294614977182328,4.545075746887319,8.488669561860771
adamw,100,L0.k,k,0,adam,0.09373313933610916,0.5353068113327026,0.796040415763855,-0.04793348702750855,0.8648788332939148,0.5353068113327026,1.0,0.796040415763855,0.8736395239830017,0.09373309463262558,0.3958828747272492,907.0938512535599,1051.9460192663835,2.4171883605964912,2.084343358937618,1.2409532073452674,1.6523826024371586,0.8058321571522177,0.605186715549452,35.54752928615031,41.25167244532062,1.4331962764212713,1.235018693518833,44.69430709867478,56.97585660395965,1.2510078612801667,0.9813442547000922,2.763829067466829,2.632567262290936,2.1705106554118787,2.27873396687817,1.6653834440326725,2.0612882528667194,0.9508514925184742,0.768224595066575,sign,spectral,7.656367301940918,2.9353179931640625,0.1471562956911907,0.09466051310300827,3.884222694818738,3.5624303823763475,2.0284277862116946,2.2116545156873313
adamw,100,L0.v,v,0,adam,0.13125525414943695,0.5387598276138306,0.8458775877952576,-0.04121262170859963,0.866438627243042,0.5387598276138306,1.0,0.8458775877952576,0.8652591109275818,0.13125494122505188,0.4499280750751496,1845.8462318605364,1764.9506103125464,1.1955276749580204,1.2503240832985496,2.40208499817646,2.4919573301758984,0.41630500201248033,0.40129098034331656,97.27106095484304,93.29410154392696,0.556549554281397,0.5802742587472886,88.58031577087081,90.14750070786656,0.6251567587838239,0.6142886121581949,8.529844626770652,6.257751916560291,0.984817143430032,1.3423889810984564,3.855280662799258,3.6433812006728967,0.4668175459427444,0.49396770713865396,sign,spectral_head,3.5798375606536865,3.008845090866089,0.1471562956911907,0.1458357870578766,11.784487129204003,7.934398251706289,0.9693434886767501,1.4397079026922186
adamw,100,L0.o,o,0,adam,0.12089960277080536,0.5433565974235535,0.8824589848518372,-0.05567134033722221,0.8632612824440002,0.5433565974235535,1.000000238418579,0.8824589848518372,0.849105179309845,0.12089966982603073,0.44122335314750677,1284.9363361801043,668.0987257136611,1.732061395090724,3.3312271635745265,1.9035485794803852,1.021808930604751,0.525334761191937,0.9786567806045063,66.83057778887625,34.14967888808447,0.8450828482874206,1.6538186263948649,51.05607556796144,26.594137320182544,1.0643734535274596,2.043410200585407,6.218589968499841,2.594556909775681,1.2442649640596615,2.9822331491376683,2.9333992811380396,1.4502789846972521,0.6016541946495078,1.2169327423902347,sign,sign,2.8643410205841064,2.2009310722351074,0.07750146771788256,0.1500660628080368,10.284009499878007,4.4199183191897236,1.146429995534982,2.667446797339962
adamw,100,L0.up,up,0,adam,0.2924633026123047,0.571352481842041,0.8960955142974854,-0.13268365013577244,0.9754871726036072,0.571352481842041,1.0000008344650269,0.8960955142974854,0.936896026134491,0.29246339201927185,0.588951349258423,1287.9318665789656,672.1501493072801,7.268271952432553,13.927005851516233,0.4604226489973072,0.273306511443058,2.1719192933770626,3.6588986818682945,60.23023226858267,31.956540819339008,3.80872600054402,7.178513248884902,21.363354937619153,11.750841944318495,2.806738260338516,5.102727613624196,3.2115109337155268,1.2482103682010925,5.828302464341351,14.995594946234172,0.9435727953233446,0.4801681438168832,2.4966869387788564,4.906210260315102,sign,spectral,1.0392358303070068,0.9855865836143494,0.1466042086631367,,,,,
adamw,100,L0.down,down,0,adam,0.1864357590675354,0.5839766263961792,0.9405454397201538,-0.10169477443102726,0.9580311179161072,0.5839766263961792,1.000000238418579,0.9405454397201538,0.8920180201530457,0.18643583357334137,0.5174731016159059,2004.230312811506,1187.6501637632316,4.773839107070146,8.056137521640117,0.640071439135097,0.42134418639593657,1.5623259800028564,2.373357152432335,26.683704382829276,16.05676893460565,2.2558677490380505,3.748880511841794,96.49315253194106,56.76054304921883,2.3665577003880074,4.023157653040151,3.606737987385014,1.5338940469688696,3.3082218824127936,7.778822505749473,1.1906225547661393,0.661176373066311,1.7384958803087591,3.130620649470831,sign,sign,1.1729278564453125,0.7100505232810974,0.029481097802188924,,,,,
adamw,100,L1.q,q,1,adam,0.05981901288032532,0.5295845866203308,0.805877685546875,-0.06593213395490294,0.6492868065834045,0.5295845866203308,0.9999998211860657,0.805877685546875,0.8333558440208435,0.05981738492846489,0.35547652840614324,64.16502894778775,42.42494096969053,33.80624153636672,51.12979340022162,0.06875413536591621,0.04533245847112084,14.544577076912816,22.05924529381344,2.047182173356844,1.3610910249381363,25.193738274121717,37.89325690200934,2.596479282703612,1.6256509877297178,20.54118989996276,32.808256150859286,0.16420892328465073,0.0923251046147893,23.31429860258003,41.466683267134265,0.09514277528479459,0.058834471643602816,14.944977022222469,24.16791637180169,sign,sign,0.45147940516471863,0.2679224908351898,0.09257422564761734,0.043565765023231506,0.21316719335973125,0.13136042499069558,22.312134529508242,36.20736683713461
adamw,100,L1.k,k,1,adam,0.05879558250308037,0.4181583523750305,0.6599931120872498,0.0033421042967471948,0.6423765420913696,0.4181583523750305,1.0000001192092896,0.6599931120872498,0.7684546113014221,0.058793939650058746,0.35411867499351507,73.48721193422348,43.02624929063904,23.307138293138504,39.80771365308766,0.0806853871244602,0.049330646163406655,12.393819436805233,20.271376861693877,2.6211197096050234,1.5536859998315766,16.11508204634769,27.186676830558334,2.916982196500054,1.7290609632106961,16.86026578506411,28.4438178697682,0.23072320858784057,0.126163964563335,16.30922845450596,29.825612500681345,0.11865290094428194,0.06990214668425572,11.937973412688654,20.26368636730659,sign,sign,0.9877286553382874,0.6054231524467468,0.09257422564761734,0.0461612343788147,0.2597647136081351,0.14450579219502113,17.378798344563624,31.24026038165024
adamw,100,L1.v,v,1,adam,0.07774869352579117,0.5177628993988037,0.7824134230613708,0.011624093380885325,0.701846182346344,0.5177628993988037,0.9999998211860657,0.7824134230613708,0.8723546862602234,0.0777481272816658,0.3904635310173035,227.1208575231244,146.80755818668396,9.337569693358411,14.445828689832819,0.29553190843447175,0.20211554906618112,3.3837287705526915,4.94766397640502,9.83951117949345,6.210157494489222,5.0891206039064265,8.0633154827978,10.757141055892468,7.326030488909964,5.190105775369727,7.6208664439999225,0.9044388389365617,0.49368391632824243,5.501661551267869,10.079154335549042,0.44708254265814534,0.28509511496835693,3.4934333197166554,5.478357815281963,sign,sign,3.889590263366699,3.438434362411499,0.09257422564761734,0.08636368066072464,1.2291586241972812,0.6404568621244087,5.860901855837103,11.248186236587864
adamw,100,L1.o,o,1,adam,0.11168339848518372,0.5901423096656799,0.9269422292709351,-0.06496849170035401,0.7976407408714294,0.5901423096656799,0.9999998807907104,0.9269422292709351,0.8604051470756531,0.11168283969163895,0.4355796575546265,153.18027972932364,92.33880949573407,15.780248636847805,26.177756823931084,0.2629150232652148,0.17220377263253447,3.8035098503365603,5.80707301299728,9.274408973868054,5.4741481072857265,6.396558836309071,10.837175303018043,6.983440967012841,4.293802208862469,7.885214419789988,12.82451466888366,0.8794516219594598,0.4030166289673665,8.127493142020823,17.735588341674543,0.4217807329715049,0.23989770431715174,4.13086122798762,7.262752603254572,sign,sign,1.8110415935516357,1.134533166885376,0.0330097885234518,0.14791733026504517,1.2145719730887685,0.58794297424922,8.143301650968894,16.822423920116155
adamw,100,L1.up,up,1,adam,0.1101263165473938,0.4090264141559601,0.6493866443634033,-0.049074716068516655,0.8900144696235657,0.4090264141559601,0.9999996423721313,0.6493866443634033,0.8280486464500427,0.11012629419565201,0.4215546548366547,712.110707984831,197.87992567888355,9.410740063852545,33.866440704077895,0.44347621054795344,0.09992269379829218,2.254911579443111,10.00773302199768,28.025556344064736,7.5620189890103395,5.931835176297517,21.98394121974929,15.914556140575835,3.9552734617845937,3.329977468720357,13.398596553395244,1.1058937629262664,0.31065884644646236,6.373198907030109,22.68752685395596,0.6304892877928095,0.15735271238837942,2.674460945843397,10.716173565617007,sign,sign,3.818282127380371,2.842647075653076,0.09116196054413755,,,,,
adamw,100,L1.down,down,1,adam,0.1297130435705185,0.4514315128326416,0.9257823824882507,-0.041600169096925654,0.923737645149231,0.4514315128326416,0.9999987483024597,0.9257823824882507,0.6595625877380371,0.12971295416355133,0.4402645826339722,730.770669845169,274.50048101066693,10.121169624688235,26.944411459747446,0.3276717009616756,0.10831415021588901,3.051831285300464,9.232392501896452,13.256763321985476,4.225301455830124,4.469422214167894,14.022685268407075,23.51997169317919,9.29184057742681,7.178921159582159,18.171644364102576,0.9451931612366705,0.30037774824110464,8.782998397152944,27.63730026192926,0.48139823799003445,0.16059992960167888,3.658214413623334,10.965496543341015,sign,spectral,2.2069737911224365,2.0727219581604004,0.01687313627675121,,,,,
adamw,100,head,head,2,adam,0.14596319198608398,0.34428455646221456,0.5466632549579327,-0.1438433928748346,0.855005145072937,0.34428455646221456,0.9999998807907104,0.5466632549579327,0.9048941731452942,0.14596305787563324,0.4855902194976807,2568.2963722599666,916.397851091352,0.5576551718688644,1.562884235462966,3.4106011506331826,1.9781247145374292,0.2932034080282472,0.5055292385973518,98.98737831704328,34.27119383308876,0.35896608412496633,1.0368215284627316,173.29996358686427,93.81642353613688,0.3341791070387075,0.6173037182449339,21.52988299455725,8.244922529015179,0.43389196939884084,1.133017720974375,6.741770715036531,3.3041079955900767,0.2881082916678769,0.5878621540573501,sign,sign,0.6222083568572998,0.10823184996843338,0.08870542172581451,,,,,
adamw,125,embed,embed,-1,adam,0.29203057289123535,0.4092883183405949,0.6455497154822716,-0.074937448626896,0.957585334777832,0.4092883183405949,1.000000238418579,0.6455497154822716,0.9588718414306641,0.29203060269355774,0.6115415692329408,1540.6279914360991,558.2186827920124,1.1051593335713423,3.05012973729377,2.1963893731937176,1.2650984302811181,0.45529278670862555,0.7904525169605724,53.52234762850303,19.163349093997635,0.7839852578514643,2.1896345623370523,111.22687845659873,60.64034432020833,0.5517353242589517,1.011996197243091,21.25090195827898,8.022092474141273,0.8794901321873735,2.329810910636301,4.976483032386763,2.4321314854891214,0.4915449941932677,1.005770180540014,sign,sign,1.4843502044677734,nan,nan,,,,,
adamw,125,pos,pos,-1,adam,0.3041061758995056,0.5831522345542908,0.910523533821106,-0.1360603978933833,0.973649263381958,0.5831522345542908,1.0000001192092896,0.910523533821106,0.9516034126281738,0.304106205701828,0.6077473163604737,1518.5272268160425,359.08261730664645,1.5729659044326993,6.651927544280388,1.5164610660300506,0.42312159956004797,0.6594301308553828,2.363387074186396,66.57379305580226,15.946446692227337,0.8753220072004285,3.654325461292554,72.74131143057018,19.39225505297939,0.8372493870464955,3.140564015985658,12.854250334516887,2.684074928074323,1.5141137490262266,7.251212312049904,3.4728832117929755,0.8519824151040987,0.6999917231899675,2.8533329570698305,sign,spectral,0.17722976207733154,0.0,nan,,,,,
adamw,125,L0.q,q,0,adam,0.16419947147369385,0.5813736915588379,0.8999949097633362,-0.15446997550001085,0.9053708910942078,0.5813736915588379,0.9999998211860657,0.8999949097633362,0.9277428984642029,0.164199560880661,0.48861017823219305,483.6313913716401,193.489843883558,4.923804953750648,12.307140224155992,0.6264852924033417,0.26834616281328927,1.5962063807592932,3.7265292363500224,22.19684767436612,8.885165144153715,2.5949483940177736,6.482679082532653,21.1491623490312,8.248470051744606,2.8074655876112677,7.198370743814565,2.856126194911721,0.8572325551085997,3.6793770665189047,12.258943221435135,1.0765791074726618,0.399740524176222,1.8154158779546716,4.889268631464901,sign,sign,2.733241319656372,1.8239251375198364,0.1616699397852617,0.20606040954589844,3.7503385664548254,1.2024038434679276,3.7016174008596194,11.545470826727604
adamw,125,L0.k,k,0,adam,0.11150013655424118,0.5159454345703125,0.7981395721435547,-0.08083120675704547,0.8729289770126343,0.5159454345703125,1.0,0.7981395721435547,0.8716065883636475,0.11149977892637253,0.42610335350036627,964.2378931841274,652.7113181564449,2.19169202427979,3.237744529953855,1.1823437438847628,0.9956668201755526,0.8457777234176874,1.0043520379876507,33.3546472760096,22.247345087780527,1.5314487421945417,2.2960462210497186,44.878532665061535,34.2819200614171,1.2429733848829916,1.627179036510698,4.18308027203671,2.1247979184749406,1.7059220180818973,3.358441138060441,1.921925653280196,1.3716057760710278,0.8868259447506679,1.2426409708575712,sign,spectral,5.228518486022949,3.783942937850952,0.1616699397852617,0.11654052883386612,5.322365336032783,2.696591933689322,1.663969865306609,3.2842401628022433
adamw,125,L0.v,v,0,adam,0.1410200148820877,0.5571194887161255,0.8826422095298767,-0.04282002350228675,0.8635485768318176,0.5571194887161255,1.0000004768371582,0.8826422095298767,0.8657053709030151,0.141019806265831,0.4611777067184449,1457.0593334630112,881.5251216567045,1.5661417303835417,2.5886516103961044,1.8987717088563956,1.2810369902397334,0.526656507558481,0.7806179559655166,70.33082693879577,43.100902017223284,0.8031912017623625,1.3106245754981845,68.56933501181607,41.53214021562917,0.8080163491194043,1.3340305471891665,7.648028960941293,3.1926477326060447,1.1800793378981678,2.826895325870041,3.2661954361254346,1.8609635367006268,0.5647886866854612,0.9912661878898974,sign,spectral,1.4214377403259277,1.0214803218841553,0.1616699397852617,0.19178494811058044,11.80787936357748,5.003387202443244,1.0690285445813343,2.5228829150926373
adamw,125,L0.o,o,0,adam,0.15569259226322174,0.5934043526649475,0.9068519473075867,-0.1959759345962575,0.8768768906593323,0.5934043526649475,1.0000003576278687,0.9068519473075867,0.9180458784103394,0.15569259226322174,0.49310451745986944,1438.1732696636852,529.2125142074153,1.6900496482485825,4.592832110472356,1.7288215420223219,0.6675643544875329,0.5784289085489409,1.4979834541877777,61.83546713136766,22.747234297698924,0.9385960407541578,2.5514541182510544,60.148575194209,21.648246711636773,0.9768300583771524,2.714073661525608,7.238339084617962,2.0033936570225084,1.3766040443857464,4.973723872785805,2.978413842420129,1.013035898161575,0.6622379862069515,1.9470374037827258,sign,spectral_head,1.59574294090271,0.8387617468833923,0.06489231043822194,0.19878792762756348,9.599249090381232,2.7210432014112693,1.5996219237243297,5.643118524652857
adamw,125,L0.up,up,0,adam,0.3222222626209259,0.5567551255226135,0.8787530660629272,-0.12091635432351311,0.9797883629798889,0.5567551255226135,1.000000238418579,0.8787530660629272,0.9390541315078735,0.3222224712371826,0.6128238439559938,1433.6371591109025,457.0413465485895,6.3627507968749955,19.95853557987171,0.4809460086839748,0.17151178500293918,2.0792359648745316,5.830504524231045,57.49902690023544,18.47067488300177,3.912427688601252,12.17934841780669,22.235400590834317,7.428613294311651,2.7028730231771756,8.090266922700657,3.983190172572676,0.9994193583890754,5.177314117987075,20.634207794741982,1.077249205265418,0.33337989875414403,2.275513525954687,7.352858245401111,sign,spectral,1.1382800340652466,1.1082736253738403,0.1560246933348647,,,,,
adamw,125,L0.down,down,0,adam,0.1740657538175583,0.5483413338661194,0.9464424848556519,-0.061135965350602284,0.9543891549110413,0.5483413338661194,0.9999997615814209,0.9464424848556519,0.8262873888015747,0.1740657240152359,0.4980583488941193,2279.8781074578987,874.7226996613736,3.940572254575414,10.270711412360093,0.733403726377592,0.29746308617835393,1.3635051549582287,3.3617608639407366,33.31359282827157,12.757622845830841,1.8182463639693958,4.747931473029601,94.67820037113867,36.15158416369998,2.2341951019770856,5.851184019360381,3.4448743797169334,0.9978352799900201,3.233850357480706,11.16437599243349,1.3446896063141405,0.4808723518543464,1.4815569486718312,4.1429585676095195,sign,spectral,1.4426723718643188,1.1880545616149902,0.03179445492652263,,,,,
adamw,125,L1.q,q,1,adam,0.07421135157346725,0.4720103144645691,0.7587074041366577,0.0314956920645697,0.6638384461402893,0.4720103144645691,1.0,0.7587074041366577,0.8024808168411255,0.0742093175649643,0.37957936525344854,48.59982873150557,22.022798429948754,39.78109179618465,87.78876373030373,0.05471320704155644,0.026227329988754416,18.277122729078336,38.12816632225901,1.8948766483830717,0.856007364715085,25.62555927119625,56.72529918116766,1.775116828699266,0.8398217013348505,28.932615277759304,61.15437621604691,0.16363405653066243,0.0692867231354575,29.025293397966443,68.54886889969447,0.08352959472650263,0.038147833809415305,18.177000211543653,39.80088276045327,sign,sign,0.6476730108261108,0.5729314684867859,0.09256013065057248,0.07130797207355499,0.19166714379607946,0.0791653989219872,31.689322823038644,76.72293801372871
adamw,125,L1.k,k,1,adam,0.06377587467432022,0.5121630430221558,0.8181961178779602,-0.04753560271509161,0.6545594930648804,0.5121630430221558,1.0,0.8181961178779602,0.7833786606788635,0.06377437710762024,0.3634988963603974,67.75732422587052,33.950325051258645,30.96078318006806,61.79086123774763,0.06325043178791867,0.035779289399558,15.81016874877695,27.94912969994182,2.7375154267804196,1.4396407731988712,19.1284955079779,36.37334571167764,2.1036696169953926,1.0637614060679093,23.832751054823582,47.131089732584854,0.18423847251843595,0.08046974463269282,22.15419747311953,50.72285889498228,0.0924342165511655,0.047203599676287546,15.730063136023995,30.802652175892298,sign,sign,1.3824355602264404,1.2745234966278076,0.09256013065057248,0.04722040891647339,0.21023487410846023,0.09193813246440591,23.326091185283392,53.33975916553556
adamw,125,L1.v,v,1,adam,0.07303580641746521,0.44094425439834595,0.7324329018592834,-0.12216799322057392,0.6881015300750732,0.44094425439834595,1.0000003576278687,0.7324329018592834,0.7862714529037476,0.07303512096405029,0.3815684020519257,105.79959748468781,61.3679583649926,17.071025873014495,29.430792780714707,0.1786728682283895,0.11964232026920309,5.596822660000136,8.35824945034334,4.816196873850585,2.8095279314804276,9.73292972583919,16.684548743494382,6.170716193928835,3.7230582978400792,8.1548675071703,13.51613887298881,0.5824991241557766,0.2632962939267271,8.024547838298371,17.752973343619274,0.27558225396750086,0.1593445909890908,5.538360415639367,9.57844779764614,sign,sign,0.4901447892189026,0.25936126708984375,0.09256013065057248,0.0775722786784172,0.7401546165917237,0.3275415705528689,8.869293632814001,20.042184621494496
adamw,125,L1.o,o,1,adam,0.06351565569639206,0.3997550308704376,0.7952898144721985,-0.1925728554833802,0.7551366686820984,0.3997550308704376,1.0000001192092896,0.7952898144721985,0.6034049987792969,0.0635148286819458,0.3454245030879975,116.31562003600551,62.73600550672456,14.077185901072067,26.09979059425138,0.1721577041997859,0.10526212642175074,5.808628337938379,9.500094223848546,5.959708661065971,3.392806986942077,8.540442330467348,15.001899112479531,4.585131572522527,2.4311267299540713,8.422423503242943,15.884782741294844,0.49517723341127956,0.19140502554206162,8.20918590413631,21.237697145396005,0.2510089285136902,0.13022638152197108,5.504574775435461,10.609965508965859,sign,sign,0.0,0.038579311221838,0.034721425090336974,0.06148190796375275,0.6024600602716911,0.24517490491954866,9.250484812928809,22.730905676370856
adamw,125,L1.up,up,1,adam,0.10989603400230408,0.3325885832309723,0.5607011914253235,-0.04506558910288261,0.8863580226898193,0.3325885832309723,1.000000238418579,0.5607011914253235,0.7770068645477295,0.10989608615636826,0.42352834343910223,386.98804715192483,148.95096709407153,14.080877659554728,36.58339018513921,0.166418486280137,0.0732585182277213,6.008949250597377,13.650292998148238,14.417053207783857,5.677902113844793,9.95623050953193,25.280376823489302,5.8291953889877,2.355504169920123,8.53092682825486,21.11159044678788,0.7786449529287004,0.26299259129438834,9.032805076359532,26.743521742873405,0.3025323148216662,0.11906659891733536,5.599776588345738,14.228283911364468,sign,sign,0.34207645058631897,0.6741799712181091,0.0940046030049708,,,,,
adamw,125,L1.down,down,1,adam,0.14969241619110107,0.48026591539382935,0.9470358490943909,-0.012688584873146946,0.9355167746543884,0.48026591539382935,0.9999997615814209,0.9470358490943909,0.7053667306900024,0.14969244599342346,0.46913537383079534,528.8237851934072,196.9974711324162,14.879581777764937,39.9430343576512,0.2269631494202766,0.0762404551303235,4.406000551788616,13.116392863500705,9.744897335936948,3.168716433113923,6.2196955239871174,19.12771168434242,22.296057237592738,8.310054511445225,8.098915477853197,21.72956661210114,0.8460703245636144,0.22529832513837691,11.323307718151913,42.522795632618646,0.3741875133391988,0.11581002369311873,5.014977213443185,16.20362204504541,sign,spectral,2.0768394470214844,1.2965505123138428,0.015682916150022246,,,,,
adamw,125,head,head,2,adam,0.13809439539909363,0.33676584683931793,0.5557607210599459,-0.04281957934568892,0.8612059950828552,0.33676584683931793,0.9999998211860657,0.5557607210599459,0.8462247848510742,0.1380939781665802,0.4662399590015412,3150.4910988929582,613.3915681859908,0.44467541055546445,2.2839341059001512,4.233592416567907,1.4990918969791784,0.23620597421533235,0.667070393216831,123.31095233024541,24.18323260097322,0.29295408223066627,1.4937807308458302,196.7270428854034,62.48054475647804,0.2752971093151482,0.8668040018145577,27.57105270839909,6.335484431984635,0.32055512543138903,1.3950065467129134,8.544821920764246,2.5118306129201753,0.21825620818623342,0.7424706198179772,sign,sign,0.6787238121032715,0.9289852976799011,0.09298999498664533,,,,,
adamw,150,embed,embed,-1,adam,0.18274694681167603,0.25942699725811297,0.4138715303861178,-0.08985990356120688,0.9362865686416626,0.25942699725811297,1.0000001192092896,0.4138715303861178,0.8525876998901367,0.18274693191051483,0.4880505800247193,3214.269313084523,2013.118883579114,0.3357578981327165,0.5360916920490144,7.760371902737315,6.445044697058309,0.12885981905797061,0.15515798046609613,139.1686548054436,88.36191453363332,0.19330250416450384,0.3044484676127976,351.76831683719945,282.78438025515385,0.15511804270372095,0.19295836900091398,39.893898560919915,25.513583032924522,0.2931727423032595,0.45841478349708314,13.86049024339295,10.801097310083184,0.140846556349582,0.18074111028297385,sign,sign,2.4675521850585938,nan,nan,,,,,
adamw,150,pos,pos,-1,adam,0.28036755323410034,0.5871179103851318,0.9254305362701416,-0.11440550445906028,0.9726199507713318,0.5871179103851318,1.000000238418579,0.9254305362701416,0.9250888228416443,0.28036755323410034,0.5813435912132264,2052.2063697334747,940.2171876395637,1.1718290111582794,2.557744096313419,2.1422138046905514,1.027620683523321,0.46680692479387315,0.9731219451422076,96.7695243820393,44.93377010343627,0.612047591424164,1.3181078325933682,103.41295556884434,47.15612920159614,0.5725170926233771,1.2555246934869548,16.242092496024654,5.61373724979991,1.1047544158102907,3.1963596813552293,4.684703831215193,1.9609125927660063,0.49637590981522806,1.1858632225693553,sign,spectral,0.3366546630859375,0.28204765915870667,nan,,,,,
adamw,150,L0.q,q,0,adam,0.13375425338745117,0.4983768165111542,0.7626386284828186,-0.04064266375969117,0.8873664140701294,0.4983768165111542,1.0,0.7626386284828186,0.8813244104385376,0.13375426828861237,0.4448495507240296,624.2998790810158,441.2622585858129,3.269825141460231,4.626163694515703,0.7560023627455635,0.5817541117428636,1.322747188736704,1.7189392903543446,23.611525578116876,16.880002011949742,2.0671630073804454,2.8915205216413757,27.327089357474037,19.42789804406971,2.0640603735808964,2.9032869196718756,2.597727891519075,1.3380908707519468,3.2952917397813994,6.397376628324257,1.1898748968740904,0.8043616519275572,1.4954488202733418,2.2121852857344817,spectral,spectral,0.8279146552085876,0.5215240120887756,0.1657812365842001,0.16281098127365112,3.297731354624056,1.7372101348874474,3.2310364872780664,6.1334493266248336
adamw,150,L0.k,k,0,adam,0.06991809606552124,0.4135344624519348,0.6596402525901794,-0.22304264782369987,0.8421972393989563,0.4135344624519348,1.0,0.6596402525901794,0.758709192276001,0.0699179619550705,0.3475537300109864,3414.9652201450804,2834.7713867398666,0.49600421937274214,0.5975216083125225,4.434932408300202,3.830026564209223,0.22548257965069524,0.26109479483635584,126.56659113054734,105.4655267000922,0.3335554492593287,0.4002917112984425,163.45483741499376,138.15470699123085,0.2970691419941413,0.35147111063502284,8.728694648710482,6.252104038620333,0.5126490700622817,0.7157202066500638,5.734277206497801,4.785689828354106,0.2424393300034702,0.29049402988066614,spectral_head,spectral_head,4.5059285163879395,1.6670606136322021,0.1657812365842001,0.048410266637802124,10.00046237596082,7.095205031222734,0.5189789180911212,0.7314840263879872
adamw,150,L0.v,v,0,adam,0.129784494638443,0.4687362313270569,0.7386369705200195,-0.08955242657803475,0.8572522401809692,0.4687362313270569,1.0,0.7386369705200195,0.8792038559913635,0.129784494638443,0.44918191432952886,2725.4878394910693,1767.117070385776,0.7044403485117499,1.0864835362019822,3.640501605645698,2.598068645024598,0.2746874217688018,0.3849013004006029,116.8135913417725,76.16507655580912,0.40468549567122614,0.6206619654434753,144.98360421010455,97.82799464564695,0.38810627649940593,0.5751834839021824,14.054506086247244,7.692562315824763,0.5909996129275739,1.0797712538217892,5.973661021610452,3.926282835165022,0.30077494046095743,0.45761541222063007,sign,spectral_head,2.2970173358917236,1.8465180397033691,0.1657812365842001,0.17185992002487183,18.86669898746733,9.994851890859715,0.5912055714927796,1.115984276592261
adamw,150,L0.o,o,0,adam,0.14031782746315002,0.5642916560173035,0.9053983092308044,-0.1705406609744914,0.8583215475082397,0.5642916560173035,1.0000003576278687,0.9053983092308044,0.8838576078414917,0.1403179168701172,0.4743581116199494,1561.1122680379444,968.5562049960785,1.4805716862066807,2.386375319392263,1.8061000868901864,1.2134692484540306,0.5536793696465119,0.8240838067399541,71.67050005613646,44.55058865533425,0.8084985000158397,1.3006672535590256,63.75538461250447,40.01966822736965,0.8872487750746137,1.4134771577933545,7.931620663205014,3.740906969921601,1.1322202980503024,2.4005787857119905,3.0916449132431496,1.8333159356040636,0.6137288674699856,1.034972584034661,sign,spectral_head,0.7581312656402588,0.5251646637916565,0.08286919449405926,0.204001322388649,11.145998113765414,5.404743584220412,1.2050169864296618,2.485060918896047
adamw,150,L0.up,up,0,adam,0.2752259373664856,0.5427974462509155,0.8635480403900146,-0.10542622378109545,0.9781667590141296,0.5427974462509155,1.000001311302185,0.8635480403900146,0.908955454826355,0.2752261161804199,0.5720156431198121,1735.478777362105,957.8997844928118,5.12434578594645,9.284054035030149,0.5441023042512922,0.3448137627636833,1.8378920719297984,2.9001200627468338,83.66687114260021,46.46000591743952,2.6422441202929554,4.75824946584568,21.58813026163068,12.651504274857306,2.694682142634642,4.598121128133029,3.8990393657818543,1.5787862224620104,4.517643907402493,11.15697057963826,1.1255187199131966,0.604263112063944,2.032896061165211,3.786533592401586,sign,spectral,1.092315435409546,0.9355853199958801,0.15977890226494024,,,,,
adamw,150,L0.down,down,0,adam,0.1541713923215866,0.47346243262290955,0.8351768851280212,-0.06890025793866017,0.9485278725624084,0.47346243262290955,1.0,0.8351768851280212,0.787481427192688,0.15417131781578064,0.46868920326232916,2716.091149696451,1539.3625272017932,2.8560192086928646,5.039234331755866,0.9447585789705795,0.5937603687357583,1.0584714680120844,1.6841811152354476,42.032034302355164,24.029412486883032,1.271680553543856,2.2244122979440677,128.85457014118953,74.11309808912513,1.5645176196733621,2.7201027963896287,4.309225558884444,1.7775831974081895,2.2897305232819143,5.550775518282821,1.6688892455962079,0.9053827227737113,1.1233560393515285,2.070678803441103,sign,spectral,1.4743895530700684,1.0860185623168945,0.03161238481825623,,,,,
adamw,150,L1.q,q,1,adam,0.09831313788890839,0.5187446475028992,0.8089105486869812,0.002370531744575022,0.6658333539962769,0.5187446475028992,1.0000004768371582,0.8089105486869812,0.8840444087982178,0.09831216931343079,0.4300622940063477,65.07626586579718,44.2508378585368,32.65058386345761,48.01667446307949,0.08917302780706289,0.0568521301529799,11.21415860186766,17.589498830497966,2.56484602212015,1.654336510666743,20.18455481127577,31.293678633195345,3.391516158588275,2.1750079795964177,16.682462803490516,26.013165328057504,0.2923031450160694,0.14625703335207169,21.525742581578125,43.020442239214105,0.14154539393944976,0.08230945127334445,12.153339980604157,20.89977844126116,sign,sign,0.21191884577274323,0.2835598587989807,0.08708148119386665,0.11349716037511826,0.3499711297950881,0.18933064135949268,22.451782700474507,41.50134231404967
adamw,150,L1.k,k,1,adam,0.06442281603813171,0.40958288311958313,0.6456096768379211,-0.03707193465798342,0.6591264009475708,0.40958288311958313,0.9999995827674866,0.6456096768379211,0.8008856177330017,0.064420685172081,0.3632411360740662,89.6419215513183,46.98654332420946,18.71503265687348,35.70493529779228,0.12426542993867111,0.06797138896434302,8.047287031163998,14.712066326790445,3.514964161813314,1.9357104461566028,11.75517513564381,21.34566117554762,4.522404756820336,2.294628061795893,11.333943397616236,22.337685304343402,0.30044501822487024,0.14680242417556275,13.723174034059635,28.085771034920366,0.17380503362144292,0.09191267435370166,8.359737314925026,15.808096492716826,sign,sign,0.5939561128616333,0.29409775137901306,0.08708148119386665,0.061215076595544815,0.33544996860977927,0.16170226240669588,14.389367511191743,29.85062056709957
adamw,150,L1.v,v,1,adam,0.08992704004049301,0.5082318782806396,0.8110356330871582,-0.1133254198420881,0.6994749903678894,0.5082318782806396,0.9999998211860657,0.8110356330871582,0.8493540287017822,0.08992646634578705,0.414789766073227,267.66081013502253,189.9040006667778,7.777447032262098,10.961947963857089,0.338314084097395,0.2644234828855295,2.955832666127439,3.781811699450958,9.643350520251882,6.879725717897949,5.38259813418276,7.544818303227024,10.739144145938948,7.741707100001919,5.061730906877716,7.02153376958689,1.0836006622010255,0.6160874388454728,5.311302182947398,9.341743070394113,0.5192655444922433,0.36298507822236076,3.1952020823171616,4.570872051166764,sign,spectral_head,0.09644867479801178,0.2678801417350769,0.08708148119386665,0.11887331306934357,1.388839667158264,0.752648761416312,5.9496384959046855,10.978685373526709
adamw,150,L1.o,o,1,adam,0.10010906308889389,0.47803327441215515,0.831465482711792,-0.004149073670017045,0.7770088911056519,0.47803327441215515,1.0000001192092896,0.831465482711792,0.7479087710380554,0.10010888427495956,0.41201075911521917,249.20267019485206,136.06182343035843,7.857156147087848,14.390695660450104,0.311145241140832,0.22909947468458336,3.213933517166232,4.36491668340164,9.550852121265631,6.177049451589232,5.57162755929081,8.614758763160596,11.614081207824002,6.527786481478197,4.1213902752970055,7.332678769786662,0.9914321779744767,0.4773648689152689,6.4623497305588,13.421560498910335,0.4845140631694347,0.30701388950895475,3.401434884428846,5.36797549810139,sign,sign,0.668590247631073,0.8394947052001953,0.04036167236519811,0.11860695481300354,1.368506405500631,0.6776174289623463,6.384621402896334,12.894289481219316
adamw,150,L1.up,up,1,adam,0.12434602528810501,0.3821788430213928,0.6016292572021484,-0.06241987454903963,0.8843487501144409,0.3821788430213928,1.0,0.6016292572021484,0.8742241859436035,0.1243460550904274,0.4530851244926453,381.7903366067101,155.61514163054724,16.400672211127016,40.2378463846949,0.1467762011738421,0.05735554802106991,6.813093621462498,17.435104963736794,12.880433401179772,5.1620743274605685,11.957446232332751,29.83627899823697,6.795156960038404,2.739483938497456,8.233856587776954,20.423681670160878,0.7086957973894261,0.2632462733519816,11.229282927531944,30.230800676133544,0.2623222317972658,0.1020128556377636,6.908833024000946,17.765804972718364,sign,sign,0.8086000084877014,0.9821543097496033,0.08697422198127717,,,,,
adamw,150,L1.down,down,1,adam,0.1542772650718689,0.5290385484695435,0.9455732703208923,-0.08711501391587251,0.9273613095283508,0.5290385484695435,1.0000001192092896,0.9455732703208923,0.7964951395988464,0.15427735447883606,0.4818385541439057,477.7470520783235,233.09821890779114,18.143005886520836,37.18504422186851,0.17023096619913963,0.08156289962690967,5.874372574725736,12.260477788106543,7.2766552985091115,3.2886634329482995,8.316552979077649,18.401606164448292,15.089562479075747,7.482546555102276,13.512834187210574,27.250449327076403,0.6621876179464803,0.22883349125739758,14.910796724377336,43.14816380393103,0.28413514910288695,0.1208372836157589,6.783230524843361,15.949996217262434,sign,spectral,1.1972647905349731,1.762905240058899,0.015474517840168218,,,,,
adamw,150,head,head,2,adam,0.14282284677028656,0.3341664240910457,0.5382678105280949,-0.0728485695215555,0.8619743585586548,0.3341664240910457,1.0000003576278687,0.5382678105280949,0.8903678059577942,0.14282238483428955,0.47490856051445013,3186.2631712694283,1115.2578347676183,0.4362892358527033,1.2464672122284675,5.465991059995444,3.1272991357646447,0.18294950479276895,0.31976485593961645,106.08245057822876,35.65797725091431,0.3298133432402684,0.9811944025352436,260.93356381945904,141.2438758700286,0.2183833261892133,0.40344078092089874,26.663602097023468,9.63044673473146,0.3428142289266587,0.9491420746177069,9.970788621818562,4.846837299919113,0.1905198875287751,0.3919325963002235,sign,sign,0.742308497428894,0.89850252866745,0.08599519297032535,,,,,
adamw,175,embed,embed,-1,adam,0.11419589817523956,0.1374187322763296,0.24231326763446515,-0.1984764175658551,0.911853551864624,0.1374187322763296,1.0000009536743164,0.24231326763446515,0.6558612585067749,0.11419595032930374,0.39481967687606817,4533.591480621973,3825.3306272286954,0.12609471513103862,0.1494411809009247,15.094715403580233,16.093770321935185,0.06624841389438396,0.062135903127146896,209.7813420394888,181.00249722810634,0.07507990102034631,0.08701737620995924,567.1395805859408,590.4752236335247,0.07401197514916337,0.07108701409372806,68.51691353858008,60.58189983806697,0.10666766807072706,0.12063899300120008,25.651479284256695,26.33569508314155,0.06156676001352318,0.05996722182953309,sign,sign,17.847333908081055,nan,nan,,,,,
adamw,175,pos,pos,-1,adam,0.2015731781721115,0.49433544278144836,0.8566901087760925,-0.1007476680896402,0.9659744501113892,0.49433544278144836,0.9999998211860657,0.8566901087760925,0.7806499004364014,0.20157314836978912,0.4893366992473603,2825.9056557444137,1581.620276648569,0.716512941441221,1.2802048655593432,3.286123672879488,2.0021912346931883,0.3043098558459941,0.499452701549412,106.87552002160945,60.679829391249164,0.5130095923798459,0.9035649492049638,137.75694446854635,80.33777335587988,0.3626793104382282,0.6218941792998178,17.41152900996345,8.311913657207304,0.7409275479645877,1.552071162875983,6.177516543614014,3.4516440059245164,0.31685003291098957,0.5670765341943226,spectral,spectral,0.2776170074939728,0.5559773445129395,nan,,,,,
adamw,175,L0.q,q,0,adam,0.14544500410556793,0.5675885677337646,0.9035736918449402,-0.14180228462782718,0.8953590989112854,0.5675885677337646,0.9999997615814209,0.9035736918449402,0.8852814435958862,0.14544498920440674,0.4706996381282807,938.6780607406831,767.6957782237596,2.4767200498997872,3.028338619780556,0.9832671833580217,0.8584860203498326,1.0170173260194189,1.164841054923552,40.72506742636164,33.9802215114218,1.419978404766083,1.701834588059944,38.3406774207697,31.4556144233132,1.4777519908775596,1.8012050767046808,4.478048393568749,2.7992244528039256,2.0786910928543367,3.3253779630847102,1.6633052966375346,1.3050787575835163,1.1319620975892435,1.4426704454214796,sign,spectral_head,1.6840351819992065,1.3090362548828125,0.18140782802778094,0.13427090644836426,5.372152506941806,3.40629589862607,2.1707127313008945,3.423484097788516
adamw,175,L0.k,k,0,adam,0.060174111276865005,0.40313175320625305,0.6634052395820618,-0.16660122569034952,0.8213531374931335,0.40313175320625305,0.9999998211860657,0.6634052395820618,0.7500337362289429,0.06017404794692993,0.337245523929596,5270.355437285952,5215.8481481923445,0.3133048009344768,0.31657893677466015,7.089121142652665,7.211804482499939,0.14106118389900693,0.13866152689145286,209.89060637696502,208.89806410434787,0.2022860196849267,0.2032471459957788,256.640520113688,257.2900871699478,0.18704045291596233,0.18656824149989687,12.95321190980294,11.609306002142306,0.29731177358019545,0.33172890832173413,8.964794335790565,8.951333253509068,0.15047550741052595,0.15070179361049613,sign,spectral_head,20.938657760620117,11.87499713897705,0.18140782802778094,0.04419931396842003,15.332069473286259,13.657138744091212,0.3027598070126328,0.33989069612731054
adamw,175,L0.v,v,0,adam,0.11324697732925415,0.4522680640220642,0.704601526260376,-0.043531926983200186,0.8317393660545349,0.4522680640220642,1.000000238418579,0.704601526260376,0.8527538776397705,0.11324702203273773,0.4245881140232087,3662.487374102248,3065.833088266542,0.5058010584100536,0.6042370660438643,4.82916208959722,4.478514783210758,0.2070753103468484,0.22328836384942202,151.8569693615582,128.21181525266138,0.296953757672445,0.3517187366218809,173.4168545056507,152.74220704079846,0.31471132563511567,0.3573095428323072,15.729621427434575,10.382625952115687,0.4607746217673348,0.6980710272330124,7.482379790518622,6.3627085519887085,0.2269803802152943,0.26692302435199844,sign,spectral_head,3.624821901321411,3.234215259552002,0.18140782802778094,0.11370883136987686,20.43386535102159,13.081589850198629,0.4701093706840095,0.7343260024823886
adamw,175,L0.o,o,0,adam,0.12561750411987305,0.5072118043899536,0.8746770024299622,-0.1715035287562099,0.8406079411506653,0.5072118043899536,1.0,0.8746770024299622,0.7997112274169922,0.12561748921871185,0.44990730285644537,1983.708379953583,1456.1222303469367,1.0473008894734126,1.4267617837866908,2.315774672942144,1.8877902483685056,0.43182094168493546,0.5297198673762803,96.4588445692379,71.2792580337215,0.58034417067204,0.7853522847983956,82.51092786666229,60.846098754886825,0.620299878791775,0.8411635191414286,10.181116712852921,4.989811302459941,0.7896500488839548,1.61118704148875,3.9093784296062544,2.6791182683646055,0.46033661828744055,0.6717247488254198,sign,spectral,1.0878814458847046,1.2571245431900024,0.09138420442882962,0.16074219346046448,14.395964634125699,7.448875582074082,0.8263596328148908,1.5970523225949558
adamw,175,L0.up,up,0,adam,0.31303298473358154,0.5689776539802551,0.8861839175224304,-0.1038937872139305,0.9760807752609253,0.5689776539802551,0.999999463558197,0.8861839175224304,0.9540095329284668,0.31303295493125916,0.6111087799072267,2175.444519229264,1182.8527243414153,4.285160940861515,7.881057118081073,0.6565676638635065,0.4451925834514532,1.5230714495956146,2.2462177060666235,81.25753779551177,44.85408745269528,2.791902007376267,5.057801769459697,31.251558178584897,19.22631543805216,1.9537141079020137,3.1756792040653,5.368065008923524,2.1975945367272662,3.732090663507227,9.116379280200979,1.4141651925669914,0.7900768846103161,1.7285361068949288,3.09392116650991,sign,spectral,1.6985807418823242,1.3081082105636597,0.15940089988621084,,,,,
adamw,175,L0.down,down,0,adam,0.18500903248786926,0.5304767489433289,0.8895798921585083,-0.12403144803923427,0.9544153213500977,0.5304767489433289,1.0000004768371582,0.8895798921585083,0.8598369359970093,0.1850089728832245,0.5125379562377931,3515.1399983962506,1929.353493054875,2.472541935357578,4.504789343152422,1.125363555018231,0.7019992060317715,0.8886021520582813,1.4245037148829762,46.523788050051905,26.406246101452165,1.2237419927391535,2.1560472048699717,170.9921730533099,94.949917845354,1.2873001827201092,2.318256409381454,5.515166771155904,2.20636398260503,2.1469120645905706,5.366557001734407,2.0281378411263686,1.083844255171215,1.010854401410486,1.8915559625731357,sign,spectral,3.329033136367798,1.716834306716919,0.036001776415784684,,,,,
adamw,175,L1.q,q,1,adam,0.09636804461479187,0.49485671520233154,0.7912635207176208,-0.042491695291671294,0.6756194233894348,0.49485671520233154,1.0000001192092896,0.7912635207176208,0.8614219427108765,0.09636646509170532,0.42144224047660833,94.70854643941648,46.067783082800865,21.401797215474595,43.998928748657185,0.11352795973941997,0.058120378576351515,8.808403863722942,17.205671120941005,4.298098704586292,2.047529362670412,11.782155042621829,24.732668673371954,4.611152456268346,2.3148671853473126,11.956014219081318,23.816055055972672,0.42278692705596493,0.18425695796559893,14.58785159452586,33.47256470580361,0.18728919151386267,0.0895210108786412,9.00088569261504,18.830982668011533,sign,sign,0.331915020942688,0.04572964087128639,0.09257965440078647,0.1053331047296524,0.4996626108705973,0.21773335557982,15.20407079304246,34.89086772250658
adamw,175,L1.k,k,1,adam,0.08754225075244904,0.5035943388938904,0.819219172000885,-0.07975179231798168,0.6562219262123108,0.5035943388938904,1.0000005960464478,0.819219172000885,0.8569389581680298,0.08754143863916397,0.41330105066299444,141.53306663405715,90.841104298051,14.57413776981655,22.706927971081818,0.17198325989775232,0.09783539335499737,5.81452285903273,10.221255945871539,5.936054620067234,3.694989248614434,8.832470447763972,14.189493792902677,6.618496563632952,3.962632835697749,8.286488146584379,13.840316677509396,0.6365106195934448,0.3412021504833665,8.802217636855206,16.42048560917316,0.2717076136041108,0.1541168302002311,6.084492770113785,10.726946618427162,sign,sign,1.7077542543411255,0.35282137989997864,0.09257965440078647,0.0929359421133995,0.755657461504791,0.4026021300518872,8.858256475889071,16.626359132938553
adamw,175,L1.v,v,1,adam,0.07281359285116196,0.4935917258262634,0.7984349131584167,-0.05746625845266773,0.6864826679229736,0.4935917258262634,1.0,0.7984349131584167,0.8230391144752502,0.07281302660703659,0.38131573796272283,379.6790725027304,272.218544344563,5.324896354327867,7.426943354841121,0.4617277113837126,0.34950289683513863,2.1657786079228054,2.8612066138945407,15.551959341295047,11.058388107140937,3.285748973536313,4.620911650689944,19.479069626476775,14.1795441789931,2.7041590967372797,3.714823457051105,1.2584218632143982,0.7337681363060705,3.703107067963219,6.35087661288806,0.6659156609173039,0.46838542661427446,2.2904746672421394,3.2564270047346673,sign,sign,5.577207088470459,6.238286018371582,0.09257965440078647,0.09007471799850464,1.6237886230050047,0.906919309055467,4.079327889847273,7.303809887937776
adamw,175,L1.o,o,1,adam,0.07584866881370544,0.37046629190444946,0.7225942611694336,-0.22521666240365767,0.766447901725769,0.37046629190444946,0.9999998211860657,0.7225942611694336,0.6154407858848572,0.07584772258996964,0.3618482947349549,250.88074593263204,144.3463323688961,6.048411272055505,10.51242457454778,0.3371789318769287,0.22712677963387268,2.9657838217218995,4.402826574647255,11.318910480899948,6.960046657993289,4.085731819584707,6.644500387326044,11.749410954068972,6.96623731216324,3.352356169224825,5.654158555273156,0.9502979633676453,0.44157450073007615,5.108201887753416,10.993193317043815,0.4985695301606438,0.2990249342180339,2.903090494153781,4.840373821899135,sign,spectral,1.064247727394104,0.8787823915481567,0.044368369097008684,0.0723976418375969,1.2139724423210954,0.578248379435065,5.22562699529531,10.97066138315062
adamw,175,L1.up,up,1,adam,0.12301680445671082,0.3485252559185028,0.5589362978935242,-0.02868845090811767,0.8866320848464966,0.3485252559185028,1.0000003576278687,0.5589362978935242,0.8667623996734619,0.12301688641309738,0.443674921989441,447.88457298016385,157.5259182316012,12.749351367415032,36.24951282349181,0.16734075715847202,0.05847593757223575,5.975832634011966,17.10105727492716,18.683641796673154,6.655760760217239,7.658447631243962,21.498322643446684,7.4289592571740855,2.5070197818966435,7.4671016031662765,22.126986783141597,0.7612075654619986,0.2340621221760576,10.34288104473628,33.6367081812783,0.30481788816278,0.10185718401341887,5.822162672363124,17.42340854520475,sign,sign,0.9675989151000977,1.6046900749206543,0.09085926688624466,,,,,
adamw,175,L1.down,down,1,adam,0.17094771564006805,0.46669718623161316,0.9287142157554626,-0.008533404470298933,0.9354215264320374,0.46669718623161316,1.0000009536743164,0.9287142157554626,0.7207692265510559,0.17094776034355164,0.5005770921707154,568.6334813590829,312.45612585631176,13.446916071391499,24.471809212455835,0.1984276202852028,0.10825919972959185,5.03962579522448,9.23709907492484,6.834529466800987,3.3895247134062716,8.696679134543318,17.535706281550674,26.546937512402195,14.763679487373635,6.950591642100627,12.498030870615622,0.8980248336667663,0.31415380378643887,12.183026645279128,34.8258093482198,0.35389978589764176,0.16431040961214938,5.657841358794001,12.186135073525893,sign,spectral,1.7589914798736572,1.5167572498321533,0.015685525048765945,,,,,
adamw,175,head,head,2,adam,0.1564783751964569,0.3436840057373047,0.5591543931227464,-0.08554276619505286,0.8544721603393555,0.3436840057373047,0.9999995827674866,0.5591543931227464,0.9029098153114319,0.15647833049297333,0.4955635070800782,3932.1632410977027,1246.0147059941753,0.36359768814380794,1.1474386754740846,7.3375340142025145,3.9626211847391235,0.13628551238493608,0.2523581074614683,158.8297340821902,48.91896030455964,0.22883017315996332,0.7429641866201082,363.965723859569,182.9900662554261,0.15876832457505707,0.3157888805792929,37.38711689021972,12.767030859893078,0.2678626752888256,0.7844120736803925,13.529633849082272,6.210450462267065,0.1465119615184371,0.3191802600952851,sign,sign,2.1733109951019287,0.44182533025741577,0.08961784706184332,,,,,
adamw,200,embed,embed,-1,adam,0.08856125175952911,0.1099092410160945,0.19556422600379356,-0.17274747444353067,0.9228512048721313,0.1099092410160945,0.9999998211860657,0.19556422600379356,0.5987564921379089,0.08856076002120972,0.35294577479362493,5330.9144545809895,3488.514360410985,0.08576810723984707,0.13106508828390986,18.161717534737434,15.72716769617517,0.05506086190765783,0.0635842282923749,224.18827869159108,151.26868132843262,0.056700888933331084,0.08403375092989114,718.149134833822,599.0525664761867,0.05335996889517025,0.06396836878980214,77.32752413266891,51.26254775298303,0.0732975826268886,0.11056650201544456,30.575551172146167,25.157769595647395,0.046173606122544085,0.05611719478687905,sign,sign,0.554474413394928,nan,nan,,,,,
adamw,200,pos,pos,-1,adam,0.18099750578403473,0.43290236592292786,0.7754536271095276,-0.08240248494974078,0.968834400177002,0.43290236592292786,1.0,0.7754536271095276,0.7288435697555542,0.1809975504875183,0.4614585936069489,4340.483887269927,1549.213241579959,0.4085185285494972,1.1445603763442882,6.048921956719137,2.263256384170894,0.16531871417008462,0.4418412368099133,168.62359604624723,61.81059326583703,0.2943184305083753,0.8029211420373138,277.00939034434606,97.50580637419341,0.1683913617743087,0.47839190504557616,31.874076704876167,9.2579359250434,0.3634250670249993,1.251233380379578,11.358277394065682,3.8754725845927447,0.16251006296009127,0.4762862680969695,sign,spectral,0.10097846388816833,0.0,nan,,,,,
adamw,200,L0.q,q,0,adam,0.17648766934871674,0.5315318703651428,0.8329537510871887,-0.09665299607835176,0.9147371649742126,0.5315318703651428,1.0,0.8329537510871887,0.9113988280296326,0.1764872968196869,0.500513792037964,1116.328790109303,417.0938339478107,1.9502807419330763,5.219819531755638,1.572852413011543,0.6316508828512171,0.635787561329609,1.5831530156121798,62.46947436681337,23.085348219906304,0.8533614314818098,2.3092153326763394,52.030358332117615,19.85323523244124,1.1210671397181304,2.9380362601347185,7.979661144596378,2.307665388230835,1.4155003001995057,4.8946492863620685,2.8524440624902736,1.009460294577144,0.7018736784000514,1.9832928717707334,sign,sign,1.163360357284546,1.0060381889343262,0.17125239040718232,0.1760134994983673,9.966939175806612,3.0504916152111017,1.4097896458693757,4.606237099946799
adamw,200,L0.k,k,0,adam,0.047364503145217896,0.29198548197746277,0.4850832223892212,-0.19688483456578454,0.8144859075546265,0.29198548197746277,1.0000003576278687,0.4850832223892212,0.6502483487129211,0.04736444354057312,0.30128937959671026,4946.979769791473,4297.9070953500595,0.2417581210828563,0.27826858693004786,10.060677715922528,8.685579335734301,0.09939691796758567,0.11513340894989661,312.83132473831887,269.5525446436494,0.09923982599530065,0.1151735602197795,283.6448049040905,245.38318570370586,0.14671833785814845,0.16959554175760486,22.527848121074545,16.160846397198032,0.13455919707362055,0.18757242538322955,13.73814246406683,11.545276442167864,0.08772350398725175,0.10438537364270385,sign,sign,0.6827165484428406,0.7162324786186218,0.17125239040718232,0.03497878834605217,27.19104164528714,19.188402066319043,0.12496616460420105,0.17708406225075923
adamw,200,L0.v,v,0,adam,0.12625029683113098,0.4552469253540039,0.7238330245018005,-0.020145130498555597,0.8429968953132629,0.4552469253540039,1.0,0.7238330245018005,0.8798537254333496,0.12625017762184143,0.44360542297363287,3084.057777142166,2400.85729687085,0.6046227214257677,0.7766773180065054,3.8325142834049113,3.5660409676688394,0.2609253158768589,0.2804230262821998,130.3258517215914,104.20121756898364,0.35545759307276725,0.4445755495845986,162.09242438918983,138.64671738433913,0.3473983354862438,0.40614476483880285,16.835834007923037,9.995905017572834,0.4799297193142466,0.8083327198126686,6.586103482064599,5.376396977038497,0.2694190059886077,0.3300391435108209,sign,spectral,0.041098661720752716,0.08996336162090302,0.17125239040718232,0.16248567402362823,24.16974472155041,13.417973975079367,0.4419486701341217,0.7960804333805713
adamw,200,L0.o,o,0,adam,0.13678695261478424,0.4972759783267975,0.8791900277137756,-0.04041117282173656,0.850277841091156,0.4972759783267975,1.0,0.8791900277137756,0.8001552820205688,0.13678686320781708,0.46827986836433416,2096.052162032059,930.2227205774259,0.971751774179086,2.189628743922976,2.340421599410112,1.1890948029666366,0.42727344519980653,0.8409758393570725,93.99193724171653,44.73155345193222,0.5986488141953956,1.2579076162455762,86.45958812411105,38.32922581335958,0.5922991210160005,1.3360545892233304,11.650342123313806,3.9008750505571266,0.751425487853553,2.244205184788364,4.1984964020465485,1.8365104655536655,0.44614071547138284,1.0199343939749188,sign,spectral_head,0.6498991250991821,0.19827519357204437,0.08290995507296005,0.17674650251865387,15.9317303322944,5.44896715286275,0.8038025472742069,2.3501638134955636
adamw,200,L0.up,up,0,adam,0.3171885013580322,0.5748546123504639,0.8986128568649292,-0.1270017295729865,0.9772706627845764,0.5748546123504639,1.0000003576278687,0.8986128568649292,0.9485234618186951,0.317188560962677,0.6127510070800782,2534.1286504813997,921.3427587456952,3.7166297642232236,10.22249090183562,0.7335753460363991,0.31254269702913,1.3631869759950328,3.199563986403641,103.13994537146506,37.64426776964807,2.230415097941933,6.111020481660242,36.00370188217235,14.090463487677106,1.6860905513289874,4.308268610857749,6.772936814579659,1.7505169900802628,2.997232730403257,11.596612895874008,1.6756603299080377,0.581185572805054,1.4627093478156319,4.217248574307691,sign,spectral,0.3496743142604828,0.3176272511482239,0.15514694717700087,,,,,
adamw,200,L0.down,down,0,adam,0.19060643017292023,0.5356453061103821,0.9232105016708374,-0.08762356208484512,0.9618636965751648,0.5356453061103821,1.0,0.9232105016708374,0.8382166028022766,0.19060645997524261,0.5164237618446351,3014.2194088808174,1237.0673713177327,2.911537451273676,7.094207557963663,1.0439371383729463,0.4849851627701898,0.9579120842070763,2.0619187487883,48.8995624870639,20.559339499294055,1.2083026739260563,2.873899334604714,149.8668805705629,61.287875078653904,1.4318270287633628,3.5012382146060173,6.601839083957755,1.794186435222543,1.8477901813841888,6.799077954740216,2.078207578539987,0.7789267451552383,0.9939787127306338,2.6519747929473594,sign,sign,0.3614041209220886,0.34216880798339844,0.03567747249924986,,,,,
adamw,200,L1.q,q,1,adam,0.11597644537687302,0.5772157907485962,0.8937352895736694,-0.1698567473897472,0.6715376377105713,0.5772157907485962,1.0,0.8937352895736694,0.9082433581352234,0.11597563326358795,0.45731753110885626,123.66600647945332,64.6937146679608,19.118235853270367,36.54568130831331,0.14122715190021684,0.07979880144655062,7.080791381437358,12.531516537498396,5.475718846849759,2.8387833516845675,10.445945113785761,20.14914540722956,5.135334980404833,2.760320798580826,11.319139869639416,21.058267919634428,0.5875630569775028,0.24203820785044508,12.632673916399876,30.666614870600167,0.2446045782566883,0.12207137718746924,7.478474297534129,14.985241370239864,sign,sign,0.9592211246490479,0.3848057985305786,0.08860330772928166,0.1395333856344223,0.7638595221921725,0.32686833603677895,12.945895359589091,30.253298816355528
adamw,200,L1.k,k,1,adam,0.10088878870010376,0.5387573838233948,0.8811866641044617,-0.16207411140211103,0.6632062792778015,0.5387573838233948,0.9999996423721313,0.8811866641044617,0.8606235980987549,0.10088765621185303,0.43806776404380804,178.19509897296425,84.33332072604242,12.383899764131185,26.16700285417758,0.18750926562546844,0.10312827488384611,5.333067883533466,9.696658297624351,7.008364801944047,3.247289706917228,8.046947911022254,17.367081964554465,7.349016057766749,3.8040929708883753,7.4948686797478885,14.47911780806383,0.7641233189966204,0.30128892935740714,8.450052911989717,21.430865351003643,0.31589846319670895,0.1510835061477809,5.5469431539004335,11.598028550136279,sign,sign,0.010367870330810547,0.0,0.08860330772928166,0.11012690514326096,0.8819769436166115,0.3472463874193424,9.028379364016294,22.931332695681288
adamw,200,L1.v,v,1,adam,0.0824611559510231,0.46073034405708313,0.7347716093063354,-0.1358866118869223,0.693794310092926,0.46073034405708313,0.9999998211860657,0.7347716093063354,0.8285902738571167,0.08246064931154251,0.39216998219490057,381.67642928259227,168.54357264443192,4.944375246867996,11.196816702343453,0.49919710188737204,0.26120976079957275,2.0032163997051486,3.8283401742914553,15.21263652552386,7.182890422657734,3.09120532241114,6.5468606965335905,18.557971869358543,8.64304086695904,2.857520094338221,6.135546313286543,1.582566626503951,0.6169291875727986,3.3347821482867714,8.554490597702577,0.7530316266655084,0.359369833154188,2.083153732840675,4.365087159005623,sign,sign,1.9843369722366333,1.4183677434921265,0.08860330772928166,0.08738721162080765,2.0154215235921584,0.7574322376697415,3.575040487763978,9.51268402427647
adamw,200,L1.o,o,1,adam,0.13983245193958282,0.5501891374588013,0.8913703560829163,-0.11848255451680179,0.7727592587471008,0.5501891374588013,0.9999996423721313,0.8913703560829163,0.8834119439125061,0.13983246684074402,0.48251613974571234,257.7176495770754,81.02678368028437,8.74435534675042,27.812713335918765,0.32706152507253905,0.13123098234500385,3.0575276078418003,7.620149026570194,13.846957201844887,5.019194607210401,4.119872832545907,11.365907730964224,12.670454570395266,3.994918198223191,4.462220680109082,14.1525712430224,1.62366831647658,0.42950816536355596,5.511764802572412,20.836106503895046,0.5895798333376081,0.20035446903270956,3.273626559492203,9.6332475670402,sign,sign,0.36094778776168823,0.6933289766311646,0.06817283489799449,0.1689668893814087,2.032735830337396,0.5909941835204516,5.559172070491848,19.120878969375937
adamw,200,L1.up,up,1,adam,0.16028869152069092,0.4281235933303833,0.6789867877960205,-0.10613185757751431,0.9154080748558044,0.4281235933303833,0.9999996423721313,0.6789867877960205,0.9100297093391418,0.1602887362241745,0.5016548633575441,434.11494520929125,97.65899110893214,16.157879452280312,71.82520394154929,0.16642456961460067,0.03801561778201594,6.008726023374376,26.3049688711149,15.990333850467152,3.6129294540474826,10.870355760002042,48.11071455631495,7.622750433077626,1.6866787014361238,7.640536301040931,34.530525196123584,1.004487826193228,0.19854692462060822,10.212643687481435,51.66776708793926,0.324377146769766,0.06976093981161267,6.186066922891709,28.76421595800246,sign,sign,0.4481652081012726,0.5959123373031616,0.08769273386081018,,,,,
adamw,200,L1.down,down,1,adam,0.1657877266407013,0.4427015781402588,0.9264617562294006,-0.031379557592085106,0.9373157620429993,0.4427015781402588,0.9999994039535522,0.9264617562294006,0.6780619025230408,0.16578766703605652,0.4872726500034333,554.239153111669,200.1104497760324,13.086810297555086,36.24609641509452,0.21136827711559447,0.06745828939548154,4.731076099024387,14.82396623031674,9.469139961013646,2.7835053931124105,6.261767451194631,21.301755888599818,23.227442012926815,8.233437578588445,7.473222705681214,21.0827914086959,1.145453938675918,0.23311454539386758,9.263061858753282,45.515867199021805,0.39839536951164717,0.1053053914099776,4.892353742063031,18.508939103247247,sign,spectral,0.4722985625267029,0.7990148663520813,0.011365655311038005,,,,,
adamw,200,head,head,2,adam,0.1424543708562851,0.31448475764347955,0.5151613088754508,-0.12634374378871172,0.8529753088951111,0.31448475764347955,1.000000238418579,0.5151613088754508,0.8698636889457703,0.14245431125164032,0.47518312931060797,5859.536719107799,1167.5954894849547,0.22326962941126108,1.120470748284552,7.420321322702956,2.625821146578607,0.1347650856249329,0.3808333403520493,205.8553905883048,40.00320862726382,0.1626650872790246,0.8370699807835558,368.8352075601055,120.28888354933629,0.15093807465074247,0.46281314157925335,48.041761006447814,10.23002514292339,0.18977399418301236,0.8912076702065611,14.905833999031987,4.334631185290356,0.12751597269360582,0.43849911098460914,sign,sign,0.27223074436187744,0.4462708830833435,0.08640395749764071,,,,,
adamw,225,embed,embed,-1,adam,0.10586803406476974,0.1455052008995643,0.26289074237530047,-0.18455493860265004,0.9314419031143188,0.1455052008995643,0.9999998211860657,0.26289074237530047,0.6062465906143188,0.10586770623922348,0.37801226973533636,6449.169275583452,2915.69791587197,0.09385730314660197,0.20760094262411463,20.970971645505855,13.18072089821575,0.04768495413994653,0.0758683708507502,267.85879191052334,127.37574465089885,0.06379442740151925,0.13415347090788488,757.2104070386364,447.9738387943456,0.051240423320458486,0.08661171354055004,90.0494655310927,40.37445903715989,0.07524259661838019,0.16781786734085144,35.60611664092717,20.834276558662864,0.04246599240770144,0.07257506996625891,sign,sign,0.0,nan,nan,,,,,
adamw,225,pos,pos,-1,adam,0.13130389153957367,0.3777816891670227,0.7363311648368835,-0.19814543602712598,0.9640144109725952,0.3777816891670227,0.9999997019767761,0.7363311648368835,0.6428183913230896,0.13130387663841248,0.40449911355972296,9589.6012456092,1715.454894212547,0.16136164155278426,0.9020311778809155,11.978654255675707,2.123012642572428,0.0834818069402878,0.47102861373688715,321.58535738095554,57.03427244412712,0.14654023719660603,0.8262609923835905,514.678915147537,94.29681506150732,0.07993406342065615,0.43628596594532865,51.21791605722755,8.883909024303582,0.1640724144612721,0.9459177405120756,20.15947342719455,3.6139989651758655,0.08025983333568146,0.4477023908951225,spectral,spectral,0.4127512276172638,0.1262924075126648,nan,,,,,
adamw,225,L0.q,q,0,adam,0.18463250994682312,0.5380316972732544,0.8519362211227417,-0.11336745136799509,0.906863272190094,0.5380316972732544,0.9999995827674866,0.8519362211227417,0.9241021871566772,0.18463186919689178,0.5175533294677735,1552.0724260563804,452.78162726080836,1.419893682172275,4.867198003071454,1.723396406460317,0.5474326321874305,0.5802493140979591,1.8267080257376869,66.64679755049087,19.765365627762385,0.8181025969109582,2.758558540160335,73.75479565524084,21.327096205799453,0.801880602510012,2.7731173248960532,10.509125706398677,2.2947423730686682,1.1244015108416423,5.149369689852246,3.3960121006533543,0.9229588215740414,0.6096016995888449,2.243019623402009,sign,spectral,0.6939511895179749,0.48125821352005005,0.16747776931329209,0.1845148503780365,13.449699114473816,3.0651705101203235,1.1065260529396959,4.855339181043153
adamw,225,L0.k,k,0,adam,0.07318954914808273,0.40739381313323975,0.6420631408691406,-0.17594966041258386,0.8508021831512451,0.40739381313323975,0.9999995231628418,0.6420631408691406,0.7693966627120972,0.07318916916847229,0.3518937230110169,7886.472562342782,4500.473254209926,0.21158826654156834,0.3707799078758648,12.069168757249013,7.447377333471329,0.0828557080670713,0.13427539365683352,396.5690927090138,227.94856727916772,0.10361886937511962,0.18026891551066315,404.06606272779703,240.0161066868418,0.12186469232568574,0.2051586749460166,31.361785612716538,14.901081493412432,0.14935787690183383,0.31434830532512764,17.477425941183938,10.20311073724543,0.08053669129057629,0.1379553837871065,sign,sign,0.0,0.0,0.16747776931329209,0.05352044478058815,34.09774456686339,16.045550806178742,0.15627581608176458,0.33209535297985526
adamw,225,L0.v,v,0,adam,0.1359531581401825,0.4865584671497345,0.7643541097640991,-0.03720912754793593,0.8458865880966187,0.4865584671497345,1.0000003576278687,0.7643541097640991,0.8677781820297241,0.13595299422740936,0.45789253711700445,5867.90653752362,1978.2974529782357,0.33963449634055976,1.007403350009387,7.0002179541045555,2.7717136482766227,0.14285274604078887,0.36078775967699334,225.49558186760294,77.25424075433284,0.21693845449098137,0.6332165399238451,313.38539807021317,115.25524010652146,0.1772188621164131,0.4818679272072408,31.98008818890123,8.98266426257054,0.27207564354577674,0.9686439145790872,12.149210089498691,4.284133605646413,0.15075631542919454,0.42752404968277374,sign,sign,0.4888353943824768,0.4366442859172821,0.16747776931329209,0.1754152476787567,43.65585978866495,11.837594936928664,0.263672899229537,0.9723991385214616
adamw,225,L0.o,o,0,adam,0.13050547242164612,0.5186445713043213,0.8916798830032349,-0.08494871017660288,0.8440113663673401,0.5186445713043213,1.0000001192092896,0.8916798830032349,0.8174031972885132,0.13050545752048492,0.4579343497753144,3324.043186343436,982.1783473528824,0.6390916257617517,2.1629148817910617,3.8020824899417134,1.1677283080491256,0.2630137883264652,0.8563636869264114,160.5805191601309,47.90676059017431,0.35538253837191364,1.191220441732635,149.1364622030146,42.66700730198122,0.35077809848574637,1.2260950072313996,18.723020294943634,4.139978227951492,0.44610053024226454,2.0174862816715518,6.906527123410119,1.872135225491801,0.2652182506117435,0.9784213322476213,sign,sign,0.3514940142631531,0.39842158555984497,0.0834661305118052,0.17262786626815796,26.69203393812592,6.121729581677524,0.4783724972605931,2.0858051244476585
adamw,225,L0.up,up,0,adam,0.32859379053115845,0.5631840825080872,0.8909236788749695,-0.11675087586075084,0.9769085645675659,0.5631840825080872,1.0000005960464478,0.8909236788749695,0.9453538656234741,0.328593909740448,0.6249539852142335,3850.5856301859344,917.771574163818,2.396312897310361,10.053926562521195,1.0447338437272389,0.2845174535080959,0.9571821589303561,3.514724962270172,151.69026667871262,37.27894541801328,1.50356688524432,6.118103911860797,53.86835305540411,13.529910580233894,1.1231575492511308,4.471769938250133,10.998442015870058,2.0513535375704395,1.9120899299231375,10.251772714076372,2.4787081305220644,0.5800680828845092,1.0085154574021047,4.309520792092065,sign,spectral,0.18325409293174744,0.21063795685768127,0.1538509330005268,,,,,
adamw,225,L0.down,down,0,adam,0.20726312696933746,0.5562989711761475,0.9236577749252319,-0.09832316097404359,0.9674351215362549,0.5562989711761475,1.0000003576278687,0.9236577749252319,0.8783236145973206,0.20726308226585388,0.5362532734870912,4802.541521749487,1333.2468118220656,1.8978289521232026,6.836245369523076,1.417137550243531,0.45179990110600504,0.7056480561509512,2.213370023277717,65.53410525015671,18.438361564666998,0.9020356251079431,3.2060385293937292,206.69440152943983,58.87505504615066,1.087841971882766,3.819119067670666,9.142217360824773,1.7751121427005134,1.4509439418111232,7.472679936845628,2.8538304482430186,0.7453513927296538,0.7516265600848894,2.8778570534669083,sign,spectral,0.13748174905776978,0.20530901849269867,0.03518827679999047,,,,,
adamw,225,L1.q,q,1,adam,0.0991252213716507,0.5658975839614868,0.8545053005218506,-0.030616468402005492,0.6668174862861633,0.5658975839614868,0.9999998211860657,0.8545053005218506,0.9038504362106323,0.09912344068288803,0.43005666136741644,305.02652328491314,51.1202814411577,7.599065415505446,45.34240498214591,0.2912043840774369,0.05035249551097341,3.4340136202075393,19.859985310323577,11.901447600220626,2.027810776951957,4.595099778650845,26.96915306644221,11.030320960990098,1.9142985895823046,5.244310489428233,30.218079996654243,1.0099380210308195,0.1849575643486015,6.281587145786732,34.29983365801419,0.46053847364102535,0.08179037891943675,3.7352496416474583,21.032133502241436,sign,sign,1.1108752489089966,0.9709887504577637,0.0900705965351231,0.11904212832450867,1.2936837985918817,0.23582335103278912,6.1017185261029745,33.47291252633335
adamw,225,L1.k,k,1,adam,0.06845035403966904,0.4351307451725006,0.7064884305000305,0.0033124916868110255,0.6632065176963806,0.4351307451725006,0.9999994039535522,0.7064884305000305,0.7815822958946228,0.06844784319400787,0.3697837889194489,541.0727060348279,77.88284484288644,3.2940037676042735,22.88431471426087,0.5949296009669404,0.07406955455204632,1.6808701438426514,13.500815686030412,20.36726271156677,2.8779269328599737,2.219996874018999,15.711051950533282,20.063570647399427,2.577824633397119,2.4931388244065844,19.404449119309035,1.559903335457899,0.21896661410420423,2.808392756427682,20.006799876544424,0.86209706439147,0.1116429919593708,1.715741271372666,13.248798579708005,sign,sign,0.9569878578186035,0.15659025311470032,0.0900705965351231,0.05369124934077263,1.8104204307834917,0.26476221696930136,2.776624571542384,18.98631122853396
adamw,225,L1.v,v,1,adam,0.06771260499954224,0.45716655254364014,0.69732266664505,-0.035244158823824145,0.6820730566978455,0.45716655254364014,1.0000001192092896,0.69732266664505,0.8467822670936584,0.06771177053451538,0.36493843793869024,758.9362946569712,217.00733085678155,2.467340424225091,8.628990513019032,0.6922707351847447,0.20353687032513468,1.4445217288326102,4.9131153368520675,26.18549653455974,7.565266135811525,1.7043270730567246,5.89915144611048,25.527790443718548,7.214106334615385,2.122943825219676,7.5122354149335475,1.821756860989596,0.4404772385952252,2.3788065738112847,9.838436171250638,0.9826331557048522,0.27247746795928995,1.4855539707213437,5.3573405432477275,sign,spectral_head,0.23472103476524353,0.19114993512630463,0.0900705965351231,0.06280682981014252,2.472427581945841,0.5827174112570686,2.4232814290845166,10.281806804366386
adamw,225,L1.o,o,1,adam,0.10217943787574768,0.49631524085998535,0.8573299646377563,-0.11566569539359195,0.757132887840271,0.49631524085998535,1.0,0.8573299646377563,0.775993824005127,0.10217923671007156,0.42048040032386785,481.6928989611816,71.60220701351932,4.220338790434042,28.391683878943336,0.5312956836510927,0.07866379911518742,1.8821910863795202,12.71232779560646,21.691147222556168,3.0539243904924964,2.5295627369934204,17.966757103625557,18.994137237702788,2.926460694436936,2.614680736208822,16.970535374261576,1.867753718646104,0.2618656571803644,3.5012560589563106,24.9726676436371,0.8403989447788259,0.12179267291729894,2.0013368333292423,13.809708930675738,sign,sign,0.5694809556007385,0.6502923965454102,0.05270149087242808,0.1255311667919159,2.564415116455263,0.3781992630459282,3.2569385043749723,22.083973053564883
adamw,225,L1.up,up,1,adam,0.1678806096315384,0.39655059576034546,0.6426501870155334,-0.11718968947338793,0.9211278557777405,0.39655059576034546,0.9999998211860657,0.6426501870155334,0.9091339707374573,0.16788068413734436,0.509545922279358,576.2010472438914,107.74600834994601,11.275725707224284,60.300006101717976,0.2270372469120008,0.043125620596664076,4.4045628406235195,23.188067959384203,27.053553158036394,5.045310917205876,6.081214061418233,32.60818819211401,10.564415368075245,1.931135637648109,5.507600004352919,30.129719007236115,1.5105956729785601,0.24768996314818248,7.112664336517842,43.37826141007125,0.45647088773600647,0.0816140916318239,4.4650875921868,24.973413981241748,sign,sign,0.12985007464885712,0.14789938926696777,0.09024627641125946,,,,,
adamw,225,L1.down,down,1,adam,0.1715385615825653,0.43966013193130493,0.926154375076294,-0.04153791126553508,0.9379156827926636,0.43966013193130493,1.0,0.926154375076294,0.6851512789726257,0.1715386062860489,0.4978775084018708,818.2830801911009,220.6868519498316,8.80305578343405,32.6407828011432,0.27014905142449885,0.06874384041882368,3.7016602306282005,14.546757846339007,10.320772843376153,2.397173595255146,5.743162930179657,24.726569707845428,36.232004779112046,9.956072818575654,4.8409887470016715,17.61726040108305,1.4734602329762023,0.2497732573109663,7.450807083615056,43.95373651878211,0.5131340586829581,0.11046734834167998,3.8810699961214574,18.02803479072058,sign,spectral,0.0,0.01691911555826664,0.009471650432433405,,,,,
adamw,225,head,head,2,adam,0.1626960188150406,0.31831459632286657,0.5387200575608474,-0.12391574849282538,0.87049800157547,0.31831459632286657,1.0,0.5387200575608474,0.8827652931213379,0.16269569098949432,0.5041897892951966,6821.801110709061,952.2135204442836,0.1941113056820691,1.3906426366276392,10.400345304583508,2.3582736153383608,0.09615065372486169,0.4240390061169903,217.73289616808842,29.205938344202735,0.16082458993436768,1.198961777182748,487.1203639627587,105.74141007111389,0.11598155802840739,0.5342937901222418,66.71095598881757,10.181416053100191,0.15608451351314218,1.0227012683899368,20.883396478242176,4.037328591902704,0.09657241880918692,0.4995283551851418,sign,sign,0.0,0.3156198263168335,0.08859765395863378,,,,,
adamw,250,embed,embed,-1,adam,0.09967269003391266,0.13980762775127703,0.251506101168119,-0.1911122970546506,0.9211077690124512,0.13980762775127703,1.0000003576278687,0.251506101168119,0.6202666759490967,0.09967270493507385,0.3715221285820008,10419.739856513652,1555.1991926544438,0.05581710670845005,0.37397121487224216,35.21798934979877,5.212429335504772,0.028394589699470806,0.1918491922406136,437.23070068957645,65.08967719815159,0.03738963560917548,0.25115958904143987,1480.467349869772,223.7404343708459,0.026813875540202967,0.1774246455378959,143.8847131754089,21.204950419334605,0.04433448091002121,0.30082853028991957,59.93376278987651,9.013948317942157,0.024795515001087502,0.16486543542411503,sign,sign,11.136940002441406,nan,nan,,,,,
adamw,250,pos,pos,-1,adam,0.13788053393363953,0.332669734954834,0.6243049502372742,-0.21249495950867503,0.9657366275787354,0.332669734954834,1.000000238418579,0.6243049502372742,0.6490565538406372,0.13788050413131714,0.41180837154388433,15678.468954689353,1899.8190811338236,0.08690996795114031,0.7172342081972263,21.94566633121175,4.191690180338291,0.045567093900281824,0.23856730707560878,498.87007359880187,61.05676926858405,0.08009202982842847,0.6543994596147774,860.7563662626419,153.90975076150346,0.048259439109539885,0.2698959568206308,95.95373212773417,12.738023834140128,0.09196466903790237,0.692756846193662,37.68338130403841,6.487118606941106,0.04371244917856032,0.253923658551052,spectral,sign,0.07246841490268707,0.0,nan,,,,,
adamw,250,L0.q,q,0,adam,0.16278056800365448,0.525661289691925,0.808411180973053,-0.11232938623427013,0.9014363288879395,0.525661289691925,1.0,0.808411180973053,0.9144003391265869,0.16278046369552612,0.4869294464588166,2353.0064641450385,346.72214967895104,0.9150457830809461,6.209896438897272,2.635459565142915,0.40844981361504956,0.3794404639047354,2.4482812004474725,107.43075208750713,15.61449288078421,0.4815968852208372,3.3134803657918686,99.8813678269907,15.283057765903381,0.5859112963437753,3.8291827853103944,14.752727564006674,1.905680699929195,0.7061715406208239,5.466790083260518,4.896796990684797,0.7156395379282077,0.3977534272996043,2.721646419193037,sign,sign,0.7325796484947205,0.506298840045929,0.17247379626073275,0.17815257608890533,19.173360841517987,2.4388615098506423,0.6744762892080346,5.302464785229095
adamw,250,L0.k,k,0,adam,0.056160300970077515,0.3150961995124817,0.5487305521965027,-0.19570205753456393,0.8143295049667358,0.3150961995124817,0.9999997615814209,0.5487305521965027,0.6362504959106445,0.05616025999188423,0.31814944744110113,11221.389857088376,1872.7365779414188,0.11501552389144129,0.6891700885245898,18.403679890773066,2.969677988643341,0.054336946062769995,0.3367367658734804,544.8075810187897,90.08359739060072,0.06446084189009288,0.3898462800980509,541.5618623614916,89.084210538419,0.07518999133491548,0.45709594879016274,44.6202415000806,6.888490569656346,0.08055219841924725,0.5217773778571834,26.05490964458249,4.221610331135494,0.04884290329523912,0.3014483413475641,sign,sign,15.848782539367676,7.709157466888428,0.17247379626073275,0.04215028136968613,57.61804329629996,8.9319897805711,0.07314970964365039,0.4718705731759283
adamw,250,L0.v,v,0,adam,0.12980927526950836,0.4800182580947876,0.7640037536621094,-0.09120254685581197,0.8209946751594543,0.4800182580947876,1.0,0.7640037536621094,0.8855249881744385,0.12980927526950836,0.45498275756835943,9865.159427794679,1541.408246488446,0.19930289008981347,1.2755574583407343,10.574699107346467,1.8032304686560447,0.09456533844119298,0.5545602835478397,385.1264730222228,61.07018046182977,0.1269615143583068,0.8006565538959926,469.93520872390565,77.1084262030661,0.12059875104285003,0.7349858119774532,47.73777872204,6.51151350435993,0.17402970838407042,1.2758618567460904,18.071350279338933,2.878958280398961,0.10070806905533752,0.6321490673364866,sign,spectral,4.264623641967773,2.2013392448425293,0.17247379626073275,0.14243070781230927,68.68076353811435,9.408312602178945,0.1647633329532671,1.2027737585690088
adamw,250,L0.o,o,0,adam,0.14998522400856018,0.5062955617904663,0.8934201002120972,-0.03511941871075175,0.8457815051078796,0.5062955617904663,0.9999998807907104,0.8934201002120972,0.807593584060669,0.14998523890972137,0.48086568713188177,6592.617536847364,820.1184111916062,0.3145619489531997,2.528642928623689,7.796600014765037,1.0270143319551317,0.12826102132941689,0.9736961303032707,316.5704677968004,41.70416801453916,0.18061977420545772,1.371059276224865,306.9558611957012,37.35160685422704,0.16838248072067327,1.383768831729218,42.4972649538252,4.6944972571644445,0.22587466041995607,2.0447461707582635,14.119310378090976,1.7471143525985962,0.13622916860352813,1.1009364734492684,sign,sign,1.4527926445007324,1.1855887174606323,0.08147547904978683,0.18596413731575012,63.138562963544324,7.090536533910398,0.23014674270933075,2.0493702466537975
adamw,250,L0.up,up,0,adam,0.30266860127449036,0.5662617087364197,0.8797081112861633,-0.13552780703109357,0.9773192405700684,0.5662617087364197,1.000000238418579,0.8797081112861633,0.9331867098808289,0.30266863107681274,0.5965309739112855,6155.945727558803,816.4754448819904,1.5071009795300179,11.363026156014339,1.7234907130538295,0.23532477913339137,0.5802179442247718,4.249447262210069,235.1703939531085,31.13467601355611,0.9576259694243755,7.233262244039505,88.03969087224165,11.62152932264487,0.6783752741594828,5.1390783238828375,13.64548273026266,1.4128698046436408,1.4195754574483381,13.710245859349927,3.825392763035628,0.46849562908310133,0.6237590041593282,5.093159961938847,sign,spectral,1.0183719396591187,0.5466955900192261,0.15634281818951795,,,,,
adamw,250,L0.down,down,0,adam,0.18164905905723572,0.5032566785812378,0.8713034391403198,-0.049803904547150224,0.9610533118247986,0.5032566785812378,0.9999997019767761,0.8713034391403198,0.8039593696594238,0.18164896965026855,0.49878296256065374,7409.756675486452,1101.9006730492572,1.1127703355162726,7.48284997327197,2.1460689181608474,0.35313336223583364,0.4659681213004858,2.831790504429725,88.6938783128807,13.51895987108308,0.6287178006611325,4.124830655371488,304.9347755546713,45.75277757793149,0.6749430210393057,4.498384787289617,11.953299088101426,1.3618889373057803,0.9725796936293623,8.536331889122012,4.161736363857282,0.5899696922681013,0.4793989036810198,3.3817531245926484,sign,spectral,0.7997826337814331,0.6622444987297058,0.03674905576246306,,,,,
adamw,250,L1.q,q,1,adam,0.10353202372789383,0.611349880695343,0.9091678261756897,-0.03468953594893498,0.6560147404670715,0.611349880695343,1.0000005960464478,0.9091678261756897,0.9080616235733032,0.10353050380945206,0.4383395612239838,368.60872101404334,46.95157078155224,6.793352865985836,53.333446988998446,0.3453269014793587,0.04644344726638138,2.895808556363574,21.531575602276828,12.266554526426246,1.5552879336538692,4.743527675182995,37.41219848503863,13.973519881375237,1.8606861889867254,4.159005347403691,31.233608468034916,1.2506469146544783,0.15360043663016204,5.298100731422729,43.13824542853762,0.571529949379311,0.07433050673269503,3.067833911513899,23.58868568536799,sign,sign,1.2916362285614014,1.4681129455566406,0.09497727701867911,0.11744659394025803,1.5345452478521953,0.1957570998421637,5.507428902025657,43.172885460101085
adamw,250,L1.k,k,1,adam,0.08629487454891205,0.49896857142448425,0.8161501884460449,-0.04117171168846012,0.6527122855186462,0.49896857142448425,0.9999997615814209,0.8161501884460449,0.7989730834960938,0.08629312366247177,0.4096235930919648,425.986650915919,65.08269467956666,4.797744868672156,31.40274505561231,0.42855276323244007,0.07888561308426717,2.3334344038263435,12.676579701715715,19.511895243971694,3.077781469091627,2.677013760448757,16.97118934047096,15.864052061691691,2.7297868204115137,3.223279723547327,18.731967258909084,1.7551459127906628,0.26616467061757293,3.146673434503659,20.749827558411575,0.7127336901012689,0.12060024370522707,2.2988868867928414,13.586159394122882,sign,sign,2.247438907623291,1.9879313707351685,0.09497727701867911,0.0865703821182251,2.1488815358724556,0.3229134074657027,3.044695655799959,20.261438905396094
adamw,250,L1.v,v,1,adam,0.06874067336320877,0.366933673620224,0.6466171145439148,-0.16351302695787406,0.6805021166801453,0.366933673620224,1.0000001192092896,0.6466171145439148,0.7029027342796326,0.06873983889818192,0.3607983589172364,1010.2591457477014,134.00249421717456,1.487697818400925,11.21591307630906,1.2435889160570384,0.1829162041887298,0.8041243422946556,5.466984861425981,38.927581970819475,5.4802822298847715,1.0630892861989745,7.551343816772859,44.07566218039973,5.914515129996045,1.0206488744235243,7.605995420613045,3.621590010765536,0.4671484178129213,1.2147711591228436,9.417570364130373,1.8885266523497766,0.26359647297977046,0.7641901340779433,5.475010417835531,sign,sign,4.53894567489624,3.404146671295166,0.09497727701867911,0.06765961647033691,4.513804423507279,0.5734119918611688,1.3119142443608043,10.327172091810285
adamw,250,L1.o,o,1,adam,0.1067381203174591,0.4789673984050751,0.8587822914123535,-0.04455992096379646,0.7444727420806885,0.4789673984050751,1.000000238418579,0.8587822914123535,0.7640465497970581,0.10673752427101135,0.43079337477684027,882.1128186164492,91.63371690014453,2.224035772367818,21.409700820114754,1.1223654646935748,0.11573151252539911,0.8909755956288236,8.64069099761496,42.61268687803075,4.354179348421736,1.289805235884496,12.622830217205633,40.38376786932555,4.15960850088847,1.210857276746435,11.755668634816754,4.208883094122206,0.41124683745434376,1.6230528497827257,16.611044944694026,1.762960269804254,0.17861418372530363,0.9774315688132501,9.647459044575792,sign,sign,3.0912771224975586,1.441497564315796,0.051457895574432796,0.11478065699338913,5.196804060833696,0.5234137044796043,1.7577173959952515,17.45180308258836
adamw,250,L1.up,up,1,adam,0.14883802831172943,0.3878927230834961,0.6140314936637878,-0.14954929885780333,0.9081968665122986,0.3878927230834961,1.0000008344650269,0.6140314936637878,0.894942581653595,0.14883814752101898,0.4802443087100983,1018.4107595577226,116.49621012587936,6.240344885751171,54.55314269994608,0.31922506969969455,0.03686538325173105,3.132588663558787,27.12574090540808,35.72274934051039,4.035875079344562,4.400334948454552,38.94869372504417,15.526233801951394,1.7957634220076448,3.6890031385867306,31.89525108034317,1.5917990844816317,0.16992811695036925,5.9841965441413,56.05687128931353,0.6009686231257487,0.06724600186392951,3.1964670474541808,28.566403163453653,sign,spectral,0.042175114154815674,0.2609878480434418,0.09401221763204658,,,,,
adamw,250,L1.down,down,1,adam,0.16492445766925812,0.4420134723186493,0.88303542137146,-0.13062785887228623,0.9272978901863098,0.4420134723186493,0.9999998807907104,0.88303542137146,0.7212792038917542,0.16492441296577454,0.48942494392395025,1338.0419435078215,182.63996462329334,5.412348069959002,39.651500948358894,0.3834519524311797,0.05039271311763793,2.6078883532877204,19.844136561099365,14.381859708070603,1.7833377697292343,3.929552096524734,31.69016432392056,54.90577178473058,7.586350454996962,3.3629884471934504,24.339433999475443,2.149150124194582,0.2164456714610497,4.9113219374617385,48.76590084064081,0.7325130333034509,0.08564733469064023,2.672581917306294,22.857700056507756,sign,spectral,0.0,0.0,0.01229976767630391,,,,,
adamw,250,head,head,2,adam,0.15723413228988647,0.3680035224327674,0.6002273559570312,-0.03358598076210895,0.8655565977096558,0.3680035224327674,0.9999997615814209,0.6002273559570312,0.8956645727157593,0.1572340577840805,0.4887553453445435,9419.454263701246,803.8399720627715,0.16252477165474005,1.904476894066131,12.830312675817275,1.9175808263858374,0.07794040463770086,0.5214902797428214,288.7873820814433,23.86642894711199,0.1350986246559905,1.6347136902493364,662.0511076758511,92.49646670250306,0.08658324408676084,0.6197267279211367,79.32572161510676,7.442351756909844,0.12685648934944843,1.3521240177691327,25.607168008946335,3.169688473614917,0.07634664562263001,0.6167866014758673,sign,sign,0.49573472142219543,0.32878029346466064,0.09262127925172024,,,,,
adamw,275,embed,embed,-1,adam,0.0666806548833847,0.0874757326566256,0.17087386204646185,-0.17629997481389115,0.8995435237884521,0.0874757326566256,1.0000007152557373,0.17087386204646185,0.5204451084136963,0.0666806623339653,0.32132127881050115,18479.380038810727,6431.7331485448985,0.019692167544976897,0.05657869184667436,67.6188497029961,32.05558251704471,0.014788786257797412,0.031195836629205328,934.4587344702089,334.37873153471935,0.011885812206910363,0.03321623053608233,2530.3586511610647,1160.1825110920706,0.013163543801663386,0.028709695776333973,239.22422411540668,89.25043485994293,0.01783917329089139,0.047815592115273066,109.66309090895928,49.775427627792425,0.011720311559941242,0.025821688598844206,sign,sign,4.582043647766113,nan,nan,,,,,
adamw,275,pos,pos,-1,adam,0.1328604817390442,0.3559592664241791,0.6961798667907715,-0.19046354841341406,0.9684835076332092,0.3559592664241791,1.0000003576278687,0.6961798667907715,0.6332333087921143,0.1328604817390442,0.4044343531131745,17887.523841637918,3809.2779636690616,0.08150983714579531,0.3827521039890448,21.042818046540248,4.658469464389859,0.047522169103785206,0.21466285553056497,568.0480417985924,124.31357515371225,0.0784361677113342,0.3584122765314811,952.2271388292313,199.95382803578124,0.042560151995377285,0.2026814498167203,117.0059038908628,19.2756982465692,0.07267214383947451,0.44112902001554927,40.05699480412619,8.00829648995817,0.04038589363911412,0.20200769710393643,sign,spectral,0.13006651401519775,0.0,nan,,,,,
adamw,275,L0.q,q,0,adam,0.16642630100250244,0.5506723523139954,0.8510805368423462,-0.1348543322662349,0.9028632044792175,0.5506723523139954,1.0000001192092896,0.8510805368423462,0.916562557220459,0.16642628610134125,0.4942456781864167,3138.3176550783915,749.4588186479358,0.7187143568555631,3.009576909305392,3.267029510242046,0.8721094489587753,0.3060884868270449,1.1466452065198982,122.62839870683008,29.2753780858356,0.4441805889362589,1.8605790230345185,131.22872723453546,32.5673202622338,0.4470058111382172,1.801192213230192,17.41839446704262,3.0073682642946857,0.611496216292446,3.541728639270546,6.097102708137112,1.3757749202476715,0.32424943638570575,1.4369953163147617,sign,spectral,0.4928882122039795,0.6835691332817078,0.17941272624898638,0.16693635284900665,22.69969557443312,4.1609017847898535,0.5839310616054779,3.185621295689715
adamw,275,L0.k,k,0,adam,0.04388446360826492,0.28478512167930603,0.4792107939720154,-0.20048603496464756,0.8021841049194336,0.28478512167930603,1.0,0.4792107939720154,0.6403489112854004,0.04388406500220299,0.29553878307342535,20995.44235873798,8977.664467932926,0.055558717862068126,0.12993132708010585,31.8677798374983,15.264440531365247,0.0313796569795338,0.06551173611277847,922.7619246802088,399.3867808571849,0.033236623655487046,0.07679145200645979,956.9513840072374,444.66245988115855,0.04282592721758964,0.0921650330752424,71.40326558416237,27.578840316785822,0.03933440150498666,0.10183911596693156,42.55030409351139,19.703154071886924,0.027782541965690192,0.05999829290365221,sign,sign,3.8035778999328613,2.4052910804748535,0.17941272624898638,0.031476058065891266,85.2649092244266,32.30078141480258,0.03698791997267206,0.09763762673013696
adamw,275,L0.v,v,0,adam,0.12510435283184052,0.47558778524398804,0.7389029860496521,-0.027135974414435826,0.8134211301803589,0.47558778524398804,0.9999998211860657,0.7389029860496521,0.8765421509742737,0.12510426342487335,0.44391107559204107,14515.0552336013,4015.063334474495,0.13420600452486592,0.4851748045001479,17.19200488705118,5.462579971063942,0.05816656217561071,0.1830636487672869,562.5023636936653,153.43666130343192,0.08407038647206719,0.30820398922561804,760.6410431356604,233.65380039695498,0.07375186780757018,0.24009323865927842,61.11597672338144,13.308421048780993,0.13100794604783986,0.6016249825497653,27.56038276908856,7.875657039384582,0.06442743968005252,0.22545990633352464,sign,spectral,0.5207480192184448,0.01681034453213215,0.17941272624898638,0.14708329737186432,88.90054136733387,19.26420614504328,0.11992510228904295,0.5534308778029772
adamw,275,L0.o,o,0,adam,0.1476748138666153,0.5136332511901855,0.914949893951416,-0.19156138873576667,0.8417666554450989,0.5136332511901855,1.0000001192092896,0.914949893951416,0.7984340190887451,0.14767484366893768,0.48106506466865545,9049.076682880454,1982.8502444361577,0.2324924266422855,1.0610190067446306,10.981428192640218,2.4129724408239586,0.09106284735163066,0.4144266640972572,475.930465322121,99.9535945722096,0.1230364464549627,0.5858397935912887,398.0908693063916,84.76266783577573,0.12836209308370403,0.6028571130003064,51.798504214576724,7.754724835309156,0.18246067407005032,1.218765358608011,19.413177781525224,3.7246496701312983,0.09912132483935716,0.5166284272257263,sign,spectral,0.8934751152992249,0.6024964451789856,0.09693047551577298,0.17838041484355927,73.99078152669436,11.89670762807545,0.18147744629795892,1.1286869023633308
adamw,275,L0.up,up,0,adam,0.2958109676837921,0.5466932058334351,0.8727697134017944,-0.11522922468850583,0.9751108884811401,0.5466932058334351,0.9999993443489075,0.8727697134017944,0.9172697067260742,0.2958109676837921,0.5897693037986756,10931.990289573392,1911.210642143554,0.8193404171716052,4.686569489969502,3.3051146074035587,0.6241694349638821,0.30256117052911813,1.6021280253922927,487.42497237397725,85.18305382940719,0.4583865400713061,2.622928347677134,139.68837970643548,25.366515763651215,0.42025873128345964,2.3142816213880693,24.646824730071557,3.3505183048738716,0.7681274216497311,5.650439785457425,6.83507993797691,1.1529361018017175,0.3451426281799326,2.0461476138414794,sign,spectral,0.8014153838157654,0.40303248167037964,0.152590067160769,,,,,
adamw,275,L0.down,down,0,adam,0.16553564369678497,0.49267056584358215,0.8566383123397827,-0.08963188272050204,0.9596088528633118,0.49267056584358215,0.9999996423721313,0.8566383123397827,0.7974395155906677,0.16553564369678497,0.48095902800560003,16892.187277192428,2714.6527683384966,0.477848985351934,2.9734611530894486,5.111823838414678,0.8554928033997302,0.19562482471662396,1.1689164869629887,203.11591181236417,32.52665947441675,0.2699190403181833,1.6855358919617176,716.873979524437,116.6977447072697,0.28477043639753424,1.7493441411682544,21.843309882607954,2.8070862796030687,0.48501254371165453,3.7741195795177593,8.626782064994917,1.3376365044601053,0.22300724713284362,1.438234463185497,spectral,spectral,1.9430617094039917,1.038109540939331,0.03858507366770994,,,,,
adamw,275,L1.q,q,1,adam,0.09428203105926514,0.5436824560165405,0.84500652551651,-0.06340328397460437,0.672532856464386,0.5436824560165405,1.0,0.84500652551651,0.894273579120636,0.0942804291844368,0.4215704202651978,577.5806486139355,74.95757964964858,3.8556058711244368,29.709114812036095,0.5659229051494061,0.07418807847004112,1.767025138761605,13.479254627194898,22.758921048756363,2.909364693617501,2.3762294142679408,18.58839414381327,24.44203985170935,3.142270571773936,2.341601167944994,18.214061379001528,2.165782744666004,0.2522493081213039,2.786083210021061,23.920981137302373,0.9225120757208477,0.11452235498364303,1.827924727616657,14.724484446516623,sign,sign,0.17333662509918213,0.12564700841903687,0.09612461987277576,0.08742550015449524,2.497325079001394,0.30568510575312446,2.966829504148003,24.237810695997076
adamw,275,L1.k,k,1,adam,0.06687724590301514,0.48314356803894043,0.7877146005630493,-0.04275420471553748,0.6651741862297058,0.48314356803894043,1.000000238418579,0.7877146005630493,0.773788571357727,0.06687457859516144,0.36591109633445745,898.3990207563921,112.14118129140377,2.2027584725341205,17.647005603990348,0.84517716586705,0.11225214245807873,1.1831841639885043,8.908518060508605,35.89430823334119,4.423804231266866,1.4045049735547568,11.396013883190744,32.99361697615732,4.245268398023596,1.5009711909634433,11.665332771409682,2.637910133138088,0.3011758041754531,1.6225511858277062,14.211447783291,1.3053744799904887,0.16132431504763434,1.1212455593760424,9.07268900277044,sign,sign,0.5278565287590027,0.4739125669002533,0.09612461987277576,0.058509256690740585,3.182023690249074,0.3782682899252758,1.6714068437770844,14.060010618372845
adamw,275,L1.v,v,1,adam,0.0928940400481224,0.50874263048172,0.7920829057693481,-0.1006044199917876,0.6857082843780518,0.50874263048172,1.0000001192092896,0.7920829057693481,0.8520273566246033,0.09289337694644928,0.4117302298545838,1981.0342027310166,366.0832984129278,1.051879776523002,5.692173949172268,2.1587964754083995,0.4167999306458767,0.46322111908215446,2.3992329309164733,70.90293917090723,13.593653439054211,0.7149676242199938,3.7291892276433747,92.00584990210339,16.90978423229998,0.5926769969735151,3.224745512708281,6.1474330687800665,1.0005436687365998,0.967105862977641,5.941988089922095,3.175968337020517,0.5903154909388443,0.5185573217077803,2.7899007563816256,sign,spectral,0.648662805557251,0.698555588722229,0.09612461987277576,0.11573366820812225,9.616075625172758,1.4995562457634604,0.8724416964930565,5.594631982450228
adamw,275,L1.o,o,1,adam,0.12272395193576813,0.5302382111549377,0.9032860994338989,-0.09353011595012428,0.744107723236084,0.5302382111549377,0.9999997615814209,0.9032860994338989,0.8358035087585449,0.12272360920906067,0.4635284245014191,1023.1009891155267,137.8729658311334,2.1228165508550623,15.752585721197226,1.2387661741682832,0.20371255311786843,0.8072546558294814,4.908876484419786,43.959594313167464,6.625147170956504,1.315078341076803,8.725890742050215,54.63608452713165,7.438503406314049,0.9790493777785934,7.191154139304632,6.041946907286784,0.7381173191537469,1.2999669042222053,10.641033359772042,2.1863430879047203,0.3178670798241384,0.848043341533631,5.832984337451598,sign,sign,0.0,0.0,0.06402820794094596,0.1429327428340912,8.623731469770334,1.100622508924222,1.1821766145836097,9.262734126686066
adamw,275,L1.up,up,1,adam,0.16628459095954895,0.42260292172431946,0.6781080961227417,-0.08060969549133701,0.9281073212623596,0.42260292172431946,1.0000008344650269,0.6781080961227417,0.8912890553474426,0.16628454625606537,0.5003498196601869,2142.4236653467096,239.56443565908498,3.2318193555851833,28.90214589023734,0.6634694786544532,0.06935101167990515,1.507229596292922,14.419412352347598,71.66388002636108,7.868448409094915,2.422359388628774,22.062249579824098,30.850950101421486,3.2858402802609024,1.8489705942511003,17.360095037153492,3.564078572116514,0.3648887987619211,2.9859657880982806,29.165643666079777,1.244284879469986,0.12984061402052108,1.6084735189366448,15.414277679897829,sign,spectral,0.4219193458557129,0.7748239040374756,0.09565778544418345,,,,,
adamw,275,L1.down,down,1,adam,0.1783381998538971,0.47599470615386963,0.9150633811950684,-0.1679917737271286,0.936608076095581,0.47599470615386963,0.9999994039535522,0.9150633811950684,0.7469503879547119,0.1783382147550583,0.5014777183532716,2903.551589996428,416.1552587056279,2.6859165487170125,18.73987436775729,0.8945926097598861,0.12946767261678233,1.117826587257364,7.723931262080375,36.62133500840189,4.818315929718839,1.5991786313373952,12.154465844646625,129.8937536195726,19.127527491818213,1.4721208217328243,9.997073557897128,3.869756233153394,0.40791638059793567,2.9494472628126487,27.980347131184136,1.5482546321641213,0.19954989096854484,1.2955947899801743,10.052176051104432,spectral,spectral,0.7769336700439453,0.41066959500312805,0.015598611887302076,,,,,
adamw,275,head,head,2,adam,0.13260813057422638,0.2540120344895583,0.4116102365347055,-0.07474918804423691,0.8636162281036377,0.2540120344895583,0.9999994039535522,0.4116102365347055,0.8717100024223328,0.1326076090335846,0.4506980180740357,18089.53273335716,1730.579810910036,0.05841444768377143,0.6105988621934145,32.464765293910474,4.831887162812901,0.030802606915538846,0.20695835193539555,703.2623144300272,66.03273873043904,0.03804365003752505,0.4051727353604795,1642.2474990302435,234.76274818251176,0.03397139602159436,0.2376417919237207,160.18697833640644,16.866444675088076,0.05298133151155964,0.5031836623880458,59.32968413781507,7.867467399232442,0.030386012926440838,0.22914522013897165,sign,sign,1.106549859046936,0.6255902051925659,0.09608759358686092,,,,,
